INFO:apscheduler.scheduler:Adding job tentatively -- it will be properly scheduled when the scheduler starts
INFO:apscheduler.scheduler:Added job "daily_check" to job store "default"
INFO:apscheduler.scheduler:Scheduler started
INFO:aiogram.dispatcher:Start polling
INFO:aiogram.dispatcher:Run polling for bot @JokiJoya_Avenue_Sever_bot id=8802005800 - 'Joki Joya Avenue Sever'
INFO:aiogram.event:Update id=636335541 is handled. Duration 619 ms by bot id=8802005800
INFO:aiogram.event:Update id=636335542 is not handled. Duration 2 ms by bot id=8802005800
INFO:aiogram.event:Update id=636335543 is handled. Duration 2022 ms by bot id=8802005800
INFO:aiogram.event:Update id=636335544 is handled. Duration 125 ms by bot id=8802005800
ERROR:aiogram.dispatcher:Failed to fetch updates - TelegramConflictError: Telegram server says - Conflict: terminated by other getUpdates request; make sure that only one bot instance is running
WARNING:aiogram.dispatcher:Sleep for 1.000000 seconds and try again... (tryings = 0, bot id = 8802005800)
ERROR:aiogram.dispatcher:Failed to fetch updates - TelegramConflictError: Telegram server says - Conflict: terminated by other getUpdates request; make sure that only one bot instance is running
WARNING:aiogram.dispatcher:Sleep for 1.161212 seconds and try again... (tryings = 1, bot id = 8802005800)
ERROR:aiogram.dispatcher:Failed to fetch updates - TelegramConflictError: Telegram server says - Conflict: terminated by other getUpdates request; make sure that only one bot instance is running
WARNING:aiogram.dispatcher:Sleep for 1.677688 seconds and try again... (tryings = 2, bot id = 8802005800)
ERROR:aiogram.dispatcher:Failed to fetch updates - TelegramConflictError: Telegram server says - Conflict: terminated by other getUpdates request; make sure that only one bot instance is running
WARNING:aiogram.dispatcher:Sleep for 2.311340 seconds and try again... (tryings = 3, bot id = 8802005800)
ERROR:aiogram.dispatcher:Failed to fetch updates - TelegramConflictError: Telegram server says - Conflict: terminated by other getUpdates request; make sure that only one bot instance is running
WARNING:aiogram.dispatcher:Sleep for 2.947410 seconds and try again... (tryings = 4, bot id = 8802005800)
ERROR:aiogram.dispatcher:Failed to fetch updates - TelegramConflictError: Telegram server says - Conflict: terminated by other getUpdates request; make sure that only one bot instance is running
WARNING:aiogram.dispatcher:Sleep for 3.889914 seconds and try again... (tryings = 5, bot id = 8802005800)
ERROR:aiogram.dispatcher:Failed to fetch updates - TelegramConflictError: Telegram server says - Conflict: terminated by other getUpdates request; make sure that only one bot instance is running
WARNING:aiogram.dispatcher:Sleep for 5.111842 seconds and try again... (tryings = 6, bot id = 8802005800)
ERROR:aiogram.dispatcher:Failed to fetch updates - TelegramConflictError: Telegram server says - Conflict: terminated by other getUpdates request; make sure that only one bot instance is running
WARNING:aiogram.dispatcher:Sleep for 4.875940 seconds and try again... (tryings = 7, bot id = 8802005800)
ERROR:aiogram.dispatcher:Failed to fetch updates - TelegramConflictError: Telegram server says - Conflict: terminated by other getUpdates request; make sure that only one bot instance is running
WARNING:aiogram.dispatcher:Sleep for 4.957217 seconds and try again... (tryings = 8, bot id = 8802005800)
ERROR:aiogram.dispatcher:Failed to fetch updates - TelegramConflictError: Telegram server says - Conflict: terminated by other getUpdates request; make sure that only one bot instance is running
WARNING:aiogram.dispatcher:Sleep for 5.098457 seconds and try again... (tryings = 9, bot id = 8802005800)
ERROR:aiogram.dispatcher:Failed to fetch updates - TelegramConflictError: Telegram server says - Conflict: terminated by other getUpdates request; make sure that only one bot instance is running
WARNING:aiogram.dispatcher:Sleep for 4.868515 seconds and try again... (tryings = 10, bot id = 8802005800)
ERROR:aiogram.dispatcher:Failed to fetch updates - TelegramConflictError: Telegram server says - Conflict: terminated by other getUpdates request; make sure that only one bot instance is running
WARNING:aiogram.dispatcher:Sleep for 4.941609 seconds and try again... (tryings = 11, bot id = 8802005800)
ERROR:aiogram.dispatcher:Failed to fetch updates - TelegramConflictError: Telegram server says - Conflict: terminated by other getUpdates request; make sure that only one bot instance is running
WARNING:aiogram.dispatcher:Sleep for 4.999378 seconds and try again... (tryings = 12, bot id = 8802005800)
ERROR:aiogram.dispatcher:Failed to fetch updates - TelegramConflictError: Telegram server says - Conflict: terminated by other getUpdates request; make sure that only one bot instance is running
WARNING:aiogram.dispatcher:Sleep for 5.060268 seconds and try again... (tryings = 13, bot id = 8802005800)
ERROR:aiogram.dispatcher:Failed to fetch updates - TelegramConflictError: Telegram server says - Conflict: terminated by other getUpdates request; make sure that only one bot instance is running
WARNING:aiogram.dispatcher:Sleep for 4.853098 seconds and try again... (tryings = 14, bot id = 8802005800)
ERROR:aiogram.dispatcher:Failed to fetch updates - TelegramConflictError: Telegram server says - Conflict: terminated by other getUpdates request; make sure that only one bot instance is running
WARNING:aiogram.dispatcher:Sleep for 4.915229 seconds and try again... (tryings = 15, bot id = 8802005800)
ERROR:aiogram.dispatcher:Failed to fetch updates - TelegramConflictError: Telegram server says - Conflict: terminated by other getUpdates request; make sure that only one bot instance is running
WARNING:aiogram.dispatcher:Sleep for 5.043036 seconds and try again... (tryings = 16, bot id = 8802005800)
ERROR:aiogram.dispatcher:Failed to fetch updates - TelegramConflictError: Telegram server says - Conflict: terminated by other getUpdates request; make sure that only one bot instance is running
WARNING:aiogram.dispatcher:Sleep for 4.975449 seconds and try again... (tryings = 17, bot id = 8802005800)
ERROR:aiogram.dispatcher:Failed to fetch updates - TelegramConflictError: Telegram server says - Conflict: terminated by other getUpdates request; make sure that only one bot instance is running
WARNING:aiogram.dispatcher:Sleep for 5.028679 seconds and try again... (tryings = 18, bot id = 8802005800)
ERROR:aiogram.dispatcher:Failed to fetch updates - TelegramConflictError: Telegram server says - Conflict: terminated by other getUpdates request; make sure that only one bot instance is running
WARNING:aiogram.dispatcher:Sleep for 5.173436 seconds and try again... (tryings = 19, bot id = 8802005800)
ERROR:aiogram.dispatcher:Failed to fetch updates - TelegramConflictError: Telegram server says - Conflict: terminated by other getUpdates request; make sure that only one bot instance is running
WARNING:aiogram.dispatcher:Sleep for 4.953100 seconds and try again... (tryings = 20, bot id = 8802005800)
ERROR:aiogram.dispatcher:Failed to fetch updates - TelegramConflictError: Telegram server says - Conflict: terminated by other getUpdates request; make sure that only one bot instance is running
WARNING:aiogram.dispatcher:Sleep for 5.005788 seconds and try again... (tryings = 21, bot id = 8802005800)
ERROR:aiogram.dispatcher:Failed to fetch updates - TelegramConflictError: Telegram server says - Conflict: terminated by other getUpdates request; make sure that only one bot instance is running
WARNING:aiogram.dispatcher:Sleep for 5.072019 seconds and try again... (tryings = 22, bot id = 8802005800)
ERROR:aiogram.dispatcher:Failed to fetch updates - TelegramConflictError: Telegram server says - Conflict: terminated by other getUpdates request; make sure that only one bot instance is running
WARNING:aiogram.dispatcher:Sleep for 5.145322 seconds and try again... (tryings = 23, bot id = 8802005800)
ERROR:aiogram.dispatcher:Failed to fetch updates - TelegramConflictError: Telegram server says - Conflict: terminated by other getUpdates request; make sure that only one bot instance is running
WARNING:aiogram.dispatcher:Sleep for 5.134482 seconds and try again... (tryings = 24, bot id = 8802005800)
ERROR:aiogram.dispatcher:Failed to fetch updates - TelegramConflictError: Telegram server says - Conflict: terminated by other getUpdates request; make sure that only one bot instance is running
WARNING:aiogram.dispatcher:Sleep for 5.029182 seconds and try again... (tryings = 25, bot id = 8802005800)
ERROR:aiogram.dispatcher:Failed to fetch updates - TelegramConflictError: Telegram server says - Conflict: terminated by other getUpdates request; make sure that only one bot instance is running
WARNING:aiogram.dispatcher:Sleep for 5.081304 seconds and try again... (tryings = 26, bot id = 8802005800)
ERROR:aiogram.dispatcher:Failed to fetch updates - TelegramConflictError: Telegram server says - Conflict: terminated by other getUpdates request; make sure that only one bot instance is running
WARNING:aiogram.dispatcher:Sleep for 4.960588 seconds and try again... (tryings = 27, bot id = 8802005800)
ERROR:aiogram.dispatcher:Failed to fetch updates - TelegramConflictError: Telegram server says - Conflict: terminated by other getUpdates request; make sure that only one bot instance is running
WARNING:aiogram.dispatcher:Sleep for 4.897737 seconds and try again... (tryings = 28, bot id = 8802005800)
ERROR:aiogram.dispatcher:Failed to fetch updates - TelegramConflictError: Telegram server says - Conflict: terminated by other getUpdates request; make sure that only one bot instance is running
WARNING:aiogram.dispatcher:Sleep for 4.903523 seconds and try again... (tryings = 29, bot id = 8802005800)
ERROR:aiogram.dispatcher:Failed to fetch updates - TelegramConflictError: Telegram server says - Conflict: terminated by other getUpdates request; make sure that only one bot instance is running
WARNING:aiogram.dispatcher:Sleep for 4.994013 seconds and try again... (tryings = 30, bot id = 8802005800)
ERROR:aiogram.dispatcher:Failed to fetch updates - TelegramConflictError: Telegram server says - Conflict: terminated by other getUpdates request; make sure that only one bot instance is running
WARNING:aiogram.dispatcher:Sleep for 4.915823 seconds and try again... (tryings = 31, bot id = 8802005800)
ERROR:aiogram.dispatcher:Failed to fetch updates - TelegramConflictError: Telegram server says - Conflict: terminated by other getUpdates request; make sure that only one bot instance is running
WARNING:aiogram.dispatcher:Sleep for 5.091708 seconds and try again... (tryings = 32, bot id = 8802005800)
ERROR:aiogram.dispatcher:Failed to fetch updates - TelegramConflictError: Telegram server says - Conflict: terminated by other getUpdates request; make sure that only one bot instance is running
WARNING:aiogram.dispatcher:Sleep for 4.955809 seconds and try again... (tryings = 33, bot id = 8802005800)
ERROR:aiogram.dispatcher:Failed to fetch updates - TelegramConflictError: Telegram server says - Conflict: terminated by other getUpdates request; make sure that only one bot instance is running
WARNING:aiogram.dispatcher:Sleep for 5.027478 seconds and try again... (tryings = 34, bot id = 8802005800)
ERROR:aiogram.dispatcher:Failed to fetch updates - TelegramConflictError: Telegram server says - Conflict: terminated by other getUpdates request; make sure that only one bot instance is running
WARNING:aiogram.dispatcher:Sleep for 5.114079 seconds and try again... (tryings = 35, bot id = 8802005800)
ERROR:aiogram.dispatcher:Failed to fetch updates - TelegramConflictError: Telegram server says - Conflict: terminated by other getUpdates request; make sure that only one bot instance is running
WARNING:aiogram.dispatcher:Sleep for 5.086619 seconds and try again... (tryings = 36, bot id = 8802005800)
ERROR:aiogram.dispatcher:Failed to fetch updates - TelegramConflictError: Telegram server says - Conflict: terminated by other getUpdates request; make sure that only one bot instance is running
WARNING:aiogram.dispatcher:Sleep for 4.931076 seconds and try again... (tryings = 37, bot id = 8802005800)
ERROR:aiogram.dispatcher:Failed to fetch updates - TelegramConflictError: Telegram server says - Conflict: terminated by other getUpdates request; make sure that only one bot instance is running
WARNING:aiogram.dispatcher:Sleep for 4.907645 seconds and try again... (tryings = 38, bot id = 8802005800)
ERROR:aiogram.dispatcher:Failed to fetch updates - TelegramConflictError: Telegram server says - Conflict: terminated by other getUpdates request; make sure that only one bot instance is running
WARNING:aiogram.dispatcher:Sleep for 5.009598 seconds and try again... (tryings = 39, bot id = 8802005800)
ERROR:aiogram.dispatcher:Failed to fetch updates - TelegramConflictError: Telegram server says - Conflict: terminated by other getUpdates request; make sure that only one bot instance is running
WARNING:aiogram.dispatcher:Sleep for 5.020034 seconds and try again... (tryings = 40, bot id = 8802005800)
ERROR:aiogram.dispatcher:Failed to fetch updates - TelegramConflictError: Telegram server says - Conflict: terminated by other getUpdates request; make sure that only one bot instance is running
WARNING:aiogram.dispatcher:Sleep for 5.003104 seconds and try again... (tryings = 41, bot id = 8802005800)
ERROR:aiogram.dispatcher:Failed to fetch updates - TelegramConflictError: Telegram server says - Conflict: terminated by other getUpdates request; make sure that only one bot instance is running
WARNING:aiogram.dispatcher:Sleep for 4.991080 seconds and try again... (tryings = 42, bot id = 8802005800)
ERROR:aiogram.dispatcher:Failed to fetch updates - TelegramConflictError: Telegram server says - Conflict: terminated by other getUpdates request; make sure that only one bot instance is running
WARNING:aiogram.dispatcher:Sleep for 4.878480 seconds and try again... (tryings = 43, bot id = 8802005800)
ERROR:aiogram.dispatcher:Failed to fetch updates - TelegramConflictError: Telegram server says - Conflict: terminated by other getUpdates request; make sure that only one bot instance is running
WARNING:aiogram.dispatcher:Sleep for 5.037359 seconds and try again... (tryings = 44, bot id = 8802005800)
ERROR:aiogram.dispatcher:Failed to fetch updates - TelegramConflictError: Telegram server says - Conflict: terminated by other getUpdates request; make sure that only one bot instance is running
WARNING:aiogram.dispatcher:Sleep for 5.035113 seconds and try again... (tryings = 45, bot id = 8802005800)
ERROR:aiogram.dispatcher:Failed to fetch updates - TelegramConflictError: Telegram server says - Conflict: terminated by other getUpdates request; make sure that only one bot instance is running
WARNING:aiogram.dispatcher:Sleep for 4.988478 seconds and try again... (tryings = 46, bot id = 8802005800)
ERROR:aiogram.dispatcher:Failed to fetch updates - TelegramConflictError: Telegram server says - Conflict: terminated by other getUpdates request; make sure that only one bot instance is running
WARNING:aiogram.dispatcher:Sleep for 5.165384 seconds and try again... (tryings = 47, bot id = 8802005800)
ERROR:aiogram.dispatcher:Failed to fetch updates - TelegramConflictError: Telegram server says - Conflict: terminated by other getUpdates request; make sure that only one bot instance is running
WARNING:aiogram.dispatcher:Sleep for 5.298997 seconds and try again... (tryings = 48, bot id = 8802005800)
ERROR:aiogram.dispatcher:Failed to fetch updates - TelegramConflictError: Telegram server says - Conflict: terminated by other getUpdates request; make sure that only one bot instance is running
WARNING:aiogram.dispatcher:Sleep for 5.036991 seconds and try again... (tryings = 49, bot id = 8802005800)
ERROR:aiogram.dispatcher:Failed to fetch updates - TelegramConflictError: Telegram server says - Conflict: terminated by other getUpdates request; make sure that only one bot instance is running
WARNING:aiogram.dispatcher:Sleep for 5.002743 seconds and try again... (tryings = 50, bot id = 8802005800)
ERROR:aiogram.dispatcher:Failed to fetch updates - TelegramConflictError: Telegram server says - Conflict: terminated by other getUpdates request; make sure that only one bot instance is running
WARNING:aiogram.dispatcher:Sleep for 4.911864 seconds and try again... (tryings = 51, bot id = 8802005800)
ERROR:aiogram.dispatcher:Failed to fetch updates - TelegramConflictError: Telegram server says - Conflict: terminated by other getUpdates request; make sure that only one bot instance is running
WARNING:aiogram.dispatcher:Sleep for 4.938333 seconds and try again... (tryings = 52, bot id = 8802005800)
ERROR:aiogram.dispatcher:Failed to fetch updates - TelegramConflictError: Telegram server says - Conflict: terminated by other getUpdates request; make sure that only one bot instance is running
WARNING:aiogram.dispatcher:Sleep for 5.062021 seconds and try again... (tryings = 53, bot id = 8802005800)
ERROR:aiogram.dispatcher:Failed to fetch updates - TelegramConflictError: Telegram server says - Conflict: terminated by other getUpdates request; make sure that only one bot instance is running
WARNING:aiogram.dispatcher:Sleep for 5.061410 seconds and try again... (tryings = 54, bot id = 8802005800)
ERROR:aiogram.dispatcher:Failed to fetch updates - TelegramConflictError: Telegram server says - Conflict: terminated by other getUpdates request; make sure that only one bot instance is running
WARNING:aiogram.dispatcher:Sleep for 5.098744 seconds and try again... (tryings = 55, bot id = 8802005800)
ERROR:aiogram.dispatcher:Failed to fetch updates - TelegramConflictError: Telegram server says - Conflict: terminated by other getUpdates request; make sure that only one bot instance is running
WARNING:aiogram.dispatcher:Sleep for 4.948154 seconds and try again... (tryings = 56, bot id = 8802005800)
ERROR:aiogram.dispatcher:Failed to fetch updates - TelegramConflictError: Telegram server says - Conflict: terminated by other getUpdates request; make sure that only one bot instance is running
WARNING:aiogram.dispatcher:Sleep for 4.931011 seconds and try again... (tryings = 57, bot id = 8802005800)
ERROR:aiogram.dispatcher:Failed to fetch updates - TelegramConflictError: Telegram server says - Conflict: terminated by other getUpdates request; make sure that only one bot instance is running
WARNING:aiogram.dispatcher:Sleep for 5.081841 seconds and try again... (tryings = 58, bot id = 8802005800)
ERROR:aiogram.dispatcher:Failed to fetch updates - TelegramConflictError: Telegram server says - Conflict: terminated by other getUpdates request; make sure that only one bot instance is running
WARNING:aiogram.dispatcher:Sleep for 5.085413 seconds and try again... (tryings = 59, bot id = 8802005800)
ERROR:aiogram.dispatcher:Failed to fetch updates - TelegramConflictError: Telegram server says - Conflict: terminated by other getUpdates request; make sure that only one bot instance is running
WARNING:aiogram.dispatcher:Sleep for 4.966564 seconds and try again... (tryings = 60, bot id = 8802005800)
ERROR:aiogram.dispatcher:Failed to fetch updates - TelegramConflictError: Telegram server says - Conflict: terminated by other getUpdates request; make sure that only one bot instance is running
WARNING:aiogram.dispatcher:Sleep for 5.015460 seconds and try again... (tryings = 61, bot id = 8802005800)
ERROR:aiogram.dispatcher:Failed to fetch updates - TelegramConflictError: Telegram server says - Conflict: terminated by other getUpdates request; make sure that only one bot instance is running
WARNING:aiogram.dispatcher:Sleep for 5.070417 seconds and try again... (tryings = 62, bot id = 8802005800)
ERROR:aiogram.dispatcher:Failed to fetch updates - TelegramConflictError: Telegram server says - Conflict: terminated by other getUpdates request; make sure that only one bot instance is running
WARNING:aiogram.dispatcher:Sleep for 4.921109 seconds and try again... (tryings = 63, bot id = 8802005800)
ERROR:aiogram.dispatcher:Failed to fetch updates - TelegramConflictError: Telegram server says - Conflict: terminated by other getUpdates request; make sure that only one bot instance is running
WARNING:aiogram.dispatcher:Sleep for 5.075809 seconds and try again... (tryings = 64, bot id = 8802005800)
ERROR:aiogram.dispatcher:Failed to fetch updates - TelegramConflictError: Telegram server says - Conflict: terminated by other getUpdates request; make sure that only one bot instance is running
WARNING:aiogram.dispatcher:Sleep for 5.117978 seconds and try again... (tryings = 65, bot id = 8802005800)
ERROR:aiogram.dispatcher:Failed to fetch updates - TelegramConflictError: Telegram server says - Conflict: terminated by other getUpdates request; make sure that only one bot instance is running
WARNING:aiogram.dispatcher:Sleep for 5.222618 seconds and try again... (tryings = 66, bot id = 8802005800)
ERROR:aiogram.dispatcher:Failed to fetch updates - TelegramConflictError: Telegram server says - Conflict: terminated by other getUpdates request; make sure that only one bot instance is running
WARNING:aiogram.dispatcher:Sleep for 5.033550 seconds and try again... (tryings = 67, bot id = 8802005800)
ERROR:aiogram.dispatcher:Failed to fetch updates - TelegramConflictError: Telegram server says - Conflict: terminated by other getUpdates request; make sure that only one bot instance is running
WARNING:aiogram.dispatcher:Sleep for 5.113839 seconds and try again... (tryings = 68, bot id = 8802005800)
ERROR:aiogram.dispatcher:Failed to fetch updates - TelegramConflictError: Telegram server says - Conflict: terminated by other getUpdates request; make sure that only one bot instance is running
WARNING:aiogram.dispatcher:Sleep for 4.997822 seconds and try again... (tryings = 69, bot id = 8802005800)
ERROR:aiogram.dispatcher:Failed to fetch updates - TelegramConflictError: Telegram server says - Conflict: terminated by other getUpdates request; make sure that only one bot instance is running
WARNING:aiogram.dispatcher:Sleep for 4.924910 seconds and try again... (tryings = 70, bot id = 8802005800)
ERROR:aiogram.dispatcher:Failed to fetch updates - TelegramConflictError: Telegram server says - Conflict: terminated by other getUpdates request; make sure that only one bot instance is running
WARNING:aiogram.dispatcher:Sleep for 5.125808 seconds and try again... (tryings = 71, bot id = 8802005800)
ERROR:aiogram.dispatcher:Failed to fetch updates - TelegramConflictError: Telegram server says - Conflict: terminated by other getUpdates request; make sure that only one bot instance is running
WARNING:aiogram.dispatcher:Sleep for 4.890297 seconds and try again... (tryings = 72, bot id = 8802005800)
ERROR:aiogram.dispatcher:Failed to fetch updates - TelegramConflictError: Telegram server says - Conflict: terminated by other getUpdates request; make sure that only one bot instance is running
WARNING:aiogram.dispatcher:Sleep for 5.022636 seconds and try again... (tryings = 73, bot id = 8802005800)
ERROR:aiogram.dispatcher:Failed to fetch updates - TelegramConflictError: Telegram server says - Conflict: terminated by other getUpdates request; make sure that only one bot instance is running
WARNING:aiogram.dispatcher:Sleep for 5.041039 seconds and try again... (tryings = 74, bot id = 8802005800)
ERROR:aiogram.dispatcher:Failed to fetch updates - TelegramConflictError: Telegram server says - Conflict: terminated by other getUpdates request; make sure that only one bot instance is running
WARNING:aiogram.dispatcher:Sleep for 4.994143 seconds and try again... (tryings = 75, bot id = 8802005800)
ERROR:aiogram.dispatcher:Failed to fetch updates - TelegramConflictError: Telegram server says - Conflict: terminated by other getUpdates request; make sure that only one bot instance is running
WARNING:aiogram.dispatcher:Sleep for 4.984056 seconds and try again... (tryings = 76, bot id = 8802005800)
ERROR:aiogram.dispatcher:Failed to fetch updates - TelegramConflictError: Telegram server says - Conflict: terminated by other getUpdates request; make sure that only one bot instance is running
WARNING:aiogram.dispatcher:Sleep for 4.990779 seconds and try again... (tryings = 77, bot id = 8802005800)
ERROR:aiogram.dispatcher:Failed to fetch updates - TelegramConflictError: Telegram server says - Conflict: terminated by other getUpdates request; make sure that only one bot instance is running
WARNING:aiogram.dispatcher:Sleep for 5.003976 seconds and try again... (tryings = 78, bot id = 8802005800)
ERROR:aiogram.dispatcher:Failed to fetch updates - TelegramConflictError: Telegram server says - Conflict: terminated by other getUpdates request; make sure that only one bot instance is running
WARNING:aiogram.dispatcher:Sleep for 5.076069 seconds and try again... (tryings = 79, bot id = 8802005800)
ERROR:aiogram.dispatcher:Failed to fetch updates - TelegramConflictError: Telegram server says - Conflict: terminated by other getUpdates request; make sure that only one bot instance is running
WARNING:aiogram.dispatcher:Sleep for 4.947723 seconds and try again... (tryings = 80, bot id = 8802005800)
ERROR:aiogram.dispatcher:Failed to fetch updates - TelegramConflictError: Telegram server says - Conflict: terminated by other getUpdates request; make sure that only one bot instance is running
WARNING:aiogram.dispatcher:Sleep for 5.026427 seconds and try again... (tryings = 81, bot id = 8802005800)
ERROR:aiogram.dispatcher:Failed to fetch updates - TelegramConflictError: Telegram server says - Conflict: terminated by other getUpdates request; make sure that only one bot instance is running
WARNING:aiogram.dispatcher:Sleep for 4.929592 seconds and try again... (tryings = 82, bot id = 8802005800)
ERROR:aiogram.dispatcher:Failed to fetch updates - TelegramConflictError: Telegram server says - Conflict: terminated by other getUpdates request; make sure that only one bot instance is running
WARNING:aiogram.dispatcher:Sleep for 4.967192 seconds and try again... (tryings = 83, bot id = 8802005800)
ERROR:aiogram.dispatcher:Failed to fetch updates - TelegramConflictError: Telegram server says - Conflict: terminated by other getUpdates request; make sure that only one bot instance is running
WARNING:aiogram.dispatcher:Sleep for 5.197710 seconds and try again... (tryings = 84, bot id = 8802005800)
ERROR:aiogram.dispatcher:Failed to fetch updates - TelegramConflictError: Telegram server says - Conflict: terminated by other getUpdates request; make sure that only one bot instance is running
WARNING:aiogram.dispatcher:Sleep for 5.111557 seconds and try again... (tryings = 85, bot id = 8802005800)
ERROR:aiogram.dispatcher:Failed to fetch updates - TelegramConflictError: Telegram server says - Conflict: terminated by other getUpdates request; make sure that only one bot instance is running
WARNING:aiogram.dispatcher:Sleep for 5.242273 seconds and try again... (tryings = 86, bot id = 8802005800)
ERROR:aiogram.dispatcher:Failed to fetch updates - TelegramConflictError: Telegram server says - Conflict: terminated by other getUpdates request; make sure that only one bot instance is running
WARNING:aiogram.dispatcher:Sleep for 5.046167 seconds and try again... (tryings = 87, bot id = 8802005800)
ERROR:aiogram.dispatcher:Failed to fetch updates - TelegramConflictError: Telegram server says - Conflict: terminated by other getUpdates request; make sure that only one bot instance is running
WARNING:aiogram.dispatcher:Sleep for 5.014400 seconds and try again... (tryings = 88, bot id = 8802005800)
ERROR:aiogram.dispatcher:Failed to fetch updates - TelegramConflictError: Telegram server says - Conflict: terminated by other getUpdates request; make sure that only one bot instance is running
WARNING:aiogram.dispatcher:Sleep for 4.947494 seconds and try again... (tryings = 89, bot id = 8802005800)
ERROR:aiogram.dispatcher:Failed to fetch updates - TelegramConflictError: Telegram server says - Conflict: terminated by other getUpdates request; make sure that only one bot instance is running
WARNING:aiogram.dispatcher:Sleep for 5.163884 seconds and try again... (tryings = 90, bot id = 8802005800)
ERROR:aiogram.dispatcher:Failed to fetch updates - TelegramConflictError: Telegram server says - Conflict: terminated by other getUpdates request; make sure that only one bot instance is running
WARNING:aiogram.dispatcher:Sleep for 4.849722 seconds and try again... (tryings = 91, bot id = 8802005800)
ERROR:aiogram.dispatcher:Failed to fetch updates - TelegramConflictError: Telegram server says - Conflict: terminated by other getUpdates request; make sure that only one bot instance is running
WARNING:aiogram.dispatcher:Sleep for 5.027964 seconds and try again... (tryings = 92, bot id = 8802005800)
ERROR:aiogram.dispatcher:Failed to fetch updates - TelegramConflictError: Telegram server says - Conflict: terminated by other getUpdates request; make sure that only one bot instance is running
WARNING:aiogram.dispatcher:Sleep for 4.956423 seconds and try again... (tryings = 93, bot id = 8802005800)
ERROR:aiogram.dispatcher:Failed to fetch updates - TelegramConflictError: Telegram server says - Conflict: terminated by other getUpdates request; make sure that only one bot instance is running
WARNING:aiogram.dispatcher:Sleep for 4.832404 seconds and try again... (tryings = 94, bot id = 8802005800)
ERROR:aiogram.dispatcher:Failed to fetch updates - TelegramConflictError: Telegram server says - Conflict: terminated by other getUpdates request; make sure that only one bot instance is running
WARNING:aiogram.dispatcher:Sleep for 5.000893 seconds and try again... (tryings = 95, bot id = 8802005800)
ERROR:aiogram.dispatcher:Failed to fetch updates - TelegramConflictError: Telegram server says - Conflict: terminated by other getUpdates request; make sure that only one bot instance is running
WARNING:aiogram.dispatcher:Sleep for 4.888215 seconds and try again... (tryings = 96, bot id = 8802005800)
ERROR:aiogram.dispatcher:Failed to fetch updates - TelegramConflictError: Telegram server says - Conflict: terminated by other getUpdates request; make sure that only one bot instance is running
WARNING:aiogram.dispatcher:Sleep for 4.983280 seconds and try again... (tryings = 97, bot id = 8802005800)
ERROR:aiogram.dispatcher:Failed to fetch updates - TelegramConflictError: Telegram server says - Conflict: terminated by other getUpdates request; make sure that only one bot instance is running
WARNING:aiogram.dispatcher:Sleep for 5.093445 seconds and try again... (tryings = 98, bot id = 8802005800)
ERROR:aiogram.dispatcher:Failed to fetch updates - TelegramConflictError: Telegram server says - Conflict: terminated by other getUpdates request; make sure that only one bot instance is running
WARNING:aiogram.dispatcher:Sleep for 4.837708 seconds and try again... (tryings = 99, bot id = 8802005800)
ERROR:aiogram.dispatcher:Failed to fetch updates - TelegramConflictError: Telegram server says - Conflict: terminated by other getUpdates request; make sure that only one bot instance is running
WARNING:aiogram.dispatcher:Sleep for 4.960847 seconds and try again... (tryings = 100, bot id = 8802005800)
ERROR:aiogram.dispatcher:Failed to fetch updates - TelegramConflictError: Telegram server says - Conflict: terminated by other getUpdates request; make sure that only one bot instance is running
WARNING:aiogram.dispatcher:Sleep for 4.947690 seconds and try again... (tryings = 101, bot id = 8802005800)
ERROR:aiogram.dispatcher:Failed to fetch updates - TelegramConflictError: Telegram server says - Conflict: terminated by other getUpdates request; make sure that only one bot instance is running
WARNING:aiogram.dispatcher:Sleep for 5.074422 seconds and try again... (tryings = 102, bot id = 8802005800)
ERROR:aiogram.dispatcher:Failed to fetch updates - TelegramConflictError: Telegram server says - Conflict: terminated by other getUpdates request; make sure that only one bot instance is running
WARNING:aiogram.dispatcher:Sleep for 4.698174 seconds and try again... (tryings = 103, bot id = 8802005800)
ERROR:aiogram.dispatcher:Failed to fetch updates - TelegramConflictError: Telegram server says - Conflict: terminated by other getUpdates request; make sure that only one bot instance is running
WARNING:aiogram.dispatcher:Sleep for 4.926039 seconds and try again... (tryings = 104, bot id = 8802005800)
ERROR:aiogram.dispatcher:Failed to fetch updates - TelegramConflictError: Telegram server says - Conflict: terminated by other getUpdates request; make sure that only one bot instance is running
WARNING:aiogram.dispatcher:Sleep for 5.031519 seconds and try again... (tryings = 105, bot id = 8802005800)
ERROR:aiogram.dispatcher:Failed to fetch updates - TelegramConflictError: Telegram server says - Conflict: terminated by other getUpdates request; make sure that only one bot instance is running
WARNING:aiogram.dispatcher:Sleep for 5.110673 seconds and try again... (tryings = 106, bot id = 8802005800)
ERROR:aiogram.dispatcher:Failed to fetch updates - TelegramConflictError: Telegram server says - Conflict: terminated by other getUpdates request; make sure that only one bot instance is running
WARNING:aiogram.dispatcher:Sleep for 5.031421 seconds and try again... (tryings = 107, bot id = 8802005800)
ERROR:aiogram.dispatcher:Failed to fetch updates - TelegramConflictError: Telegram server says - Conflict: terminated by other getUpdates request; make sure that only one bot instance is running
WARNING:aiogram.dispatcher:Sleep for 5.064690 seconds and try again... (tryings = 108, bot id = 8802005800)
ERROR:aiogram.dispatcher:Failed to fetch updates - TelegramConflictError: Telegram server says - Conflict: terminated by other getUpdates request; make sure that only one bot instance is running
WARNING:aiogram.dispatcher:Sleep for 4.877753 seconds and try again... (tryings = 109, bot id = 8802005800)
ERROR:aiogram.dispatcher:Failed to fetch updates - TelegramConflictError: Telegram server says - Conflict: terminated by other getUpdates request; make sure that only one bot instance is running
WARNING:aiogram.dispatcher:Sleep for 5.064601 seconds and try again... (tryings = 110, bot id = 8802005800)
ERROR:aiogram.dispatcher:Failed to fetch updates - TelegramConflictError: Telegram server says - Conflict: terminated by other getUpdates request; make sure that only one bot instance is running
WARNING:aiogram.dispatcher:Sleep for 5.068590 seconds and try again... (tryings = 111, bot id = 8802005800)
ERROR:aiogram.dispatcher:Failed to fetch updates - TelegramConflictError: Telegram server says - Conflict: terminated by other getUpdates request; make sure that only one bot instance is running
WARNING:aiogram.dispatcher:Sleep for 4.986821 seconds and try again... (tryings = 112, bot id = 8802005800)
ERROR:aiogram.dispatcher:Failed to fetch updates - TelegramConflictError: Telegram server says - Conflict: terminated by other getUpdates request; make sure that only one bot instance is running
WARNING:aiogram.dispatcher:Sleep for 5.020881 seconds and try again... (tryings = 113, bot id = 8802005800)
ERROR:aiogram.dispatcher:Failed to fetch updates - TelegramConflictError: Telegram server says - Conflict: terminated by other getUpdates request; make sure that only one bot instance is running
WARNING:aiogram.dispatcher:Sleep for 4.986610 seconds and try again... (tryings = 114, bot id = 8802005800)
ERROR:aiogram.dispatcher:Failed to fetch updates - TelegramConflictError: Telegram server says - Conflict: terminated by other getUpdates request; make sure that only one bot instance is running
WARNING:aiogram.dispatcher:Sleep for 5.020756 seconds and try again... (tryings = 115, bot id = 8802005800)
ERROR:aiogram.dispatcher:Failed to fetch updates - TelegramConflictError: Telegram server says - Conflict: terminated by other getUpdates request; make sure that only one bot instance is running
WARNING:aiogram.dispatcher:Sleep for 4.809581 seconds and try again... (tryings = 116, bot id = 8802005800)
ERROR:aiogram.dispatcher:Failed to fetch updates - TelegramConflictError: Telegram server says - Conflict: terminated by other getUpdates request; make sure that only one bot instance is running
WARNING:aiogram.dispatcher:Sleep for 5.210412 seconds and try again... (tryings = 117, bot id = 8802005800)
ERROR:aiogram.dispatcher:Failed to fetch updates - TelegramConflictError: Telegram server says - Conflict: terminated by other getUpdates request; make sure that only one bot instance is running
WARNING:aiogram.dispatcher:Sleep for 5.173202 seconds and try again... (tryings = 118, bot id = 8802005800)
ERROR:aiogram.dispatcher:Failed to fetch updates - TelegramConflictError: Telegram server says - Conflict: terminated by other getUpdates request; make sure that only one bot instance is running
WARNING:aiogram.dispatcher:Sleep for 4.996989 seconds and try again... (tryings = 119, bot id = 8802005800)
ERROR:aiogram.dispatcher:Failed to fetch updates - TelegramConflictError: Telegram server says - Conflict: terminated by other getUpdates request; make sure that only one bot instance is running
WARNING:aiogram.dispatcher:Sleep for 4.995690 seconds and try again... (tryings = 120, bot id = 8802005800)
ERROR:aiogram.dispatcher:Failed to fetch updates - TelegramConflictError: Telegram server says - Conflict: terminated by other getUpdates request; make sure that only one bot instance is running
WARNING:aiogram.dispatcher:Sleep for 5.008953 seconds and try again... (tryings = 121, bot id = 8802005800)
ERROR:aiogram.dispatcher:Failed to fetch updates - TelegramConflictError: Telegram server says - Conflict: terminated by other getUpdates request; make sure that only one bot instance is running
WARNING:aiogram.dispatcher:Sleep for 4.961380 seconds and try again... (tryings = 122, bot id = 8802005800)
ERROR:aiogram.dispatcher:Failed to fetch updates - TelegramConflictError: Telegram server says - Conflict: terminated by other getUpdates request; make sure that only one bot instance is running
WARNING:aiogram.dispatcher:Sleep for 4.960601 seconds and try again... (tryings = 123, bot id = 8802005800)
ERROR:aiogram.dispatcher:Failed to fetch updates - TelegramConflictError: Telegram server says - Conflict: terminated by other getUpdates request; make sure that only one bot instance is running
WARNING:aiogram.dispatcher:Sleep for 4.924041 seconds and try again... (tryings = 124, bot id = 8802005800)
ERROR:aiogram.dispatcher:Failed to fetch updates - TelegramConflictError: Telegram server says - Conflict: terminated by other getUpdates request; make sure that only one bot instance is running
WARNING:aiogram.dispatcher:Sleep for 4.975662 seconds and try again... (tryings = 125, bot id = 8802005800)
ERROR:aiogram.dispatcher:Failed to fetch updates - TelegramConflictError: Telegram server says - Conflict: terminated by other getUpdates request; make sure that only one bot instance is running
WARNING:aiogram.dispatcher:Sleep for 4.991887 seconds and try again... (tryings = 126, bot id = 8802005800)
ERROR:aiogram.dispatcher:Failed to fetch updates - TelegramConflictError: Telegram server says - Conflict: terminated by other getUpdates request; make sure that only one bot instance is running
WARNING:aiogram.dispatcher:Sleep for 5.025970 seconds and try again... (tryings = 127, bot id = 8802005800)
ERROR:aiogram.dispatcher:Failed to fetch updates - TelegramConflictError: Telegram server says - Conflict: terminated by other getUpdates request; make sure that only one bot instance is running
WARNING:aiogram.dispatcher:Sleep for 5.014144 seconds and try again... (tryings = 128, bot id = 8802005800)
ERROR:aiogram.dispatcher:Failed to fetch updates - TelegramConflictError: Telegram server says - Conflict: terminated by other getUpdates request; make sure that only one bot instance is running
WARNING:aiogram.dispatcher:Sleep for 5.013384 seconds and try again... (tryings = 129, bot id = 8802005800)
ERROR:aiogram.dispatcher:Failed to fetch updates - TelegramConflictError: Telegram server says - Conflict: terminated by other getUpdates request; make sure that only one bot instance is running
WARNING:aiogram.dispatcher:Sleep for 5.094092 seconds and try again... (tryings = 130, bot id = 8802005800)
ERROR:aiogram.dispatcher:Failed to fetch updates - TelegramConflictError: Telegram server says - Conflict: terminated by other getUpdates request; make sure that only one bot instance is running
WARNING:aiogram.dispatcher:Sleep for 4.949190 seconds and try again... (tryings = 131, bot id = 8802005800)
ERROR:aiogram.dispatcher:Failed to fetch updates - TelegramConflictError: Telegram server says - Conflict: terminated by other getUpdates request; make sure that only one bot instance is running
WARNING:aiogram.dispatcher:Sleep for 4.993583 seconds and try again... (tryings = 132, bot id = 8802005800)
ERROR:aiogram.dispatcher:Failed to fetch updates - TelegramConflictError: Telegram server says - Conflict: terminated by other getUpdates request; make sure that only one bot instance is running
WARNING:aiogram.dispatcher:Sleep for 5.198753 seconds and try again... (tryings = 133, bot id = 8802005800)
ERROR:aiogram.dispatcher:Failed to fetch updates - TelegramConflictError: Telegram server says - Conflict: terminated by other getUpdates request; make sure that only one bot instance is running
WARNING:aiogram.dispatcher:Sleep for 4.943356 seconds and try again... (tryings = 134, bot id = 8802005800)
ERROR:aiogram.dispatcher:Failed to fetch updates - TelegramConflictError: Telegram server says - Conflict: terminated by other getUpdates request; make sure that only one bot instance is running
WARNING:aiogram.dispatcher:Sleep for 4.986497 seconds and try again... (tryings = 135, bot id = 8802005800)
ERROR:aiogram.dispatcher:Failed to fetch updates - TelegramConflictError: Telegram server says - Conflict: terminated by other getUpdates request; make sure that only one bot instance is running
WARNING:aiogram.dispatcher:Sleep for 5.111218 seconds and try again... (tryings = 136, bot id = 8802005800)
ERROR:aiogram.dispatcher:Failed to fetch updates - TelegramConflictError: Telegram server says - Conflict: terminated by other getUpdates request; make sure that only one bot instance is running
WARNING:aiogram.dispatcher:Sleep for 5.222797 seconds and try again... (tryings = 137, bot id = 8802005800)
ERROR:aiogram.dispatcher:Failed to fetch updates - TelegramConflictError: Telegram server says - Conflict: terminated by other getUpdates request; make sure that only one bot instance is running
WARNING:aiogram.dispatcher:Sleep for 4.835420 seconds and try again... (tryings = 138, bot id = 8802005800)
ERROR:aiogram.dispatcher:Failed to fetch updates - TelegramConflictError: Telegram server says - Conflict: terminated by other getUpdates request; make sure that only one bot instance is running
WARNING:aiogram.dispatcher:Sleep for 5.071539 seconds and try again... (tryings = 139, bot id = 8802005800)
ERROR:aiogram.dispatcher:Failed to fetch updates - TelegramConflictError: Telegram server says - Conflict: terminated by other getUpdates request; make sure that only one bot instance is running
WARNING:aiogram.dispatcher:Sleep for 5.089984 seconds and try again... (tryings = 140, bot id = 8802005800)
ERROR:aiogram.dispatcher:Failed to fetch updates - TelegramConflictError: Telegram server says - Conflict: terminated by other getUpdates request; make sure that only one bot instance is running
WARNING:aiogram.dispatcher:Sleep for 5.025175 seconds and try again... (tryings = 141, bot id = 8802005800)
ERROR:aiogram.dispatcher:Failed to fetch updates - TelegramConflictError: Telegram server says - Conflict: terminated by other getUpdates request; make sure that only one bot instance is running
WARNING:aiogram.dispatcher:Sleep for 5.216728 seconds and try again... (tryings = 142, bot id = 8802005800)
ERROR:aiogram.dispatcher:Failed to fetch updates - TelegramConflictError: Telegram server says - Conflict: terminated by other getUpdates request; make sure that only one bot instance is running
WARNING:aiogram.dispatcher:Sleep for 5.027883 seconds and try again... (tryings = 143, bot id = 8802005800)
ERROR:aiogram.dispatcher:Failed to fetch updates - TelegramConflictError: Telegram server says - Conflict: terminated by other getUpdates request; make sure that only one bot instance is running
WARNING:aiogram.dispatcher:Sleep for 5.049522 seconds and try again... (tryings = 144, bot id = 8802005800)
ERROR:aiogram.dispatcher:Failed to fetch updates - TelegramConflictError: Telegram server says - Conflict: terminated by other getUpdates request; make sure that only one bot instance is running
WARNING:aiogram.dispatcher:Sleep for 5.025349 seconds and try again... (tryings = 145, bot id = 8802005800)
ERROR:aiogram.dispatcher:Failed to fetch updates - TelegramConflictError: Telegram server says - Conflict: terminated by other getUpdates request; make sure that only one bot instance is running
WARNING:aiogram.dispatcher:Sleep for 4.834335 seconds and try again... (tryings = 146, bot id = 8802005800)
ERROR:aiogram.dispatcher:Failed to fetch updates - TelegramConflictError: Telegram server says - Conflict: terminated by other getUpdates request; make sure that only one bot instance is running
WARNING:aiogram.dispatcher:Sleep for 4.860218 seconds and try again... (tryings = 147, bot id = 8802005800)
ERROR:aiogram.dispatcher:Failed to fetch updates - TelegramConflictError: Telegram server says - Conflict: terminated by other getUpdates request; make sure that only one bot instance is running
WARNING:aiogram.dispatcher:Sleep for 4.836123 seconds and try again... (tryings = 148, bot id = 8802005800)
ERROR:aiogram.dispatcher:Failed to fetch updates - TelegramConflictError: Telegram server says - Conflict: terminated by other getUpdates request; make sure that only one bot instance is running
WARNING:aiogram.dispatcher:Sleep for 5.036113 seconds and try again... (tryings = 149, bot id = 8802005800)
ERROR:aiogram.dispatcher:Failed to fetch updates - TelegramConflictError: Telegram server says - Conflict: terminated by other getUpdates request; make sure that only one bot instance is running
WARNING:aiogram.dispatcher:Sleep for 5.071329 seconds and try again... (tryings = 150, bot id = 8802005800)
ERROR:aiogram.dispatcher:Failed to fetch updates - TelegramConflictError: Telegram server says - Conflict: terminated by other getUpdates request; make sure that only one bot instance is running
WARNING:aiogram.dispatcher:Sleep for 4.825208 seconds and try again... (tryings = 151, bot id = 8802005800)
ERROR:aiogram.dispatcher:Failed to fetch updates - TelegramConflictError: Telegram server says - Conflict: terminated by other getUpdates request; make sure that only one bot instance is running
WARNING:aiogram.dispatcher:Sleep for 4.843578 seconds and try again... (tryings = 152, bot id = 8802005800)
ERROR:aiogram.dispatcher:Failed to fetch updates - TelegramConflictError: Telegram server says - Conflict: terminated by other getUpdates request; make sure that only one bot instance is running
WARNING:aiogram.dispatcher:Sleep for 4.665926 seconds and try again... (tryings = 153, bot id = 8802005800)
ERROR:aiogram.dispatcher:Failed to fetch updates - TelegramConflictError: Telegram server says - Conflict: terminated by other getUpdates request; make sure that only one bot instance is running
WARNING:aiogram.dispatcher:Sleep for 4.826477 seconds and try again... (tryings = 154, bot id = 8802005800)
ERROR:aiogram.dispatcher:Failed to fetch updates - TelegramConflictError: Telegram server says - Conflict: terminated by other getUpdates request; make sure that only one bot instance is running
WARNING:aiogram.dispatcher:Sleep for 5.084522 seconds and try again... (tryings = 155, bot id = 8802005800)
ERROR:aiogram.dispatcher:Failed to fetch updates - TelegramConflictError: Telegram server says - Conflict: terminated by other getUpdates request; make sure that only one bot instance is running
WARNING:aiogram.dispatcher:Sleep for 5.011578 seconds and try again... (tryings = 156, bot id = 8802005800)
ERROR:aiogram.dispatcher:Failed to fetch updates - TelegramConflictError: Telegram server says - Conflict: terminated by other getUpdates request; make sure that only one bot instance is running
WARNING:aiogram.dispatcher:Sleep for 5.139958 seconds and try again... (tryings = 157, bot id = 8802005800)
ERROR:aiogram.dispatcher:Failed to fetch updates - TelegramConflictError: Telegram server says - Conflict: terminated by other getUpdates request; make sure that only one bot instance is running
WARNING:aiogram.dispatcher:Sleep for 5.221900 seconds and try again... (tryings = 158, bot id = 8802005800)
ERROR:aiogram.dispatcher:Failed to fetch updates - TelegramConflictError: Telegram server says - Conflict: terminated by other getUpdates request; make sure that only one bot instance is running
WARNING:aiogram.dispatcher:Sleep for 4.995364 seconds and try again... (tryings = 159, bot id = 8802005800)
ERROR:aiogram.dispatcher:Failed to fetch updates - TelegramConflictError: Telegram server says - Conflict: terminated by other getUpdates request; make sure that only one bot instance is running
WARNING:aiogram.dispatcher:Sleep for 5.157203 seconds and try again... (tryings = 160, bot id = 8802005800)
ERROR:aiogram.dispatcher:Failed to fetch updates - TelegramConflictError: Telegram server says - Conflict: terminated by other getUpdates request; make sure that only one bot instance is running
WARNING:aiogram.dispatcher:Sleep for 5.003698 seconds and try again... (tryings = 161, bot id = 8802005800)
ERROR:aiogram.dispatcher:Failed to fetch updates - TelegramConflictError: Telegram server says - Conflict: terminated by other getUpdates request; make sure that only one bot instance is running
WARNING:aiogram.dispatcher:Sleep for 4.971549 seconds and try again... (tryings = 162, bot id = 8802005800)
ERROR:aiogram.dispatcher:Failed to fetch updates - TelegramConflictError: Telegram server says - Conflict: terminated by other getUpdates request; make sure that only one bot instance is running
WARNING:aiogram.dispatcher:Sleep for 4.955927 seconds and try again... (tryings = 163, bot id = 8802005800)
ERROR:aiogram.dispatcher:Failed to fetch updates - TelegramConflictError: Telegram server says - Conflict: terminated by other getUpdates request; make sure that only one bot instance is running
WARNING:aiogram.dispatcher:Sleep for 4.968621 seconds and try again... (tryings = 164, bot id = 8802005800)
ERROR:aiogram.dispatcher:Failed to fetch updates - TelegramConflictError: Telegram server says - Conflict: terminated by other getUpdates request; make sure that only one bot instance is running
WARNING:aiogram.dispatcher:Sleep for 4.907466 seconds and try again... (tryings = 165, bot id = 8802005800)
ERROR:aiogram.dispatcher:Failed to fetch updates - TelegramConflictError: Telegram server says - Conflict: terminated by other getUpdates request; make sure that only one bot instance is running
WARNING:aiogram.dispatcher:Sleep for 5.037046 seconds and try again... (tryings = 166, bot id = 8802005800)
ERROR:aiogram.dispatcher:Failed to fetch updates - TelegramConflictError: Telegram server says - Conflict: terminated by other getUpdates request; make sure that only one bot instance is running
WARNING:aiogram.dispatcher:Sleep for 4.976440 seconds and try again... (tryings = 167, bot id = 8802005800)
ERROR:aiogram.dispatcher:Failed to fetch updates - TelegramConflictError: Telegram server says - Conflict: terminated by other getUpdates request; make sure that only one bot instance is running
WARNING:aiogram.dispatcher:Sleep for 4.980250 seconds and try again... (tryings = 168, bot id = 8802005800)
ERROR:aiogram.dispatcher:Failed to fetch updates - TelegramConflictError: Telegram server says - Conflict: terminated by other getUpdates request; make sure that only one bot instance is running
WARNING:aiogram.dispatcher:Sleep for 5.051696 seconds and try again... (tryings = 169, bot id = 8802005800)
ERROR:aiogram.dispatcher:Failed to fetch updates - TelegramConflictError: Telegram server says - Conflict: terminated by other getUpdates request; make sure that only one bot instance is running
WARNING:aiogram.dispatcher:Sleep for 4.982895 seconds and try again... (tryings = 170, bot id = 8802005800)
ERROR:aiogram.dispatcher:Failed to fetch updates - TelegramConflictError: Telegram server says - Conflict: terminated by other getUpdates request; make sure that only one bot instance is running
WARNING:aiogram.dispatcher:Sleep for 5.041732 seconds and try again... (tryings = 171, bot id = 8802005800)
ERROR:aiogram.dispatcher:Failed to fetch updates - TelegramConflictError: Telegram server says - Conflict: terminated by other getUpdates request; make sure that only one bot instance is running
WARNING:aiogram.dispatcher:Sleep for 5.070969 seconds and try again... (tryings = 172, bot id = 8802005800)
ERROR:aiogram.dispatcher:Failed to fetch updates - TelegramConflictError: Telegram server says - Conflict: terminated by other getUpdates request; make sure that only one bot instance is running
WARNING:aiogram.dispatcher:Sleep for 4.854627 seconds and try again... (tryings = 173, bot id = 8802005800)
ERROR:aiogram.dispatcher:Failed to fetch updates - TelegramConflictError: Telegram server says - Conflict: terminated by other getUpdates request; make sure that only one bot instance is running
WARNING:aiogram.dispatcher:Sleep for 5.033577 seconds and try again... (tryings = 174, bot id = 8802005800)
ERROR:aiogram.dispatcher:Failed to fetch updates - TelegramConflictError: Telegram server says - Conflict: terminated by other getUpdates request; make sure that only one bot instance is running
WARNING:aiogram.dispatcher:Sleep for 5.143324 seconds and try again... (tryings = 175, bot id = 8802005800)
ERROR:aiogram.dispatcher:Failed to fetch updates - TelegramConflictError: Telegram server says - Conflict: terminated by other getUpdates request; make sure that only one bot instance is running
WARNING:aiogram.dispatcher:Sleep for 4.898922 seconds and try again... (tryings = 176, bot id = 8802005800)
ERROR:aiogram.dispatcher:Failed to fetch updates - TelegramConflictError: Telegram server says - Conflict: terminated by other getUpdates request; make sure that only one bot instance is running
WARNING:aiogram.dispatcher:Sleep for 5.084430 seconds and try again... (tryings = 177, bot id = 8802005800)
ERROR:aiogram.dispatcher:Failed to fetch updates - TelegramConflictError: Telegram server says - Conflict: terminated by other getUpdates request; make sure that only one bot instance is running
WARNING:aiogram.dispatcher:Sleep for 4.888610 seconds and try again... (tryings = 178, bot id = 8802005800)
ERROR:aiogram.dispatcher:Failed to fetch updates - TelegramConflictError: Telegram server says - Conflict: terminated by other getUpdates request; make sure that only one bot instance is running
WARNING:aiogram.dispatcher:Sleep for 4.988671 seconds and try again... (tryings = 179, bot id = 8802005800)
ERROR:aiogram.dispatcher:Failed to fetch updates - TelegramConflictError: Telegram server says - Conflict: terminated by other getUpdates request; make sure that only one bot instance is running
WARNING:aiogram.dispatcher:Sleep for 5.157402 seconds and try again... (tryings = 180, bot id = 8802005800)
ERROR:aiogram.dispatcher:Failed to fetch updates - TelegramConflictError: Telegram server says - Conflict: terminated by other getUpdates request; make sure that only one bot instance is running
WARNING:aiogram.dispatcher:Sleep for 5.040065 seconds and try again... (tryings = 181, bot id = 8802005800)
ERROR:aiogram.dispatcher:Failed to fetch updates - TelegramConflictError: Telegram server says - Conflict: terminated by other getUpdates request; make sure that only one bot instance is running
WARNING:aiogram.dispatcher:Sleep for 4.988362 seconds and try again... (tryings = 182, bot id = 8802005800)
ERROR:aiogram.dispatcher:Failed to fetch updates - TelegramConflictError: Telegram server says - Conflict: terminated by other getUpdates request; make sure that only one bot instance is running
WARNING:aiogram.dispatcher:Sleep for 5.219950 seconds and try again... (tryings = 183, bot id = 8802005800)
ERROR:aiogram.dispatcher:Failed to fetch updates - TelegramConflictError: Telegram server says - Conflict: terminated by other getUpdates request; make sure that only one bot instance is running
WARNING:aiogram.dispatcher:Sleep for 5.156793 seconds and try again... (tryings = 184, bot id = 8802005800)
ERROR:aiogram.dispatcher:Failed to fetch updates - TelegramConflictError: Telegram server says - Conflict: terminated by other getUpdates request; make sure that only one bot instance is running
WARNING:aiogram.dispatcher:Sleep for 4.840764 seconds and try again... (tryings = 185, bot id = 8802005800)
ERROR:aiogram.dispatcher:Failed to fetch updates - TelegramConflictError: Telegram server says - Conflict: terminated by other getUpdates request; make sure that only one bot instance is running
WARNING:aiogram.dispatcher:Sleep for 5.048024 seconds and try again... (tryings = 186, bot id = 8802005800)
ERROR:aiogram.dispatcher:Failed to fetch updates - TelegramConflictError: Telegram server says - Conflict: terminated by other getUpdates request; make sure that only one bot instance is running
WARNING:aiogram.dispatcher:Sleep for 4.973529 seconds and try again... (tryings = 187, bot id = 8802005800)
ERROR:aiogram.dispatcher:Failed to fetch updates - TelegramConflictError: Telegram server says - Conflict: terminated by other getUpdates request; make sure that only one bot instance is running
WARNING:aiogram.dispatcher:Sleep for 4.932758 seconds and try again... (tryings = 188, bot id = 8802005800)
ERROR:aiogram.dispatcher:Failed to fetch updates - TelegramConflictError: Telegram server says - Conflict: terminated by other getUpdates request; make sure that only one bot instance is running
WARNING:aiogram.dispatcher:Sleep for 5.087787 seconds and try again... (tryings = 189, bot id = 8802005800)
ERROR:aiogram.dispatcher:Failed to fetch updates - TelegramConflictError: Telegram server says - Conflict: terminated by other getUpdates request; make sure that only one bot instance is running
WARNING:aiogram.dispatcher:Sleep for 5.226876 seconds and try again... (tryings = 190, bot id = 8802005800)
ERROR:aiogram.dispatcher:Failed to fetch updates - TelegramConflictError: Telegram server says - Conflict: terminated by other getUpdates request; make sure that only one bot instance is running
WARNING:aiogram.dispatcher:Sleep for 5.159470 seconds and try again... (tryings = 191, bot id = 8802005800)
ERROR:aiogram.dispatcher:Failed to fetch updates - TelegramConflictError: Telegram server says - Conflict: terminated by other getUpdates request; make sure that only one bot instance is running
WARNING:aiogram.dispatcher:Sleep for 5.198216 seconds and try again... (tryings = 192, bot id = 8802005800)
ERROR:aiogram.dispatcher:Failed to fetch updates - TelegramConflictError: Telegram server says - Conflict: terminated by other getUpdates request; make sure that only one bot instance is running
WARNING:aiogram.dispatcher:Sleep for 5.005957 seconds and try again... (tryings = 193, bot id = 8802005800)
ERROR:aiogram.dispatcher:Failed to fetch updates - TelegramConflictError: Telegram server says - Conflict: terminated by other getUpdates request; make sure that only one bot instance is running
WARNING:aiogram.dispatcher:Sleep for 5.109689 seconds and try again... (tryings = 194, bot id = 8802005800)
ERROR:aiogram.dispatcher:Failed to fetch updates - TelegramConflictError: Telegram server says - Conflict: terminated by other getUpdates request; make sure that only one bot instance is running
WARNING:aiogram.dispatcher:Sleep for 4.903835 seconds and try again... (tryings = 195, bot id = 8802005800)
ERROR:aiogram.dispatcher:Failed to fetch updates - TelegramConflictError: Telegram server says - Conflict: terminated by other getUpdates request; make sure that only one bot instance is running
WARNING:aiogram.dispatcher:Sleep for 5.072748 seconds and try again... (tryings = 196, bot id = 8802005800)
ERROR:aiogram.dispatcher:Failed to fetch updates - TelegramConflictError: Telegram server says - Conflict: terminated by other getUpdates request; make sure that only one bot instance is running
WARNING:aiogram.dispatcher:Sleep for 4.983795 seconds and try again... (tryings = 197, bot id = 8802005800)
ERROR:aiogram.dispatcher:Failed to fetch updates - TelegramConflictError: Telegram server says - Conflict: terminated by other getUpdates request; make sure that only one bot instance is running
WARNING:aiogram.dispatcher:Sleep for 4.981688 seconds and try again... (tryings = 198, bot id = 8802005800)
ERROR:aiogram.dispatcher:Failed to fetch updates - TelegramConflictError: Telegram server says - Conflict: terminated by other getUpdates request; make sure that only one bot instance is running
WARNING:aiogram.dispatcher:Sleep for 4.989898 seconds and try again... (tryings = 199, bot id = 8802005800)
ERROR:aiogram.dispatcher:Failed to fetch updates - TelegramConflictError: Telegram server says - Conflict: terminated by other getUpdates request; make sure that only one bot instance is running
WARNING:aiogram.dispatcher:Sleep for 5.015346 seconds and try again... (tryings = 200, bot id = 8802005800)
ERROR:aiogram.dispatcher:Failed to fetch updates - TelegramConflictError: Telegram server says - Conflict: terminated by other getUpdates request; make sure that only one bot instance is running
WARNING:aiogram.dispatcher:Sleep for 5.120855 seconds and try again... (tryings = 201, bot id = 8802005800)
ERROR:aiogram.dispatcher:Failed to fetch updates - TelegramConflictError: Telegram server says - Conflict: terminated by other getUpdates request; make sure that only one bot instance is running
WARNING:aiogram.dispatcher:Sleep for 4.853322 seconds and try again... (tryings = 202, bot id = 8802005800)
ERROR:aiogram.dispatcher:Failed to fetch updates - TelegramConflictError: Telegram server says - Conflict: terminated by other getUpdates request; make sure that only one bot instance is running
WARNING:aiogram.dispatcher:Sleep for 5.142779 seconds and try again... (tryings = 203, bot id = 8802005800)
ERROR:aiogram.dispatcher:Failed to fetch updates - TelegramConflictError: Telegram server says - Conflict: terminated by other getUpdates request; make sure that only one bot instance is running
WARNING:aiogram.dispatcher:Sleep for 5.061734 seconds and try again... (tryings = 204, bot id = 8802005800)
ERROR:aiogram.dispatcher:Failed to fetch updates - TelegramConflictError: Telegram server says - Conflict: terminated by other getUpdates request; make sure that only one bot instance is running
WARNING:aiogram.dispatcher:Sleep for 4.890818 seconds and try again... (tryings = 205, bot id = 8802005800)
ERROR:aiogram.dispatcher:Failed to fetch updates - TelegramConflictError: Telegram server says - Conflict: terminated by other getUpdates request; make sure that only one bot instance is running
WARNING:aiogram.dispatcher:Sleep for 4.820632 seconds and try again... (tryings = 206, bot id = 8802005800)
ERROR:aiogram.dispatcher:Failed to fetch updates - TelegramConflictError: Telegram server says - Conflict: terminated by other getUpdates request; make sure that only one bot instance is running
WARNING:aiogram.dispatcher:Sleep for 5.006622 seconds and try again... (tryings = 207, bot id = 8802005800)
ERROR:aiogram.dispatcher:Failed to fetch updates - TelegramConflictError: Telegram server says - Conflict: terminated by other getUpdates request; make sure that only one bot instance is running
WARNING:aiogram.dispatcher:Sleep for 4.824741 seconds and try again... (tryings = 208, bot id = 8802005800)
ERROR:aiogram.dispatcher:Failed to fetch updates - TelegramConflictError: Telegram server says - Conflict: terminated by other getUpdates request; make sure that only one bot instance is running
WARNING:aiogram.dispatcher:Sleep for 5.143875 seconds and try again... (tryings = 209, bot id = 8802005800)
ERROR:aiogram.dispatcher:Failed to fetch updates - TelegramConflictError: Telegram server says - Conflict: terminated by other getUpdates request; make sure that only one bot instance is running
WARNING:aiogram.dispatcher:Sleep for 4.927474 seconds and try again... (tryings = 210, bot id = 8802005800)
ERROR:aiogram.dispatcher:Failed to fetch updates - TelegramConflictError: Telegram server says - Conflict: terminated by other getUpdates request; make sure that only one bot instance is running
WARNING:aiogram.dispatcher:Sleep for 5.004336 seconds and try again... (tryings = 211, bot id = 8802005800)
ERROR:aiogram.dispatcher:Failed to fetch updates - TelegramConflictError: Telegram server says - Conflict: terminated by other getUpdates request; make sure that only one bot instance is running
WARNING:aiogram.dispatcher:Sleep for 5.098902 seconds and try again... (tryings = 212, bot id = 8802005800)
ERROR:aiogram.dispatcher:Failed to fetch updates - TelegramConflictError: Telegram server says - Conflict: terminated by other getUpdates request; make sure that only one bot instance is running
WARNING:aiogram.dispatcher:Sleep for 4.882780 seconds and try again... (tryings = 213, bot id = 8802005800)
ERROR:aiogram.dispatcher:Failed to fetch updates - TelegramConflictError: Telegram server says - Conflict: terminated by other getUpdates request; make sure that only one bot instance is running
WARNING:aiogram.dispatcher:Sleep for 5.013285 seconds and try again... (tryings = 214, bot id = 8802005800)
ERROR:aiogram.dispatcher:Failed to fetch updates - TelegramConflictError: Telegram server says - Conflict: terminated by other getUpdates request; make sure that only one bot instance is running
WARNING:aiogram.dispatcher:Sleep for 4.936099 seconds and try again... (tryings = 215, bot id = 8802005800)
ERROR:aiogram.dispatcher:Failed to fetch updates - TelegramConflictError: Telegram server says - Conflict: terminated by other getUpdates request; make sure that only one bot instance is running
WARNING:aiogram.dispatcher:Sleep for 4.940134 seconds and try again... (tryings = 216, bot id = 8802005800)
ERROR:aiogram.dispatcher:Failed to fetch updates - TelegramConflictError: Telegram server says - Conflict: terminated by other getUpdates request; make sure that only one bot instance is running
WARNING:aiogram.dispatcher:Sleep for 5.025692 seconds and try again... (tryings = 217, bot id = 8802005800)
ERROR:aiogram.dispatcher:Failed to fetch updates - TelegramConflictError: Telegram server says - Conflict: terminated by other getUpdates request; make sure that only one bot instance is running
WARNING:aiogram.dispatcher:Sleep for 4.776309 seconds and try again... (tryings = 218, bot id = 8802005800)
ERROR:aiogram.dispatcher:Failed to fetch updates - TelegramConflictError: Telegram server says - Conflict: terminated by other getUpdates request; make sure that only one bot instance is running
WARNING:aiogram.dispatcher:Sleep for 4.906347 seconds and try again... (tryings = 219, bot id = 8802005800)
ERROR:aiogram.dispatcher:Failed to fetch updates - TelegramConflictError: Telegram server says - Conflict: terminated by other getUpdates request; make sure that only one bot instance is running
WARNING:aiogram.dispatcher:Sleep for 4.870232 seconds and try again... (tryings = 220, bot id = 8802005800)
ERROR:aiogram.dispatcher:Failed to fetch updates - TelegramConflictError: Telegram server says - Conflict: terminated by other getUpdates request; make sure that only one bot instance is running
WARNING:aiogram.dispatcher:Sleep for 5.094721 seconds and try again... (tryings = 221, bot id = 8802005800)
ERROR:aiogram.dispatcher:Failed to fetch updates - TelegramConflictError: Telegram server says - Conflict: terminated by other getUpdates request; make sure that only one bot instance is running
WARNING:aiogram.dispatcher:Sleep for 4.871215 seconds and try again... (tryings = 222, bot id = 8802005800)
ERROR:aiogram.dispatcher:Failed to fetch updates - TelegramConflictError: Telegram server says - Conflict: terminated by other getUpdates request; make sure that only one bot instance is running
WARNING:aiogram.dispatcher:Sleep for 5.015702 seconds and try again... (tryings = 223, bot id = 8802005800)
ERROR:aiogram.dispatcher:Failed to fetch updates - TelegramConflictError: Telegram server says - Conflict: terminated by other getUpdates request; make sure that only one bot instance is running
WARNING:aiogram.dispatcher:Sleep for 4.996479 seconds and try again... (tryings = 224, bot id = 8802005800)
ERROR:aiogram.dispatcher:Failed to fetch updates - TelegramConflictError: Telegram server says - Conflict: terminated by other getUpdates request; make sure that only one bot instance is running
WARNING:aiogram.dispatcher:Sleep for 5.054563 seconds and try again... (tryings = 225, bot id = 8802005800)
ERROR:aiogram.dispatcher:Failed to fetch updates - TelegramConflictError: Telegram server says - Conflict: terminated by other getUpdates request; make sure that only one bot instance is running
WARNING:aiogram.dispatcher:Sleep for 5.132902 seconds and try again... (tryings = 226, bot id = 8802005800)
ERROR:aiogram.dispatcher:Failed to fetch updates - TelegramConflictError: Telegram server says - Conflict: terminated by other getUpdates request; make sure that only one bot instance is running
WARNING:aiogram.dispatcher:Sleep for 5.016685 seconds and try again... (tryings = 227, bot id = 8802005800)
ERROR:aiogram.dispatcher:Failed to fetch updates - TelegramConflictError: Telegram server says - Conflict: terminated by other getUpdates request; make sure that only one bot instance is running
WARNING:aiogram.dispatcher:Sleep for 4.993852 seconds and try again... (tryings = 228, bot id = 8802005800)
ERROR:aiogram.dispatcher:Failed to fetch updates - TelegramConflictError: Telegram server says - Conflict: terminated by other getUpdates request; make sure that only one bot instance is running
WARNING:aiogram.dispatcher:Sleep for 4.958972 seconds and try again... (tryings = 229, bot id = 8802005800)
ERROR:aiogram.dispatcher:Failed to fetch updates - TelegramConflictError: Telegram server says - Conflict: terminated by other getUpdates request; make sure that only one bot instance is running
WARNING:aiogram.dispatcher:Sleep for 5.000347 seconds and try again... (tryings = 230, bot id = 8802005800)
ERROR:aiogram.dispatcher:Failed to fetch updates - TelegramConflictError: Telegram server says - Conflict: terminated by other getUpdates request; make sure that only one bot instance is running
WARNING:aiogram.dispatcher:Sleep for 4.867155 seconds and try again... (tryings = 231, bot id = 8802005800)
ERROR:aiogram.dispatcher:Failed to fetch updates - TelegramConflictError: Telegram server says - Conflict: terminated by other getUpdates request; make sure that only one bot instance is running
WARNING:aiogram.dispatcher:Sleep for 4.985110 seconds and try again... (tryings = 232, bot id = 8802005800)
ERROR:aiogram.dispatcher:Failed to fetch updates - TelegramConflictError: Telegram server says - Conflict: terminated by other getUpdates request; make sure that only one bot instance is running
WARNING:aiogram.dispatcher:Sleep for 4.982282 seconds and try again... (tryings = 233, bot id = 8802005800)
ERROR:aiogram.dispatcher:Failed to fetch updates - TelegramConflictError: Telegram server says - Conflict: terminated by other getUpdates request; make sure that only one bot instance is running
WARNING:aiogram.dispatcher:Sleep for 4.903690 seconds and try again... (tryings = 234, bot id = 8802005800)
ERROR:aiogram.dispatcher:Failed to fetch updates - TelegramConflictError: Telegram server says - Conflict: terminated by other getUpdates request; make sure that only one bot instance is running
WARNING:aiogram.dispatcher:Sleep for 5.019527 seconds and try again... (tryings = 235, bot id = 8802005800)
ERROR:aiogram.dispatcher:Failed to fetch updates - TelegramConflictError: Telegram server says - Conflict: terminated by other getUpdates request; make sure that only one bot instance is running
WARNING:aiogram.dispatcher:Sleep for 4.977101 seconds and try again... (tryings = 236, bot id = 8802005800)
ERROR:aiogram.dispatcher:Failed to fetch updates - TelegramConflictError: Telegram server says - Conflict: terminated by other getUpdates request; make sure that only one bot instance is running
WARNING:aiogram.dispatcher:Sleep for 4.839275 seconds and try again... (tryings = 237, bot id = 8802005800)
ERROR:aiogram.dispatcher:Failed to fetch updates - TelegramConflictError: Telegram server says - Conflict: terminated by other getUpdates request; make sure that only one bot instance is running
WARNING:aiogram.dispatcher:Sleep for 4.955977 seconds and try again... (tryings = 238, bot id = 8802005800)
ERROR:aiogram.dispatcher:Failed to fetch updates - TelegramConflictError: Telegram server says - Conflict: terminated by other getUpdates request; make sure that only one bot instance is running
WARNING:aiogram.dispatcher:Sleep for 5.047500 seconds and try again... (tryings = 239, bot id = 8802005800)
ERROR:aiogram.dispatcher:Failed to fetch updates - TelegramConflictError: Telegram server says - Conflict: terminated by other getUpdates request; make sure that only one bot instance is running
WARNING:aiogram.dispatcher:Sleep for 4.989070 seconds and try again... (tryings = 240, bot id = 8802005800)
ERROR:aiogram.dispatcher:Failed to fetch updates - TelegramConflictError: Telegram server says - Conflict: terminated by other getUpdates request; make sure that only one bot instance is running
WARNING:aiogram.dispatcher:Sleep for 5.076718 seconds and try again... (tryings = 241, bot id = 8802005800)
ERROR:aiogram.dispatcher:Failed to fetch updates - TelegramConflictError: Telegram server says - Conflict: terminated by other getUpdates request; make sure that only one bot instance is running
WARNING:aiogram.dispatcher:Sleep for 5.082441 seconds and try again... (tryings = 242, bot id = 8802005800)
ERROR:aiogram.dispatcher:Failed to fetch updates - TelegramConflictError: Telegram server says - Conflict: terminated by other getUpdates request; make sure that only one bot instance is running
WARNING:aiogram.dispatcher:Sleep for 4.883540 seconds and try again... (tryings = 243, bot id = 8802005800)
ERROR:aiogram.dispatcher:Failed to fetch updates - TelegramConflictError: Telegram server says - Conflict: terminated by other getUpdates request; make sure that only one bot instance is running
WARNING:aiogram.dispatcher:Sleep for 5.022831 seconds and try again... (tryings = 244, bot id = 8802005800)
ERROR:aiogram.dispatcher:Failed to fetch updates - TelegramConflictError: Telegram server says - Conflict: terminated by other getUpdates request; make sure that only one bot instance is running
WARNING:aiogram.dispatcher:Sleep for 5.026822 seconds and try again... (tryings = 245, bot id = 8802005800)
ERROR:aiogram.dispatcher:Failed to fetch updates - TelegramConflictError: Telegram server says - Conflict: terminated by other getUpdates request; make sure that only one bot instance is running
WARNING:aiogram.dispatcher:Sleep for 5.005330 seconds and try again... (tryings = 246, bot id = 8802005800)
ERROR:aiogram.dispatcher:Failed to fetch updates - TelegramConflictError: Telegram server says - Conflict: terminated by other getUpdates request; make sure that only one bot instance is running
WARNING:aiogram.dispatcher:Sleep for 4.917391 seconds and try again... (tryings = 247, bot id = 8802005800)
ERROR:aiogram.dispatcher:Failed to fetch updates - TelegramConflictError: Telegram server says - Conflict: terminated by other getUpdates request; make sure that only one bot instance is running
WARNING:aiogram.dispatcher:Sleep for 5.108075 seconds and try again... (tryings = 248, bot id = 8802005800)
ERROR:aiogram.dispatcher:Failed to fetch updates - TelegramConflictError: Telegram server says - Conflict: terminated by other getUpdates request; make sure that only one bot instance is running
WARNING:aiogram.dispatcher:Sleep for 5.022121 seconds and try again... (tryings = 249, bot id = 8802005800)
ERROR:aiogram.dispatcher:Failed to fetch updates - TelegramConflictError: Telegram server says - Conflict: terminated by other getUpdates request; make sure that only one bot instance is running
WARNING:aiogram.dispatcher:Sleep for 4.894527 seconds and try again... (tryings = 250, bot id = 8802005800)
ERROR:aiogram.dispatcher:Failed to fetch updates - TelegramConflictError: Telegram server says - Conflict: terminated by other getUpdates request; make sure that only one bot instance is running
WARNING:aiogram.dispatcher:Sleep for 4.942765 seconds and try again... (tryings = 251, bot id = 8802005800)
ERROR:aiogram.dispatcher:Failed to fetch updates - TelegramConflictError: Telegram server says - Conflict: terminated by other getUpdates request; make sure that only one bot instance is running
WARNING:aiogram.dispatcher:Sleep for 5.146498 seconds and try again... (tryings = 252, bot id = 8802005800)
ERROR:aiogram.dispatcher:Failed to fetch updates - TelegramConflictError: Telegram server says - Conflict: terminated by other getUpdates request; make sure that only one bot instance is running
WARNING:aiogram.dispatcher:Sleep for 5.001326 seconds and try again... (tryings = 253, bot id = 8802005800)
ERROR:aiogram.dispatcher:Failed to fetch updates - TelegramConflictError: Telegram server says - Conflict: terminated by other getUpdates request; make sure that only one bot instance is running
WARNING:aiogram.dispatcher:Sleep for 5.037963 seconds and try again... (tryings = 254, bot id = 8802005800)
ERROR:aiogram.dispatcher:Failed to fetch updates - TelegramConflictError: Telegram server says - Conflict: terminated by other getUpdates request; make sure that only one bot instance is running
WARNING:aiogram.dispatcher:Sleep for 5.022882 seconds and try again... (tryings = 255, bot id = 8802005800)
ERROR:aiogram.dispatcher:Failed to fetch updates - TelegramConflictError: Telegram server says - Conflict: terminated by other getUpdates request; make sure that only one bot instance is running
WARNING:aiogram.dispatcher:Sleep for 5.053988 seconds and try again... (tryings = 256, bot id = 8802005800)
ERROR:aiogram.dispatcher:Failed to fetch updates - TelegramConflictError: Telegram server says - Conflict: terminated by other getUpdates request; make sure that only one bot instance is running
WARNING:aiogram.dispatcher:Sleep for 5.057038 seconds and try again... (tryings = 257, bot id = 8802005800)
ERROR:aiogram.dispatcher:Failed to fetch updates - TelegramConflictError: Telegram server says - Conflict: terminated by other getUpdates request; make sure that only one bot instance is running
WARNING:aiogram.dispatcher:Sleep for 4.966517 seconds and try again... (tryings = 258, bot id = 8802005800)
ERROR:aiogram.dispatcher:Failed to fetch updates - TelegramConflictError: Telegram server says - Conflict: terminated by other getUpdates request; make sure that only one bot instance is running
WARNING:aiogram.dispatcher:Sleep for 4.913067 seconds and try again... (tryings = 259, bot id = 8802005800)
ERROR:aiogram.dispatcher:Failed to fetch updates - TelegramConflictError: Telegram server says - Conflict: terminated by other getUpdates request; make sure that only one bot instance is running
WARNING:aiogram.dispatcher:Sleep for 4.809140 seconds and try again... (tryings = 260, bot id = 8802005800)
ERROR:aiogram.dispatcher:Failed to fetch updates - TelegramConflictError: Telegram server says - Conflict: terminated by other getUpdates request; make sure that only one bot instance is running
WARNING:aiogram.dispatcher:Sleep for 4.978935 seconds and try again... (tryings = 261, bot id = 8802005800)
ERROR:aiogram.dispatcher:Failed to fetch updates - TelegramConflictError: Telegram server says - Conflict: terminated by other getUpdates request; make sure that only one bot instance is running
WARNING:aiogram.dispatcher:Sleep for 4.920417 seconds and try again... (tryings = 262, bot id = 8802005800)
ERROR:aiogram.dispatcher:Failed to fetch updates - TelegramConflictError: Telegram server says - Conflict: terminated by other getUpdates request; make sure that only one bot instance is running
WARNING:aiogram.dispatcher:Sleep for 4.942954 seconds and try again... (tryings = 263, bot id = 8802005800)
ERROR:aiogram.dispatcher:Failed to fetch updates - TelegramConflictError: Telegram server says - Conflict: terminated by other getUpdates request; make sure that only one bot instance is running
WARNING:aiogram.dispatcher:Sleep for 5.139716 seconds and try again... (tryings = 264, bot id = 8802005800)
ERROR:aiogram.dispatcher:Failed to fetch updates - TelegramConflictError: Telegram server says - Conflict: terminated by other getUpdates request; make sure that only one bot instance is running
WARNING:aiogram.dispatcher:Sleep for 4.989972 seconds and try again... (tryings = 265, bot id = 8802005800)
ERROR:aiogram.dispatcher:Failed to fetch updates - TelegramConflictError: Telegram server says - Conflict: terminated by other getUpdates request; make sure that only one bot instance is running
WARNING:aiogram.dispatcher:Sleep for 5.062992 seconds and try again... (tryings = 266, bot id = 8802005800)
ERROR:aiogram.dispatcher:Failed to fetch updates - TelegramConflictError: Telegram server says - Conflict: terminated by other getUpdates request; make sure that only one bot instance is running
WARNING:aiogram.dispatcher:Sleep for 4.794013 seconds and try again... (tryings = 267, bot id = 8802005800)
ERROR:aiogram.dispatcher:Failed to fetch updates - TelegramConflictError: Telegram server says - Conflict: terminated by other getUpdates request; make sure that only one bot instance is running
WARNING:aiogram.dispatcher:Sleep for 5.007455 seconds and try again... (tryings = 268, bot id = 8802005800)
ERROR:aiogram.dispatcher:Failed to fetch updates - TelegramConflictError: Telegram server says - Conflict: terminated by other getUpdates request; make sure that only one bot instance is running
WARNING:aiogram.dispatcher:Sleep for 5.065519 seconds and try again... (tryings = 269, bot id = 8802005800)
ERROR:aiogram.dispatcher:Failed to fetch updates - TelegramConflictError: Telegram server says - Conflict: terminated by other getUpdates request; make sure that only one bot instance is running
WARNING:aiogram.dispatcher:Sleep for 4.989049 seconds and try again... (tryings = 270, bot id = 8802005800)
ERROR:aiogram.dispatcher:Failed to fetch updates - TelegramConflictError: Telegram server says - Conflict: terminated by other getUpdates request; make sure that only one bot instance is running
WARNING:aiogram.dispatcher:Sleep for 4.918110 seconds and try again... (tryings = 271, bot id = 8802005800)
ERROR:aiogram.dispatcher:Failed to fetch updates - TelegramConflictError: Telegram server says - Conflict: terminated by other getUpdates request; make sure that only one bot instance is running
WARNING:aiogram.dispatcher:Sleep for 5.012931 seconds and try again... (tryings = 272, bot id = 8802005800)
ERROR:aiogram.dispatcher:Failed to fetch updates - TelegramConflictError: Telegram server says - Conflict: terminated by other getUpdates request; make sure that only one bot instance is running
WARNING:aiogram.dispatcher:Sleep for 5.022548 seconds and try again... (tryings = 273, bot id = 8802005800)
ERROR:aiogram.dispatcher:Failed to fetch updates - TelegramConflictError: Telegram server says - Conflict: terminated by other getUpdates request; make sure that only one bot instance is running
WARNING:aiogram.dispatcher:Sleep for 4.891244 seconds and try again... (tryings = 274, bot id = 8802005800)
ERROR:aiogram.dispatcher:Failed to fetch updates - TelegramConflictError: Telegram server says - Conflict: terminated by other getUpdates request; make sure that only one bot instance is running
WARNING:aiogram.dispatcher:Sleep for 4.945816 seconds and try again... (tryings = 275, bot id = 8802005800)
ERROR:aiogram.dispatcher:Failed to fetch updates - TelegramConflictError: Telegram server says - Conflict: terminated by other getUpdates request; make sure that only one bot instance is running
WARNING:aiogram.dispatcher:Sleep for 5.097632 seconds and try again... (tryings = 276, bot id = 8802005800)
INFO:aiogram.dispatcher:Connection established (tryings = 277, bot id = 8802005800)
INFO:aiogram.event:Update id=636335545 is not handled. Duration 6 ms by bot id=8802005800
ERROR:aiogram.dispatcher:Failed to fetch updates - TelegramConflictError: Telegram server says - Conflict: terminated by other getUpdates request; make sure that only one bot instance is running
WARNING:aiogram.dispatcher:Sleep for 1.000000 seconds and try again... (tryings = 0, bot id = 8802005800)
ERROR:aiogram.dispatcher:Failed to fetch updates - TelegramConflictError: Telegram server says - Conflict: terminated by other getUpdates request; make sure that only one bot instance is running
WARNING:aiogram.dispatcher:Sleep for 1.390117 seconds and try again... (tryings = 1, bot id = 8802005800)
ERROR:aiogram.dispatcher:Failed to fetch updates - TelegramConflictError: Telegram server says - Conflict: terminated by other getUpdates request; make sure that only one bot instance is running
WARNING:aiogram.dispatcher:Sleep for 1.705836 seconds and try again... (tryings = 2, bot id = 8802005800)
INFO:aiogram.dispatcher:Connection established (tryings = 3, bot id = 8802005800)
INFO:aiogram.event:Update id=636335546 is not handled. Duration 3 ms by bot id=8802005800
ERROR:aiogram.dispatcher:Failed to fetch updates - TelegramConflictError: Telegram server says - Conflict: terminated by other getUpdates request; make sure that only one bot instance is running
WARNING:aiogram.dispatcher:Sleep for 1.000000 seconds and try again... (tryings = 0, bot id = 8802005800)
ERROR:aiogram.dispatcher:Failed to fetch updates - TelegramConflictError: Telegram server says - Conflict: terminated by other getUpdates request; make sure that only one bot instance is running
WARNING:aiogram.dispatcher:Sleep for 1.456135 seconds and try again... (tryings = 1, bot id = 8802005800)
INFO:aiogram.dispatcher:Connection established (tryings = 2, bot id = 8802005800)
INFO:aiogram.event:Update id=636335547 is not handled. Duration 5 ms by bot id=8802005800
ERROR:aiogram.dispatcher:Failed to fetch updates - TelegramConflictError: Telegram server says - Conflict: terminated by other getUpdates request; make sure that only one bot instance is running
WARNING:aiogram.dispatcher:Sleep for 1.000000 seconds and try again... (tryings = 0, bot id = 8802005800)
INFO:aiogram.dispatcher:Connection established (tryings = 1, bot id = 8802005800)
INFO:aiogram.event:Update id=636335548 is not handled. Duration 6 ms by bot id=8802005800
ERROR:aiogram.dispatcher:Failed to fetch updates - TelegramConflictError: Telegram server says - Conflict: terminated by other getUpdates request; make sure that only one bot instance is running
WARNING:aiogram.dispatcher:Sleep for 1.000000 seconds and try again... (tryings = 0, bot id = 8802005800)
ERROR:aiogram.dispatcher:Failed to fetch updates - TelegramConflictError: Telegram server says - Conflict: terminated by other getUpdates request; make sure that only one bot instance is running
WARNING:aiogram.dispatcher:Sleep for 1.375989 seconds and try again... (tryings = 1, bot id = 8802005800)
INFO:aiogram.dispatcher:Connection established (tryings = 2, bot id = 8802005800)
INFO:aiogram.event:Update id=636335549 is not handled. Duration 3 ms by bot id=8802005800
ERROR:aiogram.dispatcher:Failed to fetch updates - TelegramConflictError: Telegram server says - Conflict: terminated by other getUpdates request; make sure that only one bot instance is running
WARNING:aiogram.dispatcher:Sleep for 1.000000 seconds and try again... (tryings = 0, bot id = 8802005800)
ERROR:aiogram.dispatcher:Failed to fetch updates - TelegramConflictError: Telegram server says - Conflict: terminated by other getUpdates request; make sure that only one bot instance is running
WARNING:aiogram.dispatcher:Sleep for 1.313211 seconds and try again... (tryings = 1, bot id = 8802005800)
ERROR:aiogram.dispatcher:Failed to fetch updates - TelegramConflictError: Telegram server says - Conflict: terminated by other getUpdates request; make sure that only one bot instance is running
WARNING:aiogram.dispatcher:Sleep for 1.915884 seconds and try again... (tryings = 2, bot id = 8802005800)
ERROR:aiogram.dispatcher:Failed to fetch updates - TelegramConflictError: Telegram server says - Conflict: terminated by other getUpdates request; make sure that only one bot instance is running
WARNING:aiogram.dispatcher:Sleep for 2.553054 seconds and try again... (tryings = 3, bot id = 8802005800)
ERROR:aiogram.dispatcher:Failed to fetch updates - TelegramConflictError: Telegram server says - Conflict: terminated by other getUpdates request; make sure that only one bot instance is running
WARNING:aiogram.dispatcher:Sleep for 3.256014 seconds and try again... (tryings = 4, bot id = 8802005800)
ERROR:aiogram.dispatcher:Failed to fetch updates - TelegramConflictError: Telegram server says - Conflict: terminated by other getUpdates request; make sure that only one bot instance is running
WARNING:aiogram.dispatcher:Sleep for 4.142912 seconds and try again... (tryings = 5, bot id = 8802005800)
ERROR:aiogram.dispatcher:Failed to fetch updates - TelegramConflictError: Telegram server says - Conflict: terminated by other getUpdates request; make sure that only one bot instance is running
WARNING:aiogram.dispatcher:Sleep for 5.110503 seconds and try again... (tryings = 6, bot id = 8802005800)
ERROR:aiogram.dispatcher:Failed to fetch updates - TelegramConflictError: Telegram server says - Conflict: terminated by other getUpdates request; make sure that only one bot instance is running
WARNING:aiogram.dispatcher:Sleep for 5.012805 seconds and try again... (tryings = 7, bot id = 8802005800)
ERROR:aiogram.dispatcher:Failed to fetch updates - TelegramConflictError: Telegram server says - Conflict: terminated by other getUpdates request; make sure that only one bot instance is running
WARNING:aiogram.dispatcher:Sleep for 5.149675 seconds and try again... (tryings = 8, bot id = 8802005800)
INFO:aiogram.dispatcher:Connection established (tryings = 9, bot id = 8802005800)
ERROR:aiogram.dispatcher:Failed to fetch updates - TelegramConflictError: Telegram server says - Conflict: terminated by other getUpdates request; make sure that only one bot instance is running
WARNING:aiogram.dispatcher:Sleep for 1.000000 seconds and try again... (tryings = 0, bot id = 8802005800)
INFO:aiogram.event:Update id=636335551 is handled. Duration 3195 ms by bot id=8802005800
ERROR:aiogram.dispatcher:Failed to fetch updates - TelegramConflictError: Telegram server says - Conflict: terminated by other getUpdates request; make sure that only one bot instance is running
WARNING:aiogram.dispatcher:Sleep for 1.347839 seconds and try again... (tryings = 1, bot id = 8802005800)
ERROR:aiogram.dispatcher:Failed to fetch updates - TelegramConflictError: Telegram server says - Conflict: terminated by other getUpdates request; make sure that only one bot instance is running
WARNING:aiogram.dispatcher:Sleep for 1.711682 seconds and try again... (tryings = 2, bot id = 8802005800)
ERROR:aiogram.dispatcher:Failed to fetch updates - TelegramConflictError: Telegram server says - Conflict: terminated by other getUpdates request; make sure that only one bot instance is running
WARNING:aiogram.dispatcher:Sleep for 2.271510 seconds and try again... (tryings = 3, bot id = 8802005800)
ERROR:aiogram.dispatcher:Failed to fetch updates - TelegramConflictError: Telegram server says - Conflict: terminated by other getUpdates request; make sure that only one bot instance is running
WARNING:aiogram.dispatcher:Sleep for 2.903087 seconds and try again... (tryings = 4, bot id = 8802005800)
ERROR:aiogram.dispatcher:Failed to fetch updates - TelegramConflictError: Telegram server says - Conflict: terminated by other getUpdates request; make sure that only one bot instance is running
WARNING:aiogram.dispatcher:Sleep for 3.796648 seconds and try again... (tryings = 5, bot id = 8802005800)
ERROR:aiogram.dispatcher:Failed to fetch updates - TelegramConflictError: Telegram server says - Conflict: terminated by other getUpdates request; make sure that only one bot instance is running
WARNING:aiogram.dispatcher:Sleep for 4.965148 seconds and try again... (tryings = 6, bot id = 8802005800)
ERROR:aiogram.dispatcher:Failed to fetch updates - TelegramConflictError: Telegram server says - Conflict: terminated by other getUpdates request; make sure that only one bot instance is running
WARNING:aiogram.dispatcher:Sleep for 5.082031 seconds and try again... (tryings = 7, bot id = 8802005800)
ERROR:aiogram.dispatcher:Failed to fetch updates - TelegramConflictError: Telegram server says - Conflict: terminated by other getUpdates request; make sure that only one bot instance is running
WARNING:aiogram.dispatcher:Sleep for 5.100024 seconds and try again... (tryings = 8, bot id = 8802005800)
ERROR:aiogram.dispatcher:Failed to fetch updates - TelegramConflictError: Telegram server says - Conflict: terminated by other getUpdates request; make sure that only one bot instance is running
WARNING:aiogram.dispatcher:Sleep for 5.033542 seconds and try again... (tryings = 9, bot id = 8802005800)
ERROR:aiogram.dispatcher:Failed to fetch updates - TelegramConflictError: Telegram server says - Conflict: terminated by other getUpdates request; make sure that only one bot instance is running
WARNING:aiogram.dispatcher:Sleep for 5.018733 seconds and try again... (tryings = 10, bot id = 8802005800)
ERROR:aiogram.dispatcher:Failed to fetch updates - TelegramConflictError: Telegram server says - Conflict: terminated by other getUpdates request; make sure that only one bot instance is running
WARNING:aiogram.dispatcher:Sleep for 5.051301 seconds and try again... (tryings = 11, bot id = 8802005800)
ERROR:aiogram.dispatcher:Failed to fetch updates - TelegramConflictError: Telegram server says - Conflict: terminated by other getUpdates request; make sure that only one bot instance is running
WARNING:aiogram.dispatcher:Sleep for 5.004436 seconds and try again... (tryings = 12, bot id = 8802005800)
ERROR:aiogram.dispatcher:Failed to fetch updates - TelegramConflictError: Telegram server says - Conflict: terminated by other getUpdates request; make sure that only one bot instance is running
WARNING:aiogram.dispatcher:Sleep for 4.972207 seconds and try again... (tryings = 13, bot id = 8802005800)
ERROR:aiogram.dispatcher:Failed to fetch updates - TelegramConflictError: Telegram server says - Conflict: terminated by other getUpdates request; make sure that only one bot instance is running
WARNING:aiogram.dispatcher:Sleep for 5.017061 seconds and try again... (tryings = 14, bot id = 8802005800)
INFO:aiogram.dispatcher:Connection established (tryings = 15, bot id = 8802005800)
INFO:aiogram.event:Update id=636335552 is handled. Duration 648 ms by bot id=8802005800
ERROR:aiogram.dispatcher:Failed to fetch updates - TelegramConflictError: Telegram server says - Conflict: terminated by other getUpdates request; make sure that only one bot instance is running
WARNING:aiogram.dispatcher:Sleep for 1.000000 seconds and try again... (tryings = 0, bot id = 8802005800)
ERROR:aiogram.dispatcher:Failed to fetch updates - TelegramConflictError: Telegram server says - Conflict: terminated by other getUpdates request; make sure that only one bot instance is running
WARNING:aiogram.dispatcher:Sleep for 1.059708 seconds and try again... (tryings = 1, bot id = 8802005800)
INFO:aiogram.dispatcher:Connection established (tryings = 2, bot id = 8802005800)
ERROR:aiogram.dispatcher:Failed to fetch updates - TelegramConflictError: Telegram server says - Conflict: terminated by other getUpdates request; make sure that only one bot instance is running
WARNING:aiogram.dispatcher:Sleep for 1.000000 seconds and try again... (tryings = 0, bot id = 8802005800)
INFO:aiogram.event:Update id=636335553 is handled. Duration 5247 ms by bot id=8802005800
ERROR:aiogram.dispatcher:Failed to fetch updates - TelegramConflictError: Telegram server says - Conflict: terminated by other getUpdates request; make sure that only one bot instance is running
WARNING:aiogram.dispatcher:Sleep for 1.148785 seconds and try again... (tryings = 1, bot id = 8802005800)
ERROR:aiogram.dispatcher:Failed to fetch updates - TelegramConflictError: Telegram server says - Conflict: terminated by other getUpdates request; make sure that only one bot instance is running
WARNING:aiogram.dispatcher:Sleep for 1.373853 seconds and try again... (tryings = 2, bot id = 8802005800)
ERROR:aiogram.dispatcher:Failed to fetch updates - TelegramConflictError: Telegram server says - Conflict: terminated by other getUpdates request; make sure that only one bot instance is running
WARNING:aiogram.dispatcher:Sleep for 1.657466 seconds and try again... (tryings = 3, bot id = 8802005800)
ERROR:aiogram.dispatcher:Failed to fetch updates - TelegramConflictError: Telegram server says - Conflict: terminated by other getUpdates request; make sure that only one bot instance is running
WARNING:aiogram.dispatcher:Sleep for 2.132085 seconds and try again... (tryings = 4, bot id = 8802005800)
INFO:aiogram.dispatcher:Connection established (tryings = 5, bot id = 8802005800)
INFO:aiogram.event:Update id=636335555 is handled. Duration 1874 ms by bot id=8802005800
ERROR:aiogram.dispatcher:Failed to fetch updates - TelegramConflictError: Telegram server says - Conflict: terminated by other getUpdates request; make sure that only one bot instance is running
WARNING:aiogram.dispatcher:Sleep for 1.000000 seconds and try again... (tryings = 0, bot id = 8802005800)
ERROR:aiogram.dispatcher:Failed to fetch updates - TelegramConflictError: Telegram server says - Conflict: terminated by other getUpdates request; make sure that only one bot instance is running
WARNING:aiogram.dispatcher:Sleep for 1.387089 seconds and try again... (tryings = 1, bot id = 8802005800)
INFO:aiogram.dispatcher:Connection established (tryings = 2, bot id = 8802005800)
ERROR:aiogram.dispatcher:Failed to fetch updates - TelegramConflictError: Telegram server says - Conflict: terminated by other getUpdates request; make sure that only one bot instance is running
WARNING:aiogram.dispatcher:Sleep for 1.000000 seconds and try again... (tryings = 0, bot id = 8802005800)
INFO:aiogram.event:Update id=636335556 is handled. Duration 2670 ms by bot id=8802005800
ERROR:aiogram.dispatcher:Failed to fetch updates - TelegramConflictError: Telegram server says - Conflict: terminated by other getUpdates request; make sure that only one bot instance is running
WARNING:aiogram.dispatcher:Sleep for 1.289227 seconds and try again... (tryings = 1, bot id = 8802005800)
INFO:aiogram.dispatcher:Connection established (tryings = 2, bot id = 8802005800)
INFO:aiogram.event:Update id=636335557 is handled. Duration 2219 ms by bot id=8802005800
ERROR:aiogram.dispatcher:Failed to fetch updates - TelegramConflictError: Telegram server says - Conflict: terminated by other getUpdates request; make sure that only one bot instance is running
WARNING:aiogram.dispatcher:Sleep for 1.000000 seconds and try again... (tryings = 0, bot id = 8802005800)
ERROR:aiogram.dispatcher:Failed to fetch updates - TelegramConflictError: Telegram server says - Conflict: terminated by other getUpdates request; make sure that only one bot instance is running
WARNING:aiogram.dispatcher:Sleep for 1.292550 seconds and try again... (tryings = 1, bot id = 8802005800)
ERROR:aiogram.dispatcher:Failed to fetch updates - TelegramConflictError: Telegram server says - Conflict: terminated by other getUpdates request; make sure that only one bot instance is running
WARNING:aiogram.dispatcher:Sleep for 1.646752 seconds and try again... (tryings = 2, bot id = 8802005800)
INFO:aiogram.dispatcher:Connection established (tryings = 3, bot id = 8802005800)
INFO:aiogram.event:Update id=636335558 is handled. Duration 2799 ms by bot id=8802005800
ERROR:aiogram.dispatcher:Failed to fetch updates - TelegramConflictError: Telegram server says - Conflict: terminated by other getUpdates request; make sure that only one bot instance is running
WARNING:aiogram.dispatcher:Sleep for 1.000000 seconds and try again... (tryings = 0, bot id = 8802005800)
ERROR:aiogram.dispatcher:Failed to fetch updates - TelegramConflictError: Telegram server says - Conflict: terminated by other getUpdates request; make sure that only one bot instance is running
WARNING:aiogram.dispatcher:Sleep for 1.323311 seconds and try again... (tryings = 1, bot id = 8802005800)
ERROR:aiogram.dispatcher:Failed to fetch updates - TelegramConflictError: Telegram server says - Conflict: terminated by other getUpdates request; make sure that only one bot instance is running
WARNING:aiogram.dispatcher:Sleep for 1.754603 seconds and try again... (tryings = 2, bot id = 8802005800)
INFO:aiogram.dispatcher:Connection established (tryings = 3, bot id = 8802005800)
INFO:aiogram.event:Update id=636335559 is not handled. Duration 5 ms by bot id=8802005800
ERROR:aiogram.dispatcher:Failed to fetch updates - TelegramConflictError: Telegram server says - Conflict: terminated by other getUpdates request; make sure that only one bot instance is running
WARNING:aiogram.dispatcher:Sleep for 1.000000 seconds and try again... (tryings = 0, bot id = 8802005800)
ERROR:aiogram.dispatcher:Failed to fetch updates - TelegramConflictError: Telegram server says - Conflict: terminated by other getUpdates request; make sure that only one bot instance is running
WARNING:aiogram.dispatcher:Sleep for 1.317128 seconds and try again... (tryings = 1, bot id = 8802005800)
ERROR:aiogram.dispatcher:Failed to fetch updates - TelegramConflictError: Telegram server says - Conflict: terminated by other getUpdates request; make sure that only one bot instance is running
WARNING:aiogram.dispatcher:Sleep for 1.544439 seconds and try again... (tryings = 2, bot id = 8802005800)
ERROR:aiogram.dispatcher:Failed to fetch updates - TelegramConflictError: Telegram server says - Conflict: terminated by other getUpdates request; make sure that only one bot instance is running
WARNING:aiogram.dispatcher:Sleep for 2.014469 seconds and try again... (tryings = 3, bot id = 8802005800)
INFO:aiogram.dispatcher:Connection established (tryings = 4, bot id = 8802005800)
INFO:aiogram.event:Update id=636335560 is handled. Duration 2186 ms by bot id=8802005800
ERROR:aiogram.dispatcher:Failed to fetch updates - TelegramConflictError: Telegram server says - Conflict: terminated by other getUpdates request; make sure that only one bot instance is running
WARNING:aiogram.dispatcher:Sleep for 1.000000 seconds and try again... (tryings = 0, bot id = 8802005800)
ERROR:aiogram.dispatcher:Failed to fetch updates - TelegramConflictError: Telegram server says - Conflict: terminated by other getUpdates request; make sure that only one bot instance is running
WARNING:aiogram.dispatcher:Sleep for 1.321721 seconds and try again... (tryings = 1, bot id = 8802005800)
ERROR:aiogram.dispatcher:Failed to fetch updates - TelegramConflictError: Telegram server says - Conflict: terminated by other getUpdates request; make sure that only one bot instance is running
WARNING:aiogram.dispatcher:Sleep for 1.858637 seconds and try again... (tryings = 2, bot id = 8802005800)
ERROR:aiogram.dispatcher:Failed to fetch updates - TelegramConflictError: Telegram server says - Conflict: terminated by other getUpdates request; make sure that only one bot instance is running
WARNING:aiogram.dispatcher:Sleep for 2.330500 seconds and try again... (tryings = 3, bot id = 8802005800)
ERROR:aiogram.dispatcher:Failed to fetch updates - TelegramConflictError: Telegram server says - Conflict: terminated by other getUpdates request; make sure that only one bot instance is running
WARNING:aiogram.dispatcher:Sleep for 3.015612 seconds and try again... (tryings = 4, bot id = 8802005800)
ERROR:aiogram.dispatcher:Failed to fetch updates - TelegramConflictError: Telegram server says - Conflict: terminated by other getUpdates request; make sure that only one bot instance is running
WARNING:aiogram.dispatcher:Sleep for 3.909706 seconds and try again... (tryings = 5, bot id = 8802005800)
ERROR:aiogram.dispatcher:Failed to fetch updates - TelegramConflictError: Telegram server says - Conflict: terminated by other getUpdates request; make sure that only one bot instance is running
WARNING:aiogram.dispatcher:Sleep for 4.834696 seconds and try again... (tryings = 6, bot id = 8802005800)
ERROR:aiogram.dispatcher:Failed to fetch updates - TelegramConflictError: Telegram server says - Conflict: terminated by other getUpdates request; make sure that only one bot instance is running
WARNING:aiogram.dispatcher:Sleep for 5.062542 seconds and try again... (tryings = 7, bot id = 8802005800)
ERROR:aiogram.dispatcher:Failed to fetch updates - TelegramConflictError: Telegram server says - Conflict: terminated by other getUpdates request; make sure that only one bot instance is running
WARNING:aiogram.dispatcher:Sleep for 5.125191 seconds and try again... (tryings = 8, bot id = 8802005800)
ERROR:aiogram.dispatcher:Failed to fetch updates - TelegramConflictError: Telegram server says - Conflict: terminated by other getUpdates request; make sure that only one bot instance is running
WARNING:aiogram.dispatcher:Sleep for 5.010228 seconds and try again... (tryings = 9, bot id = 8802005800)
ERROR:aiogram.dispatcher:Failed to fetch updates - TelegramConflictError: Telegram server says - Conflict: terminated by other getUpdates request; make sure that only one bot instance is running
WARNING:aiogram.dispatcher:Sleep for 4.867700 seconds and try again... (tryings = 10, bot id = 8802005800)
ERROR:aiogram.dispatcher:Failed to fetch updates - TelegramConflictError: Telegram server says - Conflict: terminated by other getUpdates request; make sure that only one bot instance is running
WARNING:aiogram.dispatcher:Sleep for 5.113184 seconds and try again... (tryings = 11, bot id = 8802005800)
ERROR:aiogram.dispatcher:Failed to fetch updates - TelegramConflictError: Telegram server says - Conflict: terminated by other getUpdates request; make sure that only one bot instance is running
WARNING:aiogram.dispatcher:Sleep for 5.214803 seconds and try again... (tryings = 12, bot id = 8802005800)
INFO:aiogram.dispatcher:Connection established (tryings = 13, bot id = 8802005800)
INFO:aiogram.event:Update id=636335561 is handled. Duration 2011 ms by bot id=8802005800
ERROR:aiogram.dispatcher:Failed to fetch updates - TelegramConflictError: Telegram server says - Conflict: terminated by other getUpdates request; make sure that only one bot instance is running
WARNING:aiogram.dispatcher:Sleep for 1.000000 seconds and try again... (tryings = 0, bot id = 8802005800)
ERROR:aiogram.dispatcher:Failed to fetch updates - TelegramConflictError: Telegram server says - Conflict: terminated by other getUpdates request; make sure that only one bot instance is running
WARNING:aiogram.dispatcher:Sleep for 1.523741 seconds and try again... (tryings = 1, bot id = 8802005800)
ERROR:aiogram.dispatcher:Failed to fetch updates - TelegramConflictError: Telegram server says - Conflict: terminated by other getUpdates request; make sure that only one bot instance is running
WARNING:aiogram.dispatcher:Sleep for 1.903734 seconds and try again... (tryings = 2, bot id = 8802005800)
ERROR:aiogram.dispatcher:Failed to fetch updates - TelegramConflictError: Telegram server says - Conflict: terminated by other getUpdates request; make sure that only one bot instance is running
WARNING:aiogram.dispatcher:Sleep for 2.579043 seconds and try again... (tryings = 3, bot id = 8802005800)
ERROR:aiogram.dispatcher:Failed to fetch updates - TelegramConflictError: Telegram server says - Conflict: terminated by other getUpdates request; make sure that only one bot instance is running
WARNING:aiogram.dispatcher:Sleep for 3.645473 seconds and try again... (tryings = 4, bot id = 8802005800)
ERROR:aiogram.dispatcher:Failed to fetch updates - TelegramConflictError: Telegram server says - Conflict: terminated by other getUpdates request; make sure that only one bot instance is running
WARNING:aiogram.dispatcher:Sleep for 4.943956 seconds and try again... (tryings = 5, bot id = 8802005800)
ERROR:aiogram.dispatcher:Failed to fetch updates - TelegramConflictError: Telegram server says - Conflict: terminated by other getUpdates request; make sure that only one bot instance is running
WARNING:aiogram.dispatcher:Sleep for 5.041492 seconds and try again... (tryings = 6, bot id = 8802005800)
ERROR:aiogram.dispatcher:Failed to fetch updates - TelegramConflictError: Telegram server says - Conflict: terminated by other getUpdates request; make sure that only one bot instance is running
WARNING:aiogram.dispatcher:Sleep for 4.894712 seconds and try again... (tryings = 7, bot id = 8802005800)
ERROR:aiogram.dispatcher:Failed to fetch updates - TelegramConflictError: Telegram server says - Conflict: terminated by other getUpdates request; make sure that only one bot instance is running
WARNING:aiogram.dispatcher:Sleep for 4.898635 seconds and try again... (tryings = 8, bot id = 8802005800)
ERROR:aiogram.dispatcher:Failed to fetch updates - TelegramConflictError: Telegram server says - Conflict: terminated by other getUpdates request; make sure that only one bot instance is running
WARNING:aiogram.dispatcher:Sleep for 5.003672 seconds and try again... (tryings = 9, bot id = 8802005800)
ERROR:aiogram.dispatcher:Failed to fetch updates - TelegramConflictError: Telegram server says - Conflict: terminated by other getUpdates request; make sure that only one bot instance is running
WARNING:aiogram.dispatcher:Sleep for 4.816744 seconds and try again... (tryings = 10, bot id = 8802005800)
ERROR:aiogram.dispatcher:Failed to fetch updates - TelegramConflictError: Telegram server says - Conflict: terminated by other getUpdates request; make sure that only one bot instance is running
WARNING:aiogram.dispatcher:Sleep for 5.154089 seconds and try again... (tryings = 11, bot id = 8802005800)
ERROR:aiogram.dispatcher:Failed to fetch updates - TelegramConflictError: Telegram server says - Conflict: terminated by other getUpdates request; make sure that only one bot instance is running
WARNING:aiogram.dispatcher:Sleep for 4.991832 seconds and try again... (tryings = 12, bot id = 8802005800)
ERROR:aiogram.dispatcher:Failed to fetch updates - TelegramConflictError: Telegram server says - Conflict: terminated by other getUpdates request; make sure that only one bot instance is running
WARNING:aiogram.dispatcher:Sleep for 5.041500 seconds and try again... (tryings = 13, bot id = 8802005800)
ERROR:aiogram.dispatcher:Failed to fetch updates - TelegramConflictError: Telegram server says - Conflict: terminated by other getUpdates request; make sure that only one bot instance is running
WARNING:aiogram.dispatcher:Sleep for 5.024269 seconds and try again... (tryings = 14, bot id = 8802005800)
ERROR:aiogram.dispatcher:Failed to fetch updates - TelegramConflictError: Telegram server says - Conflict: terminated by other getUpdates request; make sure that only one bot instance is running
WARNING:aiogram.dispatcher:Sleep for 4.879299 seconds and try again... (tryings = 15, bot id = 8802005800)
ERROR:aiogram.dispatcher:Failed to fetch updates - TelegramConflictError: Telegram server says - Conflict: terminated by other getUpdates request; make sure that only one bot instance is running
WARNING:aiogram.dispatcher:Sleep for 4.998172 seconds and try again... (tryings = 16, bot id = 8802005800)
ERROR:aiogram.dispatcher:Failed to fetch updates - TelegramConflictError: Telegram server says - Conflict: terminated by other getUpdates request; make sure that only one bot instance is running
WARNING:aiogram.dispatcher:Sleep for 4.929198 seconds and try again... (tryings = 17, bot id = 8802005800)
ERROR:aiogram.dispatcher:Failed to fetch updates - TelegramConflictError: Telegram server says - Conflict: terminated by other getUpdates request; make sure that only one bot instance is running
WARNING:aiogram.dispatcher:Sleep for 5.125546 seconds and try again... (tryings = 18, bot id = 8802005800)
ERROR:aiogram.dispatcher:Failed to fetch updates - TelegramConflictError: Telegram server says - Conflict: terminated by other getUpdates request; make sure that only one bot instance is running
WARNING:aiogram.dispatcher:Sleep for 5.041142 seconds and try again... (tryings = 19, bot id = 8802005800)
ERROR:aiogram.dispatcher:Failed to fetch updates - TelegramConflictError: Telegram server says - Conflict: terminated by other getUpdates request; make sure that only one bot instance is running
WARNING:aiogram.dispatcher:Sleep for 4.986094 seconds and try again... (tryings = 20, bot id = 8802005800)
ERROR:aiogram.dispatcher:Failed to fetch updates - TelegramConflictError: Telegram server says - Conflict: terminated by other getUpdates request; make sure that only one bot instance is running
WARNING:aiogram.dispatcher:Sleep for 5.056193 seconds and try again... (tryings = 21, bot id = 8802005800)
ERROR:aiogram.dispatcher:Failed to fetch updates - TelegramConflictError: Telegram server says - Conflict: terminated by other getUpdates request; make sure that only one bot instance is running
WARNING:aiogram.dispatcher:Sleep for 4.912300 seconds and try again... (tryings = 22, bot id = 8802005800)
ERROR:aiogram.dispatcher:Failed to fetch updates - TelegramConflictError: Telegram server says - Conflict: terminated by other getUpdates request; make sure that only one bot instance is running
WARNING:aiogram.dispatcher:Sleep for 5.014983 seconds and try again... (tryings = 23, bot id = 8802005800)
ERROR:aiogram.dispatcher:Failed to fetch updates - TelegramConflictError: Telegram server says - Conflict: terminated by other getUpdates request; make sure that only one bot instance is running
WARNING:aiogram.dispatcher:Sleep for 4.876396 seconds and try again... (tryings = 24, bot id = 8802005800)
ERROR:aiogram.dispatcher:Failed to fetch updates - TelegramConflictError: Telegram server says - Conflict: terminated by other getUpdates request; make sure that only one bot instance is running
WARNING:aiogram.dispatcher:Sleep for 5.071100 seconds and try again... (tryings = 25, bot id = 8802005800)
ERROR:aiogram.dispatcher:Failed to fetch updates - TelegramConflictError: Telegram server says - Conflict: terminated by other getUpdates request; make sure that only one bot instance is running
WARNING:aiogram.dispatcher:Sleep for 4.957002 seconds and try again... (tryings = 26, bot id = 8802005800)
ERROR:aiogram.dispatcher:Failed to fetch updates - TelegramConflictError: Telegram server says - Conflict: terminated by other getUpdates request; make sure that only one bot instance is running
WARNING:aiogram.dispatcher:Sleep for 5.159308 seconds and try again... (tryings = 27, bot id = 8802005800)
ERROR:aiogram.dispatcher:Failed to fetch updates - TelegramConflictError: Telegram server says - Conflict: terminated by other getUpdates request; make sure that only one bot instance is running
WARNING:aiogram.dispatcher:Sleep for 4.929676 seconds and try again... (tryings = 28, bot id = 8802005800)
ERROR:aiogram.dispatcher:Failed to fetch updates - TelegramConflictError: Telegram server says - Conflict: terminated by other getUpdates request; make sure that only one bot instance is running
WARNING:aiogram.dispatcher:Sleep for 4.982570 seconds and try again... (tryings = 29, bot id = 8802005800)
ERROR:aiogram.dispatcher:Failed to fetch updates - TelegramConflictError: Telegram server says - Conflict: terminated by other getUpdates request; make sure that only one bot instance is running
WARNING:aiogram.dispatcher:Sleep for 5.143432 seconds and try again... (tryings = 30, bot id = 8802005800)
ERROR:aiogram.dispatcher:Failed to fetch updates - TelegramConflictError: Telegram server says - Conflict: terminated by other getUpdates request; make sure that only one bot instance is running
WARNING:aiogram.dispatcher:Sleep for 4.924997 seconds and try again... (tryings = 31, bot id = 8802005800)
ERROR:aiogram.dispatcher:Failed to fetch updates - TelegramConflictError: Telegram server says - Conflict: terminated by other getUpdates request; make sure that only one bot instance is running
WARNING:aiogram.dispatcher:Sleep for 4.920445 seconds and try again... (tryings = 32, bot id = 8802005800)
ERROR:aiogram.dispatcher:Failed to fetch updates - TelegramConflictError: Telegram server says - Conflict: terminated by other getUpdates request; make sure that only one bot instance is running
WARNING:aiogram.dispatcher:Sleep for 5.089464 seconds and try again... (tryings = 33, bot id = 8802005800)
ERROR:aiogram.dispatcher:Failed to fetch updates - TelegramConflictError: Telegram server says - Conflict: terminated by other getUpdates request; make sure that only one bot instance is running
WARNING:aiogram.dispatcher:Sleep for 4.962795 seconds and try again... (tryings = 34, bot id = 8802005800)
ERROR:aiogram.dispatcher:Failed to fetch updates - TelegramConflictError: Telegram server says - Conflict: terminated by other getUpdates request; make sure that only one bot instance is running
WARNING:aiogram.dispatcher:Sleep for 4.896157 seconds and try again... (tryings = 35, bot id = 8802005800)
ERROR:aiogram.dispatcher:Failed to fetch updates - TelegramConflictError: Telegram server says - Conflict: terminated by other getUpdates request; make sure that only one bot instance is running
WARNING:aiogram.dispatcher:Sleep for 5.176554 seconds and try again... (tryings = 36, bot id = 8802005800)
ERROR:aiogram.dispatcher:Failed to fetch updates - TelegramConflictError: Telegram server says - Conflict: terminated by other getUpdates request; make sure that only one bot instance is running
WARNING:aiogram.dispatcher:Sleep for 5.038474 seconds and try again... (tryings = 37, bot id = 8802005800)
ERROR:aiogram.dispatcher:Failed to fetch updates - TelegramConflictError: Telegram server says - Conflict: terminated by other getUpdates request; make sure that only one bot instance is running
WARNING:aiogram.dispatcher:Sleep for 4.959884 seconds and try again... (tryings = 38, bot id = 8802005800)
ERROR:aiogram.dispatcher:Failed to fetch updates - TelegramConflictError: Telegram server says - Conflict: terminated by other getUpdates request; make sure that only one bot instance is running
WARNING:aiogram.dispatcher:Sleep for 4.920522 seconds and try again... (tryings = 39, bot id = 8802005800)
ERROR:aiogram.dispatcher:Failed to fetch updates - TelegramConflictError: Telegram server says - Conflict: terminated by other getUpdates request; make sure that only one bot instance is running
WARNING:aiogram.dispatcher:Sleep for 5.022375 seconds and try again... (tryings = 40, bot id = 8802005800)
INFO:aiogram.dispatcher:Connection established (tryings = 41, bot id = 8802005800)
INFO:aiogram.event:Update id=636335563 is not handled. Duration 5 ms by bot id=8802005800
ERROR:aiogram.dispatcher:Failed to fetch updates - TelegramConflictError: Telegram server says - Conflict: terminated by other getUpdates request; make sure that only one bot instance is running
WARNING:aiogram.dispatcher:Sleep for 1.000000 seconds and try again... (tryings = 0, bot id = 8802005800)
INFO:aiogram.dispatcher:Connection established (tryings = 1, bot id = 8802005800)
INFO:aiogram.event:Update id=636335564 is not handled. Duration 6 ms by bot id=8802005800
ERROR:aiogram.dispatcher:Failed to fetch updates - TelegramConflictError: Telegram server says - Conflict: terminated by other getUpdates request; make sure that only one bot instance is running
WARNING:aiogram.dispatcher:Sleep for 1.000000 seconds and try again... (tryings = 0, bot id = 8802005800)
ERROR:aiogram.dispatcher:Failed to fetch updates - TelegramConflictError: Telegram server says - Conflict: terminated by other getUpdates request; make sure that only one bot instance is running
WARNING:aiogram.dispatcher:Sleep for 1.142586 seconds and try again... (tryings = 1, bot id = 8802005800)
ERROR:aiogram.dispatcher:Failed to fetch updates - TelegramConflictError: Telegram server says - Conflict: terminated by other getUpdates request; make sure that only one bot instance is running
WARNING:aiogram.dispatcher:Sleep for 1.493725 seconds and try again... (tryings = 2, bot id = 8802005800)
ERROR:aiogram.dispatcher:Failed to fetch updates - TelegramConflictError: Telegram server says - Conflict: terminated by other getUpdates request; make sure that only one bot instance is running
WARNING:aiogram.dispatcher:Sleep for 2.088913 seconds and try again... (tryings = 3, bot id = 8802005800)
ERROR:aiogram.dispatcher:Failed to fetch updates - TelegramConflictError: Telegram server says - Conflict: terminated by other getUpdates request; make sure that only one bot instance is running
WARNING:aiogram.dispatcher:Sleep for 2.684035 seconds and try again... (tryings = 4, bot id = 8802005800)
ERROR:aiogram.dispatcher:Failed to fetch updates - TelegramConflictError: Telegram server says - Conflict: terminated by other getUpdates request; make sure that only one bot instance is running
WARNING:aiogram.dispatcher:Sleep for 3.516768 seconds and try again... (tryings = 5, bot id = 8802005800)
ERROR:aiogram.dispatcher:Failed to fetch updates - TelegramConflictError: Telegram server says - Conflict: terminated by other getUpdates request; make sure that only one bot instance is running
WARNING:aiogram.dispatcher:Sleep for 4.650385 seconds and try again... (tryings = 6, bot id = 8802005800)
ERROR:aiogram.dispatcher:Failed to fetch updates - TelegramConflictError: Telegram server says - Conflict: terminated by other getUpdates request; make sure that only one bot instance is running
WARNING:aiogram.dispatcher:Sleep for 4.987365 seconds and try again... (tryings = 7, bot id = 8802005800)
ERROR:aiogram.dispatcher:Failed to fetch updates - TelegramConflictError: Telegram server says - Conflict: terminated by other getUpdates request; make sure that only one bot instance is running
WARNING:aiogram.dispatcher:Sleep for 5.088119 seconds and try again... (tryings = 8, bot id = 8802005800)
ERROR:aiogram.dispatcher:Failed to fetch updates - TelegramConflictError: Telegram server says - Conflict: terminated by other getUpdates request; make sure that only one bot instance is running
WARNING:aiogram.dispatcher:Sleep for 4.887185 seconds and try again... (tryings = 9, bot id = 8802005800)
ERROR:aiogram.dispatcher:Failed to fetch updates - TelegramConflictError: Telegram server says - Conflict: terminated by other getUpdates request; make sure that only one bot instance is running
WARNING:aiogram.dispatcher:Sleep for 5.017199 seconds and try again... (tryings = 10, bot id = 8802005800)
ERROR:aiogram.dispatcher:Failed to fetch updates - TelegramConflictError: Telegram server says - Conflict: terminated by other getUpdates request; make sure that only one bot instance is running
WARNING:aiogram.dispatcher:Sleep for 4.811417 seconds and try again... (tryings = 11, bot id = 8802005800)
ERROR:aiogram.dispatcher:Failed to fetch updates - TelegramConflictError: Telegram server says - Conflict: terminated by other getUpdates request; make sure that only one bot instance is running
WARNING:aiogram.dispatcher:Sleep for 4.941168 seconds and try again... (tryings = 12, bot id = 8802005800)
ERROR:aiogram.dispatcher:Failed to fetch updates - TelegramConflictError: Telegram server says - Conflict: terminated by other getUpdates request; make sure that only one bot instance is running
WARNING:aiogram.dispatcher:Sleep for 4.991218 seconds and try again... (tryings = 13, bot id = 8802005800)
ERROR:aiogram.dispatcher:Failed to fetch updates - TelegramConflictError: Telegram server says - Conflict: terminated by other getUpdates request; make sure that only one bot instance is running
WARNING:aiogram.dispatcher:Sleep for 4.836822 seconds and try again... (tryings = 14, bot id = 8802005800)
ERROR:aiogram.dispatcher:Failed to fetch updates - TelegramConflictError: Telegram server says - Conflict: terminated by other getUpdates request; make sure that only one bot instance is running
WARNING:aiogram.dispatcher:Sleep for 4.927255 seconds and try again... (tryings = 15, bot id = 8802005800)
ERROR:aiogram.dispatcher:Failed to fetch updates - TelegramConflictError: Telegram server says - Conflict: terminated by other getUpdates request; make sure that only one bot instance is running
WARNING:aiogram.dispatcher:Sleep for 5.079341 seconds and try again... (tryings = 16, bot id = 8802005800)
ERROR:aiogram.dispatcher:Failed to fetch updates - TelegramConflictError: Telegram server says - Conflict: terminated by other getUpdates request; make sure that only one bot instance is running
WARNING:aiogram.dispatcher:Sleep for 4.790572 seconds and try again... (tryings = 17, bot id = 8802005800)
ERROR:aiogram.dispatcher:Failed to fetch updates - TelegramConflictError: Telegram server says - Conflict: terminated by other getUpdates request; make sure that only one bot instance is running
WARNING:aiogram.dispatcher:Sleep for 5.098338 seconds and try again... (tryings = 18, bot id = 8802005800)
ERROR:aiogram.dispatcher:Failed to fetch updates - TelegramConflictError: Telegram server says - Conflict: terminated by other getUpdates request; make sure that only one bot instance is running
WARNING:aiogram.dispatcher:Sleep for 4.991902 seconds and try again... (tryings = 19, bot id = 8802005800)
ERROR:aiogram.dispatcher:Failed to fetch updates - TelegramConflictError: Telegram server says - Conflict: terminated by other getUpdates request; make sure that only one bot instance is running
WARNING:aiogram.dispatcher:Sleep for 4.963095 seconds and try again... (tryings = 20, bot id = 8802005800)
ERROR:aiogram.dispatcher:Failed to fetch updates - TelegramConflictError: Telegram server says - Conflict: terminated by other getUpdates request; make sure that only one bot instance is running
WARNING:aiogram.dispatcher:Sleep for 4.861306 seconds and try again... (tryings = 21, bot id = 8802005800)
ERROR:aiogram.dispatcher:Failed to fetch updates - TelegramConflictError: Telegram server says - Conflict: terminated by other getUpdates request; make sure that only one bot instance is running
WARNING:aiogram.dispatcher:Sleep for 4.878010 seconds and try again... (tryings = 22, bot id = 8802005800)
ERROR:aiogram.dispatcher:Failed to fetch updates - TelegramConflictError: Telegram server says - Conflict: terminated by other getUpdates request; make sure that only one bot instance is running
WARNING:aiogram.dispatcher:Sleep for 4.914602 seconds and try again... (tryings = 23, bot id = 8802005800)
INFO:aiogram.dispatcher:Connection established (tryings = 24, bot id = 8802005800)
INFO:aiogram.event:Update id=636335566 is handled. Duration 536 ms by bot id=8802005800
ERROR:aiogram.dispatcher:Failed to fetch updates - TelegramConflictError: Telegram server says - Conflict: terminated by other getUpdates request; make sure that only one bot instance is running
WARNING:aiogram.dispatcher:Sleep for 1.000000 seconds and try again... (tryings = 0, bot id = 8802005800)
INFO:aiogram.dispatcher:Connection established (tryings = 1, bot id = 8802005800)
INFO:aiogram.event:Update id=636335567 is handled. Duration 2118 ms by bot id=8802005800
ERROR:aiogram.dispatcher:Failed to fetch updates - TelegramConflictError: Telegram server says - Conflict: terminated by other getUpdates request; make sure that only one bot instance is running
WARNING:aiogram.dispatcher:Sleep for 1.000000 seconds and try again... (tryings = 0, bot id = 8802005800)
ERROR:aiogram.dispatcher:Failed to fetch updates - TelegramConflictError: Telegram server says - Conflict: terminated by other getUpdates request; make sure that only one bot instance is running
WARNING:aiogram.dispatcher:Sleep for 1.364188 seconds and try again... (tryings = 1, bot id = 8802005800)
ERROR:aiogram.dispatcher:Failed to fetch updates - TelegramConflictError: Telegram server says - Conflict: terminated by other getUpdates request; make sure that only one bot instance is running
WARNING:aiogram.dispatcher:Sleep for 1.785753 seconds and try again... (tryings = 2, bot id = 8802005800)
ERROR:aiogram.dispatcher:Failed to fetch updates - TelegramConflictError: Telegram server says - Conflict: terminated by other getUpdates request; make sure that only one bot instance is running
WARNING:aiogram.dispatcher:Sleep for 2.162231 seconds and try again... (tryings = 3, bot id = 8802005800)
ERROR:aiogram.dispatcher:Failed to fetch updates - TelegramConflictError: Telegram server says - Conflict: terminated by other getUpdates request; make sure that only one bot instance is running
WARNING:aiogram.dispatcher:Sleep for 2.641031 seconds and try again... (tryings = 4, bot id = 8802005800)
ERROR:aiogram.dispatcher:Failed to fetch updates - TelegramConflictError: Telegram server says - Conflict: terminated by other getUpdates request; make sure that only one bot instance is running
WARNING:aiogram.dispatcher:Sleep for 3.527052 seconds and try again... (tryings = 5, bot id = 8802005800)
ERROR:aiogram.dispatcher:Failed to fetch updates - TelegramConflictError: Telegram server says - Conflict: terminated by other getUpdates request; make sure that only one bot instance is running
WARNING:aiogram.dispatcher:Sleep for 4.689725 seconds and try again... (tryings = 6, bot id = 8802005800)
ERROR:aiogram.dispatcher:Failed to fetch updates - TelegramConflictError: Telegram server says - Conflict: terminated by other getUpdates request; make sure that only one bot instance is running
WARNING:aiogram.dispatcher:Sleep for 5.001860 seconds and try again... (tryings = 7, bot id = 8802005800)
ERROR:aiogram.dispatcher:Failed to fetch updates - TelegramConflictError: Telegram server says - Conflict: terminated by other getUpdates request; make sure that only one bot instance is running
WARNING:aiogram.dispatcher:Sleep for 4.930410 seconds and try again... (tryings = 8, bot id = 8802005800)
ERROR:aiogram.dispatcher:Failed to fetch updates - TelegramConflictError: Telegram server says - Conflict: terminated by other getUpdates request; make sure that only one bot instance is running
WARNING:aiogram.dispatcher:Sleep for 4.897546 seconds and try again... (tryings = 9, bot id = 8802005800)
ERROR:aiogram.dispatcher:Failed to fetch updates - TelegramConflictError: Telegram server says - Conflict: terminated by other getUpdates request; make sure that only one bot instance is running
WARNING:aiogram.dispatcher:Sleep for 4.877345 seconds and try again... (tryings = 10, bot id = 8802005800)
ERROR:aiogram.dispatcher:Failed to fetch updates - TelegramConflictError: Telegram server says - Conflict: terminated by other getUpdates request; make sure that only one bot instance is running
WARNING:aiogram.dispatcher:Sleep for 5.078515 seconds and try again... (tryings = 11, bot id = 8802005800)
INFO:aiogram.dispatcher:Connection established (tryings = 12, bot id = 8802005800)
INFO:aiogram.event:Update id=636335568 is handled. Duration 1992 ms by bot id=8802005800
ERROR:aiogram.dispatcher:Failed to fetch updates - TelegramConflictError: Telegram server says - Conflict: terminated by other getUpdates request; make sure that only one bot instance is running
WARNING:aiogram.dispatcher:Sleep for 1.000000 seconds and try again... (tryings = 0, bot id = 8802005800)
ERROR:aiogram.dispatcher:Failed to fetch updates - TelegramConflictError: Telegram server says - Conflict: terminated by other getUpdates request; make sure that only one bot instance is running
WARNING:aiogram.dispatcher:Sleep for 1.328600 seconds and try again... (tryings = 1, bot id = 8802005800)
ERROR:aiogram.dispatcher:Failed to fetch updates - TelegramConflictError: Telegram server says - Conflict: terminated by other getUpdates request; make sure that only one bot instance is running
WARNING:aiogram.dispatcher:Sleep for 1.823636 seconds and try again... (tryings = 2, bot id = 8802005800)
ERROR:aiogram.dispatcher:Failed to fetch updates - TelegramConflictError: Telegram server says - Conflict: terminated by other getUpdates request; make sure that only one bot instance is running
WARNING:aiogram.dispatcher:Sleep for 2.579642 seconds and try again... (tryings = 3, bot id = 8802005800)
ERROR:aiogram.dispatcher:Failed to fetch updates - TelegramConflictError: Telegram server says - Conflict: terminated by other getUpdates request; make sure that only one bot instance is running
WARNING:aiogram.dispatcher:Sleep for 3.272256 seconds and try again... (tryings = 4, bot id = 8802005800)
ERROR:aiogram.dispatcher:Failed to fetch updates - TelegramConflictError: Telegram server says - Conflict: terminated by other getUpdates request; make sure that only one bot instance is running
WARNING:aiogram.dispatcher:Sleep for 4.462127 seconds and try again... (tryings = 5, bot id = 8802005800)
ERROR:aiogram.dispatcher:Failed to fetch updates - TelegramConflictError: Telegram server says - Conflict: terminated by other getUpdates request; make sure that only one bot instance is running
WARNING:aiogram.dispatcher:Sleep for 4.932511 seconds and try again... (tryings = 6, bot id = 8802005800)
ERROR:aiogram.dispatcher:Failed to fetch updates - TelegramConflictError: Telegram server says - Conflict: terminated by other getUpdates request; make sure that only one bot instance is running
WARNING:aiogram.dispatcher:Sleep for 5.162562 seconds and try again... (tryings = 7, bot id = 8802005800)
ERROR:aiogram.dispatcher:Failed to fetch updates - TelegramConflictError: Telegram server says - Conflict: terminated by other getUpdates request; make sure that only one bot instance is running
WARNING:aiogram.dispatcher:Sleep for 4.984552 seconds and try again... (tryings = 8, bot id = 8802005800)
ERROR:aiogram.dispatcher:Failed to fetch updates - TelegramConflictError: Telegram server says - Conflict: terminated by other getUpdates request; make sure that only one bot instance is running
WARNING:aiogram.dispatcher:Sleep for 4.892938 seconds and try again... (tryings = 9, bot id = 8802005800)
ERROR:aiogram.dispatcher:Failed to fetch updates - TelegramConflictError: Telegram server says - Conflict: terminated by other getUpdates request; make sure that only one bot instance is running
WARNING:aiogram.dispatcher:Sleep for 5.031211 seconds and try again... (tryings = 10, bot id = 8802005800)
ERROR:aiogram.dispatcher:Failed to fetch updates - TelegramConflictError: Telegram server says - Conflict: terminated by other getUpdates request; make sure that only one bot instance is running
WARNING:aiogram.dispatcher:Sleep for 5.100113 seconds and try again... (tryings = 11, bot id = 8802005800)
ERROR:aiogram.dispatcher:Failed to fetch updates - TelegramConflictError: Telegram server says - Conflict: terminated by other getUpdates request; make sure that only one bot instance is running
WARNING:aiogram.dispatcher:Sleep for 4.902436 seconds and try again... (tryings = 12, bot id = 8802005800)
ERROR:aiogram.dispatcher:Failed to fetch updates - TelegramConflictError: Telegram server says - Conflict: terminated by other getUpdates request; make sure that only one bot instance is running
WARNING:aiogram.dispatcher:Sleep for 5.171698 seconds and try again... (tryings = 13, bot id = 8802005800)
ERROR:aiogram.dispatcher:Failed to fetch updates - TelegramConflictError: Telegram server says - Conflict: terminated by other getUpdates request; make sure that only one bot instance is running
WARNING:aiogram.dispatcher:Sleep for 4.770674 seconds and try again... (tryings = 14, bot id = 8802005800)
ERROR:aiogram.dispatcher:Failed to fetch updates - TelegramConflictError: Telegram server says - Conflict: terminated by other getUpdates request; make sure that only one bot instance is running
WARNING:aiogram.dispatcher:Sleep for 4.898557 seconds and try again... (tryings = 15, bot id = 8802005800)
ERROR:aiogram.dispatcher:Failed to fetch updates - TelegramConflictError: Telegram server says - Conflict: terminated by other getUpdates request; make sure that only one bot instance is running
WARNING:aiogram.dispatcher:Sleep for 5.053969 seconds and try again... (tryings = 16, bot id = 8802005800)
ERROR:aiogram.dispatcher:Failed to fetch updates - TelegramConflictError: Telegram server says - Conflict: terminated by other getUpdates request; make sure that only one bot instance is running
WARNING:aiogram.dispatcher:Sleep for 5.004121 seconds and try again... (tryings = 17, bot id = 8802005800)
ERROR:aiogram.dispatcher:Failed to fetch updates - TelegramConflictError: Telegram server says - Conflict: terminated by other getUpdates request; make sure that only one bot instance is running
WARNING:aiogram.dispatcher:Sleep for 5.057244 seconds and try again... (tryings = 18, bot id = 8802005800)
ERROR:aiogram.dispatcher:Failed to fetch updates - TelegramConflictError: Telegram server says - Conflict: terminated by other getUpdates request; make sure that only one bot instance is running
WARNING:aiogram.dispatcher:Sleep for 4.984153 seconds and try again... (tryings = 19, bot id = 8802005800)
ERROR:aiogram.dispatcher:Failed to fetch updates - TelegramConflictError: Telegram server says - Conflict: terminated by other getUpdates request; make sure that only one bot instance is running
WARNING:aiogram.dispatcher:Sleep for 4.898811 seconds and try again... (tryings = 20, bot id = 8802005800)
ERROR:aiogram.dispatcher:Failed to fetch updates - TelegramConflictError: Telegram server says - Conflict: terminated by other getUpdates request; make sure that only one bot instance is running
WARNING:aiogram.dispatcher:Sleep for 5.124800 seconds and try again... (tryings = 21, bot id = 8802005800)
ERROR:aiogram.dispatcher:Failed to fetch updates - TelegramConflictError: Telegram server says - Conflict: terminated by other getUpdates request; make sure that only one bot instance is running
WARNING:aiogram.dispatcher:Sleep for 4.850512 seconds and try again... (tryings = 22, bot id = 8802005800)
ERROR:aiogram.dispatcher:Failed to fetch updates - TelegramConflictError: Telegram server says - Conflict: terminated by other getUpdates request; make sure that only one bot instance is running
WARNING:aiogram.dispatcher:Sleep for 4.939904 seconds and try again... (tryings = 23, bot id = 8802005800)
ERROR:aiogram.dispatcher:Failed to fetch updates - TelegramConflictError: Telegram server says - Conflict: terminated by other getUpdates request; make sure that only one bot instance is running
WARNING:aiogram.dispatcher:Sleep for 4.875142 seconds and try again... (tryings = 24, bot id = 8802005800)
ERROR:aiogram.dispatcher:Failed to fetch updates - TelegramConflictError: Telegram server says - Conflict: terminated by other getUpdates request; make sure that only one bot instance is running
WARNING:aiogram.dispatcher:Sleep for 5.067728 seconds and try again... (tryings = 25, bot id = 8802005800)
ERROR:aiogram.dispatcher:Failed to fetch updates - TelegramConflictError: Telegram server says - Conflict: terminated by other getUpdates request; make sure that only one bot instance is running
WARNING:aiogram.dispatcher:Sleep for 5.045103 seconds and try again... (tryings = 26, bot id = 8802005800)
ERROR:aiogram.dispatcher:Failed to fetch updates - TelegramConflictError: Telegram server says - Conflict: terminated by other getUpdates request; make sure that only one bot instance is running
WARNING:aiogram.dispatcher:Sleep for 4.950868 seconds and try again... (tryings = 27, bot id = 8802005800)
ERROR:aiogram.dispatcher:Failed to fetch updates - TelegramConflictError: Telegram server says - Conflict: terminated by other getUpdates request; make sure that only one bot instance is running
WARNING:aiogram.dispatcher:Sleep for 5.008556 seconds and try again... (tryings = 28, bot id = 8802005800)
ERROR:aiogram.dispatcher:Failed to fetch updates - TelegramConflictError: Telegram server says - Conflict: terminated by other getUpdates request; make sure that only one bot instance is running
WARNING:aiogram.dispatcher:Sleep for 4.892350 seconds and try again... (tryings = 29, bot id = 8802005800)
ERROR:aiogram.dispatcher:Failed to fetch updates - TelegramConflictError: Telegram server says - Conflict: terminated by other getUpdates request; make sure that only one bot instance is running
WARNING:aiogram.dispatcher:Sleep for 4.980664 seconds and try again... (tryings = 30, bot id = 8802005800)
ERROR:aiogram.dispatcher:Failed to fetch updates - TelegramConflictError: Telegram server says - Conflict: terminated by other getUpdates request; make sure that only one bot instance is running
WARNING:aiogram.dispatcher:Sleep for 5.005173 seconds and try again... (tryings = 31, bot id = 8802005800)
ERROR:aiogram.dispatcher:Failed to fetch updates - TelegramConflictError: Telegram server says - Conflict: terminated by other getUpdates request; make sure that only one bot instance is running
WARNING:aiogram.dispatcher:Sleep for 4.838386 seconds and try again... (tryings = 32, bot id = 8802005800)
ERROR:aiogram.dispatcher:Failed to fetch updates - TelegramConflictError: Telegram server says - Conflict: terminated by other getUpdates request; make sure that only one bot instance is running
WARNING:aiogram.dispatcher:Sleep for 5.028335 seconds and try again... (tryings = 33, bot id = 8802005800)
ERROR:aiogram.dispatcher:Failed to fetch updates - TelegramConflictError: Telegram server says - Conflict: terminated by other getUpdates request; make sure that only one bot instance is running
WARNING:aiogram.dispatcher:Sleep for 5.205157 seconds and try again... (tryings = 34, bot id = 8802005800)
ERROR:aiogram.dispatcher:Failed to fetch updates - TelegramConflictError: Telegram server says - Conflict: terminated by other getUpdates request; make sure that only one bot instance is running
WARNING:aiogram.dispatcher:Sleep for 4.974387 seconds and try again... (tryings = 35, bot id = 8802005800)
ERROR:aiogram.dispatcher:Failed to fetch updates - TelegramConflictError: Telegram server says - Conflict: terminated by other getUpdates request; make sure that only one bot instance is running
WARNING:aiogram.dispatcher:Sleep for 4.971870 seconds and try again... (tryings = 36, bot id = 8802005800)
ERROR:aiogram.dispatcher:Failed to fetch updates - TelegramConflictError: Telegram server says - Conflict: terminated by other getUpdates request; make sure that only one bot instance is running
WARNING:aiogram.dispatcher:Sleep for 4.985270 seconds and try again... (tryings = 37, bot id = 8802005800)
ERROR:aiogram.dispatcher:Failed to fetch updates - TelegramConflictError: Telegram server says - Conflict: terminated by other getUpdates request; make sure that only one bot instance is running
WARNING:aiogram.dispatcher:Sleep for 5.132937 seconds and try again... (tryings = 38, bot id = 8802005800)
ERROR:aiogram.dispatcher:Failed to fetch updates - TelegramConflictError: Telegram server says - Conflict: terminated by other getUpdates request; make sure that only one bot instance is running
WARNING:aiogram.dispatcher:Sleep for 4.961074 seconds and try again... (tryings = 39, bot id = 8802005800)
ERROR:aiogram.dispatcher:Failed to fetch updates - TelegramConflictError: Telegram server says - Conflict: terminated by other getUpdates request; make sure that only one bot instance is running
WARNING:aiogram.dispatcher:Sleep for 4.893602 seconds and try again... (tryings = 40, bot id = 8802005800)
ERROR:aiogram.dispatcher:Failed to fetch updates - TelegramConflictError: Telegram server says - Conflict: terminated by other getUpdates request; make sure that only one bot instance is running
WARNING:aiogram.dispatcher:Sleep for 5.189045 seconds and try again... (tryings = 41, bot id = 8802005800)
ERROR:aiogram.dispatcher:Failed to fetch updates - TelegramConflictError: Telegram server says - Conflict: terminated by other getUpdates request; make sure that only one bot instance is running
WARNING:aiogram.dispatcher:Sleep for 5.042042 seconds and try again... (tryings = 42, bot id = 8802005800)
ERROR:aiogram.dispatcher:Failed to fetch updates - TelegramConflictError: Telegram server says - Conflict: terminated by other getUpdates request; make sure that only one bot instance is running
WARNING:aiogram.dispatcher:Sleep for 4.783008 seconds and try again... (tryings = 43, bot id = 8802005800)
ERROR:aiogram.dispatcher:Failed to fetch updates - TelegramConflictError: Telegram server says - Conflict: terminated by other getUpdates request; make sure that only one bot instance is running
WARNING:aiogram.dispatcher:Sleep for 5.008329 seconds and try again... (tryings = 44, bot id = 8802005800)
ERROR:aiogram.dispatcher:Failed to fetch updates - TelegramConflictError: Telegram server says - Conflict: terminated by other getUpdates request; make sure that only one bot instance is running
WARNING:aiogram.dispatcher:Sleep for 4.912802 seconds and try again... (tryings = 45, bot id = 8802005800)
ERROR:aiogram.dispatcher:Failed to fetch updates - TelegramConflictError: Telegram server says - Conflict: terminated by other getUpdates request; make sure that only one bot instance is running
WARNING:aiogram.dispatcher:Sleep for 5.057839 seconds and try again... (tryings = 46, bot id = 8802005800)
ERROR:aiogram.dispatcher:Failed to fetch updates - TelegramConflictError: Telegram server says - Conflict: terminated by other getUpdates request; make sure that only one bot instance is running
WARNING:aiogram.dispatcher:Sleep for 4.852248 seconds and try again... (tryings = 47, bot id = 8802005800)
ERROR:aiogram.dispatcher:Failed to fetch updates - TelegramConflictError: Telegram server says - Conflict: terminated by other getUpdates request; make sure that only one bot instance is running
WARNING:aiogram.dispatcher:Sleep for 5.016716 seconds and try again... (tryings = 48, bot id = 8802005800)
ERROR:aiogram.dispatcher:Failed to fetch updates - TelegramConflictError: Telegram server says - Conflict: terminated by other getUpdates request; make sure that only one bot instance is running
WARNING:aiogram.dispatcher:Sleep for 5.060242 seconds and try again... (tryings = 49, bot id = 8802005800)
ERROR:aiogram.dispatcher:Failed to fetch updates - TelegramConflictError: Telegram server says - Conflict: terminated by other getUpdates request; make sure that only one bot instance is running
WARNING:aiogram.dispatcher:Sleep for 5.095185 seconds and try again... (tryings = 50, bot id = 8802005800)
ERROR:aiogram.dispatcher:Failed to fetch updates - TelegramConflictError: Telegram server says - Conflict: terminated by other getUpdates request; make sure that only one bot instance is running
WARNING:aiogram.dispatcher:Sleep for 4.945906 seconds and try again... (tryings = 51, bot id = 8802005800)
ERROR:aiogram.dispatcher:Failed to fetch updates - TelegramConflictError: Telegram server says - Conflict: terminated by other getUpdates request; make sure that only one bot instance is running
WARNING:aiogram.dispatcher:Sleep for 5.017078 seconds and try again... (tryings = 52, bot id = 8802005800)
ERROR:aiogram.dispatcher:Failed to fetch updates - TelegramConflictError: Telegram server says - Conflict: terminated by other getUpdates request; make sure that only one bot instance is running
WARNING:aiogram.dispatcher:Sleep for 5.097188 seconds and try again... (tryings = 53, bot id = 8802005800)
ERROR:aiogram.dispatcher:Failed to fetch updates - TelegramConflictError: Telegram server says - Conflict: terminated by other getUpdates request; make sure that only one bot instance is running
WARNING:aiogram.dispatcher:Sleep for 4.969084 seconds and try again... (tryings = 54, bot id = 8802005800)
ERROR:aiogram.dispatcher:Failed to fetch updates - TelegramConflictError: Telegram server says - Conflict: terminated by other getUpdates request; make sure that only one bot instance is running
WARNING:aiogram.dispatcher:Sleep for 5.090869 seconds and try again... (tryings = 55, bot id = 8802005800)
ERROR:aiogram.dispatcher:Failed to fetch updates - TelegramConflictError: Telegram server says - Conflict: terminated by other getUpdates request; make sure that only one bot instance is running
WARNING:aiogram.dispatcher:Sleep for 4.777108 seconds and try again... (tryings = 56, bot id = 8802005800)
ERROR:aiogram.dispatcher:Failed to fetch updates - TelegramConflictError: Telegram server says - Conflict: terminated by other getUpdates request; make sure that only one bot instance is running
WARNING:aiogram.dispatcher:Sleep for 4.949023 seconds and try again... (tryings = 57, bot id = 8802005800)
ERROR:aiogram.dispatcher:Failed to fetch updates - TelegramConflictError: Telegram server says - Conflict: terminated by other getUpdates request; make sure that only one bot instance is running
WARNING:aiogram.dispatcher:Sleep for 4.955543 seconds and try again... (tryings = 58, bot id = 8802005800)
ERROR:aiogram.dispatcher:Failed to fetch updates - TelegramConflictError: Telegram server says - Conflict: terminated by other getUpdates request; make sure that only one bot instance is running
WARNING:aiogram.dispatcher:Sleep for 5.229420 seconds and try again... (tryings = 59, bot id = 8802005800)
ERROR:aiogram.dispatcher:Failed to fetch updates - TelegramConflictError: Telegram server says - Conflict: terminated by other getUpdates request; make sure that only one bot instance is running
WARNING:aiogram.dispatcher:Sleep for 5.069430 seconds and try again... (tryings = 60, bot id = 8802005800)
ERROR:aiogram.dispatcher:Failed to fetch updates - TelegramConflictError: Telegram server says - Conflict: terminated by other getUpdates request; make sure that only one bot instance is running
WARNING:aiogram.dispatcher:Sleep for 5.083309 seconds and try again... (tryings = 61, bot id = 8802005800)
ERROR:aiogram.dispatcher:Failed to fetch updates - TelegramConflictError: Telegram server says - Conflict: terminated by other getUpdates request; make sure that only one bot instance is running
WARNING:aiogram.dispatcher:Sleep for 5.143574 seconds and try again... (tryings = 62, bot id = 8802005800)
ERROR:aiogram.dispatcher:Failed to fetch updates - TelegramConflictError: Telegram server says - Conflict: terminated by other getUpdates request; make sure that only one bot instance is running
WARNING:aiogram.dispatcher:Sleep for 4.881251 seconds and try again... (tryings = 63, bot id = 8802005800)
ERROR:aiogram.dispatcher:Failed to fetch updates - TelegramConflictError: Telegram server says - Conflict: terminated by other getUpdates request; make sure that only one bot instance is running
WARNING:aiogram.dispatcher:Sleep for 4.910204 seconds and try again... (tryings = 64, bot id = 8802005800)
ERROR:aiogram.dispatcher:Failed to fetch updates - TelegramConflictError: Telegram server says - Conflict: terminated by other getUpdates request; make sure that only one bot instance is running
WARNING:aiogram.dispatcher:Sleep for 5.189736 seconds and try again... (tryings = 65, bot id = 8802005800)
ERROR:aiogram.dispatcher:Failed to fetch updates - TelegramConflictError: Telegram server says - Conflict: terminated by other getUpdates request; make sure that only one bot instance is running
WARNING:aiogram.dispatcher:Sleep for 4.968098 seconds and try again... (tryings = 66, bot id = 8802005800)
ERROR:aiogram.dispatcher:Failed to fetch updates - TelegramConflictError: Telegram server says - Conflict: terminated by other getUpdates request; make sure that only one bot instance is running
WARNING:aiogram.dispatcher:Sleep for 4.814895 seconds and try again... (tryings = 67, bot id = 8802005800)
ERROR:aiogram.dispatcher:Failed to fetch updates - TelegramConflictError: Telegram server says - Conflict: terminated by other getUpdates request; make sure that only one bot instance is running
WARNING:aiogram.dispatcher:Sleep for 4.896739 seconds and try again... (tryings = 68, bot id = 8802005800)
ERROR:aiogram.dispatcher:Failed to fetch updates - TelegramConflictError: Telegram server says - Conflict: terminated by other getUpdates request; make sure that only one bot instance is running
WARNING:aiogram.dispatcher:Sleep for 5.091847 seconds and try again... (tryings = 69, bot id = 8802005800)
ERROR:aiogram.dispatcher:Failed to fetch updates - TelegramConflictError: Telegram server says - Conflict: terminated by other getUpdates request; make sure that only one bot instance is running
WARNING:aiogram.dispatcher:Sleep for 4.971853 seconds and try again... (tryings = 70, bot id = 8802005800)
ERROR:aiogram.dispatcher:Failed to fetch updates - TelegramConflictError: Telegram server says - Conflict: terminated by other getUpdates request; make sure that only one bot instance is running
WARNING:aiogram.dispatcher:Sleep for 4.998604 seconds and try again... (tryings = 71, bot id = 8802005800)
ERROR:aiogram.dispatcher:Failed to fetch updates - TelegramConflictError: Telegram server says - Conflict: terminated by other getUpdates request; make sure that only one bot instance is running
WARNING:aiogram.dispatcher:Sleep for 4.773135 seconds and try again... (tryings = 72, bot id = 8802005800)
ERROR:aiogram.dispatcher:Failed to fetch updates - TelegramConflictError: Telegram server says - Conflict: terminated by other getUpdates request; make sure that only one bot instance is running
WARNING:aiogram.dispatcher:Sleep for 4.920616 seconds and try again... (tryings = 73, bot id = 8802005800)
ERROR:aiogram.dispatcher:Failed to fetch updates - TelegramConflictError: Telegram server says - Conflict: terminated by other getUpdates request; make sure that only one bot instance is running
WARNING:aiogram.dispatcher:Sleep for 5.051090 seconds and try again... (tryings = 74, bot id = 8802005800)
ERROR:aiogram.dispatcher:Failed to fetch updates - TelegramConflictError: Telegram server says - Conflict: terminated by other getUpdates request; make sure that only one bot instance is running
WARNING:aiogram.dispatcher:Sleep for 4.899770 seconds and try again... (tryings = 75, bot id = 8802005800)
ERROR:aiogram.dispatcher:Failed to fetch updates - TelegramConflictError: Telegram server says - Conflict: terminated by other getUpdates request; make sure that only one bot instance is running
WARNING:aiogram.dispatcher:Sleep for 5.030751 seconds and try again... (tryings = 76, bot id = 8802005800)
ERROR:aiogram.dispatcher:Failed to fetch updates - TelegramConflictError: Telegram server says - Conflict: terminated by other getUpdates request; make sure that only one bot instance is running
WARNING:aiogram.dispatcher:Sleep for 5.135755 seconds and try again... (tryings = 77, bot id = 8802005800)
ERROR:aiogram.dispatcher:Failed to fetch updates - TelegramConflictError: Telegram server says - Conflict: terminated by other getUpdates request; make sure that only one bot instance is running
WARNING:aiogram.dispatcher:Sleep for 4.960866 seconds and try again... (tryings = 78, bot id = 8802005800)
ERROR:aiogram.dispatcher:Failed to fetch updates - TelegramConflictError: Telegram server says - Conflict: terminated by other getUpdates request; make sure that only one bot instance is running
WARNING:aiogram.dispatcher:Sleep for 4.975896 seconds and try again... (tryings = 79, bot id = 8802005800)
ERROR:aiogram.dispatcher:Failed to fetch updates - TelegramConflictError: Telegram server says - Conflict: terminated by other getUpdates request; make sure that only one bot instance is running
WARNING:aiogram.dispatcher:Sleep for 4.845661 seconds and try again... (tryings = 80, bot id = 8802005800)
ERROR:aiogram.dispatcher:Failed to fetch updates - TelegramConflictError: Telegram server says - Conflict: terminated by other getUpdates request; make sure that only one bot instance is running
WARNING:aiogram.dispatcher:Sleep for 5.211882 seconds and try again... (tryings = 81, bot id = 8802005800)
ERROR:aiogram.dispatcher:Failed to fetch updates - TelegramConflictError: Telegram server says - Conflict: terminated by other getUpdates request; make sure that only one bot instance is running
WARNING:aiogram.dispatcher:Sleep for 4.944972 seconds and try again... (tryings = 82, bot id = 8802005800)
ERROR:aiogram.dispatcher:Failed to fetch updates - TelegramConflictError: Telegram server says - Conflict: terminated by other getUpdates request; make sure that only one bot instance is running
WARNING:aiogram.dispatcher:Sleep for 5.041291 seconds and try again... (tryings = 83, bot id = 8802005800)
ERROR:aiogram.dispatcher:Failed to fetch updates - TelegramConflictError: Telegram server says - Conflict: terminated by other getUpdates request; make sure that only one bot instance is running
WARNING:aiogram.dispatcher:Sleep for 5.050108 seconds and try again... (tryings = 84, bot id = 8802005800)
ERROR:aiogram.dispatcher:Failed to fetch updates - TelegramConflictError: Telegram server says - Conflict: terminated by other getUpdates request; make sure that only one bot instance is running
WARNING:aiogram.dispatcher:Sleep for 5.016719 seconds and try again... (tryings = 85, bot id = 8802005800)
ERROR:aiogram.dispatcher:Failed to fetch updates - TelegramConflictError: Telegram server says - Conflict: terminated by other getUpdates request; make sure that only one bot instance is running
WARNING:aiogram.dispatcher:Sleep for 5.175274 seconds and try again... (tryings = 86, bot id = 8802005800)
ERROR:aiogram.dispatcher:Failed to fetch updates - TelegramConflictError: Telegram server says - Conflict: terminated by other getUpdates request; make sure that only one bot instance is running
WARNING:aiogram.dispatcher:Sleep for 5.092690 seconds and try again... (tryings = 87, bot id = 8802005800)
ERROR:aiogram.dispatcher:Failed to fetch updates - TelegramConflictError: Telegram server says - Conflict: terminated by other getUpdates request; make sure that only one bot instance is running
WARNING:aiogram.dispatcher:Sleep for 5.012285 seconds and try again... (tryings = 88, bot id = 8802005800)
ERROR:aiogram.dispatcher:Failed to fetch updates - TelegramConflictError: Telegram server says - Conflict: terminated by other getUpdates request; make sure that only one bot instance is running
WARNING:aiogram.dispatcher:Sleep for 4.954721 seconds and try again... (tryings = 89, bot id = 8802005800)
ERROR:aiogram.dispatcher:Failed to fetch updates - TelegramConflictError: Telegram server says - Conflict: terminated by other getUpdates request; make sure that only one bot instance is running
WARNING:aiogram.dispatcher:Sleep for 4.915203 seconds and try again... (tryings = 90, bot id = 8802005800)
ERROR:aiogram.dispatcher:Failed to fetch updates - TelegramConflictError: Telegram server says - Conflict: terminated by other getUpdates request; make sure that only one bot instance is running
WARNING:aiogram.dispatcher:Sleep for 4.971821 seconds and try again... (tryings = 91, bot id = 8802005800)
ERROR:aiogram.dispatcher:Failed to fetch updates - TelegramConflictError: Telegram server says - Conflict: terminated by other getUpdates request; make sure that only one bot instance is running
WARNING:aiogram.dispatcher:Sleep for 5.039434 seconds and try again... (tryings = 92, bot id = 8802005800)
ERROR:aiogram.dispatcher:Failed to fetch updates - TelegramConflictError: Telegram server says - Conflict: terminated by other getUpdates request; make sure that only one bot instance is running
WARNING:aiogram.dispatcher:Sleep for 4.944788 seconds and try again... (tryings = 93, bot id = 8802005800)
ERROR:aiogram.dispatcher:Failed to fetch updates - TelegramConflictError: Telegram server says - Conflict: terminated by other getUpdates request; make sure that only one bot instance is running
WARNING:aiogram.dispatcher:Sleep for 5.101947 seconds and try again... (tryings = 94, bot id = 8802005800)
ERROR:aiogram.dispatcher:Failed to fetch updates - TelegramConflictError: Telegram server says - Conflict: terminated by other getUpdates request; make sure that only one bot instance is running
WARNING:aiogram.dispatcher:Sleep for 5.023902 seconds and try again... (tryings = 95, bot id = 8802005800)
ERROR:aiogram.dispatcher:Failed to fetch updates - TelegramConflictError: Telegram server says - Conflict: terminated by other getUpdates request; make sure that only one bot instance is running
WARNING:aiogram.dispatcher:Sleep for 4.930656 seconds and try again... (tryings = 96, bot id = 8802005800)
ERROR:aiogram.dispatcher:Failed to fetch updates - TelegramConflictError: Telegram server says - Conflict: terminated by other getUpdates request; make sure that only one bot instance is running
WARNING:aiogram.dispatcher:Sleep for 5.149283 seconds and try again... (tryings = 97, bot id = 8802005800)
ERROR:aiogram.dispatcher:Failed to fetch updates - TelegramConflictError: Telegram server says - Conflict: terminated by other getUpdates request; make sure that only one bot instance is running
WARNING:aiogram.dispatcher:Sleep for 4.914391 seconds and try again... (tryings = 98, bot id = 8802005800)
ERROR:aiogram.dispatcher:Failed to fetch updates - TelegramConflictError: Telegram server says - Conflict: terminated by other getUpdates request; make sure that only one bot instance is running
WARNING:aiogram.dispatcher:Sleep for 4.939029 seconds and try again... (tryings = 99, bot id = 8802005800)
ERROR:aiogram.dispatcher:Failed to fetch updates - TelegramConflictError: Telegram server says - Conflict: terminated by other getUpdates request; make sure that only one bot instance is running
WARNING:aiogram.dispatcher:Sleep for 5.096733 seconds and try again... (tryings = 100, bot id = 8802005800)
ERROR:aiogram.dispatcher:Failed to fetch updates - TelegramConflictError: Telegram server says - Conflict: terminated by other getUpdates request; make sure that only one bot instance is running
WARNING:aiogram.dispatcher:Sleep for 5.175637 seconds and try again... (tryings = 101, bot id = 8802005800)
ERROR:aiogram.dispatcher:Failed to fetch updates - TelegramConflictError: Telegram server says - Conflict: terminated by other getUpdates request; make sure that only one bot instance is running
WARNING:aiogram.dispatcher:Sleep for 5.069195 seconds and try again... (tryings = 102, bot id = 8802005800)
ERROR:aiogram.dispatcher:Failed to fetch updates - TelegramConflictError: Telegram server says - Conflict: terminated by other getUpdates request; make sure that only one bot instance is running
WARNING:aiogram.dispatcher:Sleep for 4.942259 seconds and try again... (tryings = 103, bot id = 8802005800)
ERROR:aiogram.dispatcher:Failed to fetch updates - TelegramConflictError: Telegram server says - Conflict: terminated by other getUpdates request; make sure that only one bot instance is running
WARNING:aiogram.dispatcher:Sleep for 4.990152 seconds and try again... (tryings = 104, bot id = 8802005800)
ERROR:aiogram.dispatcher:Failed to fetch updates - TelegramConflictError: Telegram server says - Conflict: terminated by other getUpdates request; make sure that only one bot instance is running
WARNING:aiogram.dispatcher:Sleep for 4.944947 seconds and try again... (tryings = 105, bot id = 8802005800)
ERROR:aiogram.dispatcher:Failed to fetch updates - TelegramConflictError: Telegram server says - Conflict: terminated by other getUpdates request; make sure that only one bot instance is running
WARNING:aiogram.dispatcher:Sleep for 5.039593 seconds and try again... (tryings = 106, bot id = 8802005800)
ERROR:aiogram.dispatcher:Failed to fetch updates - TelegramConflictError: Telegram server says - Conflict: terminated by other getUpdates request; make sure that only one bot instance is running
WARNING:aiogram.dispatcher:Sleep for 5.088750 seconds and try again... (tryings = 107, bot id = 8802005800)
ERROR:aiogram.dispatcher:Failed to fetch updates - TelegramConflictError: Telegram server says - Conflict: terminated by other getUpdates request; make sure that only one bot instance is running
WARNING:aiogram.dispatcher:Sleep for 4.988476 seconds and try again... (tryings = 108, bot id = 8802005800)
ERROR:aiogram.dispatcher:Failed to fetch updates - TelegramConflictError: Telegram server says - Conflict: terminated by other getUpdates request; make sure that only one bot instance is running
WARNING:aiogram.dispatcher:Sleep for 4.924455 seconds and try again... (tryings = 109, bot id = 8802005800)
ERROR:aiogram.dispatcher:Failed to fetch updates - TelegramConflictError: Telegram server says - Conflict: terminated by other getUpdates request; make sure that only one bot instance is running
WARNING:aiogram.dispatcher:Sleep for 4.982781 seconds and try again... (tryings = 110, bot id = 8802005800)
INFO:aiogram.dispatcher:Connection established (tryings = 111, bot id = 8802005800)
ERROR:aiogram.dispatcher:Failed to fetch updates - TelegramConflictError: Telegram server says - Conflict: terminated by other getUpdates request; make sure that only one bot instance is running
WARNING:aiogram.dispatcher:Sleep for 1.000000 seconds and try again... (tryings = 0, bot id = 8802005800)
INFO:aiogram.event:Update id=636335570 is handled. Duration 4770 ms by bot id=8802005800
ERROR:aiogram.dispatcher:Failed to fetch updates - TelegramConflictError: Telegram server says - Conflict: terminated by other getUpdates request; make sure that only one bot instance is running
WARNING:aiogram.dispatcher:Sleep for 1.231810 seconds and try again... (tryings = 1, bot id = 8802005800)
ERROR:aiogram.dispatcher:Failed to fetch updates - TelegramConflictError: Telegram server says - Conflict: terminated by other getUpdates request; make sure that only one bot instance is running
WARNING:aiogram.dispatcher:Sleep for 1.581190 seconds and try again... (tryings = 2, bot id = 8802005800)
ERROR:aiogram.dispatcher:Failed to fetch updates - TelegramConflictError: Telegram server says - Conflict: terminated by other getUpdates request; make sure that only one bot instance is running
WARNING:aiogram.dispatcher:Sleep for 1.988477 seconds and try again... (tryings = 3, bot id = 8802005800)
INFO:aiogram.dispatcher:Connection established (tryings = 4, bot id = 8802005800)
INFO:aiogram.event:Update id=636335571 is handled. Duration 183 ms by bot id=8802005800
ERROR:aiogram.dispatcher:Failed to fetch updates - TelegramConflictError: Telegram server says - Conflict: terminated by other getUpdates request; make sure that only one bot instance is running
WARNING:aiogram.dispatcher:Sleep for 1.000000 seconds and try again... (tryings = 0, bot id = 8802005800)
INFO:aiogram.dispatcher:Connection established (tryings = 1, bot id = 8802005800)
INFO:aiogram.event:Update id=636335572 is handled. Duration 149 ms by bot id=8802005800
ERROR:aiogram.dispatcher:Failed to fetch updates - TelegramConflictError: Telegram server says - Conflict: terminated by other getUpdates request; make sure that only one bot instance is running
WARNING:aiogram.dispatcher:Sleep for 1.000000 seconds and try again... (tryings = 0, bot id = 8802005800)
INFO:aiogram.dispatcher:Connection established (tryings = 1, bot id = 8802005800)
ERROR:aiogram.dispatcher:Failed to fetch updates - TelegramConflictError: Telegram server says - Conflict: terminated by other getUpdates request; make sure that only one bot instance is running
WARNING:aiogram.dispatcher:Sleep for 1.000000 seconds and try again... (tryings = 0, bot id = 8802005800)
INFO:aiogram.event:Update id=636335573 is handled. Duration 3457 ms by bot id=8802005800
INFO:aiogram.dispatcher:Connection established (tryings = 1, bot id = 8802005800)
INFO:aiogram.event:Update id=636335574 is handled. Duration 113 ms by bot id=8802005800
ERROR:aiogram.dispatcher:Failed to fetch updates - TelegramConflictError: Telegram server says - Conflict: terminated by other getUpdates request; make sure that only one bot instance is running
WARNING:aiogram.dispatcher:Sleep for 1.000000 seconds and try again... (tryings = 0, bot id = 8802005800)
INFO:aiogram.event:Update id=636335575 is handled. Duration 3604 ms by bot id=8802005800
INFO:aiogram.dispatcher:Connection established (tryings = 1, bot id = 8802005800)
INFO:aiogram.event:Update id=636335576 is handled. Duration 123 ms by bot id=8802005800
ERROR:aiogram.dispatcher:Failed to fetch updates - TelegramConflictError: Telegram server says - Conflict: terminated by other getUpdates request; make sure that only one bot instance is running
WARNING:aiogram.dispatcher:Sleep for 1.000000 seconds and try again... (tryings = 0, bot id = 8802005800)
ERROR:aiogram.dispatcher:Failed to fetch updates - TelegramConflictError: Telegram server says - Conflict: terminated by other getUpdates request; make sure that only one bot instance is running
WARNING:aiogram.dispatcher:Sleep for 1.214954 seconds and try again... (tryings = 1, bot id = 8802005800)
INFO:aiogram.dispatcher:Connection established (tryings = 2, bot id = 8802005800)
INFO:aiogram.event:Update id=636335577 is handled. Duration 180 ms by bot id=8802005800
ERROR:aiogram.dispatcher:Failed to fetch updates - TelegramConflictError: Telegram server says - Conflict: terminated by other getUpdates request; make sure that only one bot instance is running
WARNING:aiogram.dispatcher:Sleep for 1.000000 seconds and try again... (tryings = 0, bot id = 8802005800)
ERROR:aiogram.dispatcher:Failed to fetch updates - TelegramConflictError: Telegram server says - Conflict: terminated by other getUpdates request; make sure that only one bot instance is running
WARNING:aiogram.dispatcher:Sleep for 1.277103 seconds and try again... (tryings = 1, bot id = 8802005800)
INFO:aiogram.dispatcher:Connection established (tryings = 2, bot id = 8802005800)
INFO:aiogram.event:Update id=636335578 is handled. Duration 1475 ms by bot id=8802005800
ERROR:aiogram.dispatcher:Failed to fetch updates - TelegramConflictError: Telegram server says - Conflict: terminated by other getUpdates request; make sure that only one bot instance is running
WARNING:aiogram.dispatcher:Sleep for 1.000000 seconds and try again... (tryings = 0, bot id = 8802005800)
INFO:aiogram.dispatcher:Connection established (tryings = 1, bot id = 8802005800)
INFO:aiogram.event:Update id=636335579 is handled. Duration 2676 ms by bot id=8802005800
ERROR:aiogram.dispatcher:Failed to fetch updates - TelegramConflictError: Telegram server says - Conflict: terminated by other getUpdates request; make sure that only one bot instance is running
WARNING:aiogram.dispatcher:Sleep for 1.000000 seconds and try again... (tryings = 0, bot id = 8802005800)
ERROR:aiogram.dispatcher:Failed to fetch updates - TelegramConflictError: Telegram server says - Conflict: terminated by other getUpdates request; make sure that only one bot instance is running
WARNING:aiogram.dispatcher:Sleep for 1.183291 seconds and try again... (tryings = 1, bot id = 8802005800)
ERROR:aiogram.dispatcher:Failed to fetch updates - TelegramConflictError: Telegram server says - Conflict: terminated by other getUpdates request; make sure that only one bot instance is running
WARNING:aiogram.dispatcher:Sleep for 1.706040 seconds and try again... (tryings = 2, bot id = 8802005800)
ERROR:aiogram.dispatcher:Failed to fetch updates - TelegramConflictError: Telegram server says - Conflict: terminated by other getUpdates request; make sure that only one bot instance is running
WARNING:aiogram.dispatcher:Sleep for 2.459156 seconds and try again... (tryings = 3, bot id = 8802005800)
ERROR:aiogram.dispatcher:Failed to fetch updates - TelegramConflictError: Telegram server says - Conflict: terminated by other getUpdates request; make sure that only one bot instance is running
WARNING:aiogram.dispatcher:Sleep for 3.283336 seconds and try again... (tryings = 4, bot id = 8802005800)
ERROR:aiogram.dispatcher:Failed to fetch updates - TelegramConflictError: Telegram server says - Conflict: terminated by other getUpdates request; make sure that only one bot instance is running
WARNING:aiogram.dispatcher:Sleep for 4.241837 seconds and try again... (tryings = 5, bot id = 8802005800)
ERROR:aiogram.dispatcher:Failed to fetch updates - TelegramConflictError: Telegram server says - Conflict: terminated by other getUpdates request; make sure that only one bot instance is running
WARNING:aiogram.dispatcher:Sleep for 5.105113 seconds and try again... (tryings = 6, bot id = 8802005800)
ERROR:aiogram.dispatcher:Failed to fetch updates - TelegramConflictError: Telegram server says - Conflict: terminated by other getUpdates request; make sure that only one bot instance is running
WARNING:aiogram.dispatcher:Sleep for 5.054645 seconds and try again... (tryings = 7, bot id = 8802005800)
ERROR:aiogram.dispatcher:Failed to fetch updates - TelegramConflictError: Telegram server says - Conflict: terminated by other getUpdates request; make sure that only one bot instance is running
WARNING:aiogram.dispatcher:Sleep for 5.024243 seconds and try again... (tryings = 8, bot id = 8802005800)
ERROR:aiogram.dispatcher:Failed to fetch updates - TelegramConflictError: Telegram server says - Conflict: terminated by other getUpdates request; make sure that only one bot instance is running
WARNING:aiogram.dispatcher:Sleep for 5.054921 seconds and try again... (tryings = 9, bot id = 8802005800)
ERROR:aiogram.dispatcher:Failed to fetch updates - TelegramConflictError: Telegram server says - Conflict: terminated by other getUpdates request; make sure that only one bot instance is running
WARNING:aiogram.dispatcher:Sleep for 4.910749 seconds and try again... (tryings = 10, bot id = 8802005800)
ERROR:aiogram.dispatcher:Failed to fetch updates - TelegramConflictError: Telegram server says - Conflict: terminated by other getUpdates request; make sure that only one bot instance is running
WARNING:aiogram.dispatcher:Sleep for 4.987770 seconds and try again... (tryings = 11, bot id = 8802005800)
ERROR:aiogram.dispatcher:Failed to fetch updates - TelegramConflictError: Telegram server says - Conflict: terminated by other getUpdates request; make sure that only one bot instance is running
WARNING:aiogram.dispatcher:Sleep for 4.908354 seconds and try again... (tryings = 12, bot id = 8802005800)
ERROR:aiogram.dispatcher:Failed to fetch updates - TelegramConflictError: Telegram server says - Conflict: terminated by other getUpdates request; make sure that only one bot instance is running
WARNING:aiogram.dispatcher:Sleep for 5.024838 seconds and try again... (tryings = 13, bot id = 8802005800)
ERROR:aiogram.dispatcher:Failed to fetch updates - TelegramConflictError: Telegram server says - Conflict: terminated by other getUpdates request; make sure that only one bot instance is running
WARNING:aiogram.dispatcher:Sleep for 4.997993 seconds and try again... (tryings = 14, bot id = 8802005800)
ERROR:aiogram.dispatcher:Failed to fetch updates - TelegramConflictError: Telegram server says - Conflict: terminated by other getUpdates request; make sure that only one bot instance is running
WARNING:aiogram.dispatcher:Sleep for 5.185400 seconds and try again... (tryings = 15, bot id = 8802005800)
ERROR:aiogram.dispatcher:Failed to fetch updates - TelegramConflictError: Telegram server says - Conflict: terminated by other getUpdates request; make sure that only one bot instance is running
WARNING:aiogram.dispatcher:Sleep for 5.013741 seconds and try again... (tryings = 16, bot id = 8802005800)
ERROR:aiogram.dispatcher:Failed to fetch updates - TelegramConflictError: Telegram server says - Conflict: terminated by other getUpdates request; make sure that only one bot instance is running
WARNING:aiogram.dispatcher:Sleep for 5.056757 seconds and try again... (tryings = 17, bot id = 8802005800)
ERROR:aiogram.dispatcher:Failed to fetch updates - TelegramConflictError: Telegram server says - Conflict: terminated by other getUpdates request; make sure that only one bot instance is running
WARNING:aiogram.dispatcher:Sleep for 5.039112 seconds and try again... (tryings = 18, bot id = 8802005800)
ERROR:aiogram.dispatcher:Failed to fetch updates - TelegramConflictError: Telegram server says - Conflict: terminated by other getUpdates request; make sure that only one bot instance is running
WARNING:aiogram.dispatcher:Sleep for 4.964773 seconds and try again... (tryings = 19, bot id = 8802005800)
ERROR:aiogram.dispatcher:Failed to fetch updates - TelegramConflictError: Telegram server says - Conflict: terminated by other getUpdates request; make sure that only one bot instance is running
WARNING:aiogram.dispatcher:Sleep for 4.900636 seconds and try again... (tryings = 20, bot id = 8802005800)
ERROR:aiogram.dispatcher:Failed to fetch updates - TelegramConflictError: Telegram server says - Conflict: terminated by other getUpdates request; make sure that only one bot instance is running
WARNING:aiogram.dispatcher:Sleep for 5.007405 seconds and try again... (tryings = 21, bot id = 8802005800)
ERROR:aiogram.dispatcher:Failed to fetch updates - TelegramConflictError: Telegram server says - Conflict: terminated by other getUpdates request; make sure that only one bot instance is running
WARNING:aiogram.dispatcher:Sleep for 4.977251 seconds and try again... (tryings = 22, bot id = 8802005800)
ERROR:aiogram.dispatcher:Failed to fetch updates - TelegramConflictError: Telegram server says - Conflict: terminated by other getUpdates request; make sure that only one bot instance is running
WARNING:aiogram.dispatcher:Sleep for 4.897923 seconds and try again... (tryings = 23, bot id = 8802005800)
ERROR:aiogram.dispatcher:Failed to fetch updates - TelegramConflictError: Telegram server says - Conflict: terminated by other getUpdates request; make sure that only one bot instance is running
WARNING:aiogram.dispatcher:Sleep for 4.975288 seconds and try again... (tryings = 24, bot id = 8802005800)
ERROR:aiogram.dispatcher:Failed to fetch updates - TelegramConflictError: Telegram server says - Conflict: terminated by other getUpdates request; make sure that only one bot instance is running
WARNING:aiogram.dispatcher:Sleep for 4.991137 seconds and try again... (tryings = 25, bot id = 8802005800)
ERROR:aiogram.dispatcher:Failed to fetch updates - TelegramConflictError: Telegram server says - Conflict: terminated by other getUpdates request; make sure that only one bot instance is running
WARNING:aiogram.dispatcher:Sleep for 4.994732 seconds and try again... (tryings = 26, bot id = 8802005800)
ERROR:aiogram.dispatcher:Failed to fetch updates - TelegramConflictError: Telegram server says - Conflict: terminated by other getUpdates request; make sure that only one bot instance is running
WARNING:aiogram.dispatcher:Sleep for 4.958253 seconds and try again... (tryings = 27, bot id = 8802005800)
ERROR:aiogram.dispatcher:Failed to fetch updates - TelegramConflictError: Telegram server says - Conflict: terminated by other getUpdates request; make sure that only one bot instance is running
WARNING:aiogram.dispatcher:Sleep for 4.968064 seconds and try again... (tryings = 28, bot id = 8802005800)
ERROR:aiogram.dispatcher:Failed to fetch updates - TelegramConflictError: Telegram server says - Conflict: terminated by other getUpdates request; make sure that only one bot instance is running
WARNING:aiogram.dispatcher:Sleep for 5.038998 seconds and try again... (tryings = 29, bot id = 8802005800)
ERROR:aiogram.dispatcher:Failed to fetch updates - TelegramConflictError: Telegram server says - Conflict: terminated by other getUpdates request; make sure that only one bot instance is running
WARNING:aiogram.dispatcher:Sleep for 4.791527 seconds and try again... (tryings = 30, bot id = 8802005800)
ERROR:aiogram.dispatcher:Failed to fetch updates - TelegramConflictError: Telegram server says - Conflict: terminated by other getUpdates request; make sure that only one bot instance is running
WARNING:aiogram.dispatcher:Sleep for 4.914923 seconds and try again... (tryings = 31, bot id = 8802005800)
ERROR:aiogram.dispatcher:Failed to fetch updates - TelegramConflictError: Telegram server says - Conflict: terminated by other getUpdates request; make sure that only one bot instance is running
WARNING:aiogram.dispatcher:Sleep for 4.992138 seconds and try again... (tryings = 32, bot id = 8802005800)
ERROR:aiogram.dispatcher:Failed to fetch updates - TelegramConflictError: Telegram server says - Conflict: terminated by other getUpdates request; make sure that only one bot instance is running
WARNING:aiogram.dispatcher:Sleep for 4.932619 seconds and try again... (tryings = 33, bot id = 8802005800)
ERROR:aiogram.dispatcher:Failed to fetch updates - TelegramConflictError: Telegram server says - Conflict: terminated by other getUpdates request; make sure that only one bot instance is running
WARNING:aiogram.dispatcher:Sleep for 5.052728 seconds and try again... (tryings = 34, bot id = 8802005800)
ERROR:aiogram.dispatcher:Failed to fetch updates - TelegramConflictError: Telegram server says - Conflict: terminated by other getUpdates request; make sure that only one bot instance is running
WARNING:aiogram.dispatcher:Sleep for 4.991881 seconds and try again... (tryings = 35, bot id = 8802005800)
ERROR:aiogram.dispatcher:Failed to fetch updates - TelegramConflictError: Telegram server says - Conflict: terminated by other getUpdates request; make sure that only one bot instance is running
WARNING:aiogram.dispatcher:Sleep for 5.002934 seconds and try again... (tryings = 36, bot id = 8802005800)
ERROR:aiogram.dispatcher:Failed to fetch updates - TelegramConflictError: Telegram server says - Conflict: terminated by other getUpdates request; make sure that only one bot instance is running
WARNING:aiogram.dispatcher:Sleep for 5.033682 seconds and try again... (tryings = 37, bot id = 8802005800)
ERROR:aiogram.dispatcher:Failed to fetch updates - TelegramConflictError: Telegram server says - Conflict: terminated by other getUpdates request; make sure that only one bot instance is running
WARNING:aiogram.dispatcher:Sleep for 5.087358 seconds and try again... (tryings = 38, bot id = 8802005800)
ERROR:aiogram.dispatcher:Failed to fetch updates - TelegramConflictError: Telegram server says - Conflict: terminated by other getUpdates request; make sure that only one bot instance is running
WARNING:aiogram.dispatcher:Sleep for 5.067535 seconds and try again... (tryings = 39, bot id = 8802005800)
ERROR:aiogram.dispatcher:Failed to fetch updates - TelegramConflictError: Telegram server says - Conflict: terminated by other getUpdates request; make sure that only one bot instance is running
WARNING:aiogram.dispatcher:Sleep for 5.044781 seconds and try again... (tryings = 40, bot id = 8802005800)
ERROR:aiogram.dispatcher:Failed to fetch updates - TelegramConflictError: Telegram server says - Conflict: terminated by other getUpdates request; make sure that only one bot instance is running
WARNING:aiogram.dispatcher:Sleep for 5.133319 seconds and try again... (tryings = 41, bot id = 8802005800)
ERROR:aiogram.dispatcher:Failed to fetch updates - TelegramConflictError: Telegram server says - Conflict: terminated by other getUpdates request; make sure that only one bot instance is running
WARNING:aiogram.dispatcher:Sleep for 4.931689 seconds and try again... (tryings = 42, bot id = 8802005800)
ERROR:aiogram.dispatcher:Failed to fetch updates - TelegramConflictError: Telegram server says - Conflict: terminated by other getUpdates request; make sure that only one bot instance is running
WARNING:aiogram.dispatcher:Sleep for 4.880057 seconds and try again... (tryings = 43, bot id = 8802005800)
ERROR:aiogram.dispatcher:Failed to fetch updates - TelegramConflictError: Telegram server says - Conflict: terminated by other getUpdates request; make sure that only one bot instance is running
WARNING:aiogram.dispatcher:Sleep for 5.088698 seconds and try again... (tryings = 44, bot id = 8802005800)
ERROR:aiogram.dispatcher:Failed to fetch updates - TelegramConflictError: Telegram server says - Conflict: terminated by other getUpdates request; make sure that only one bot instance is running
WARNING:aiogram.dispatcher:Sleep for 5.181281 seconds and try again... (tryings = 45, bot id = 8802005800)
ERROR:aiogram.dispatcher:Failed to fetch updates - TelegramConflictError: Telegram server says - Conflict: terminated by other getUpdates request; make sure that only one bot instance is running
WARNING:aiogram.dispatcher:Sleep for 5.142248 seconds and try again... (tryings = 46, bot id = 8802005800)
ERROR:aiogram.dispatcher:Failed to fetch updates - TelegramConflictError: Telegram server says - Conflict: terminated by other getUpdates request; make sure that only one bot instance is running
WARNING:aiogram.dispatcher:Sleep for 4.989247 seconds and try again... (tryings = 47, bot id = 8802005800)
ERROR:aiogram.dispatcher:Failed to fetch updates - TelegramConflictError: Telegram server says - Conflict: terminated by other getUpdates request; make sure that only one bot instance is running
WARNING:aiogram.dispatcher:Sleep for 4.927027 seconds and try again... (tryings = 48, bot id = 8802005800)
ERROR:aiogram.dispatcher:Failed to fetch updates - TelegramConflictError: Telegram server says - Conflict: terminated by other getUpdates request; make sure that only one bot instance is running
WARNING:aiogram.dispatcher:Sleep for 5.135446 seconds and try again... (tryings = 49, bot id = 8802005800)
ERROR:aiogram.dispatcher:Failed to fetch updates - TelegramConflictError: Telegram server says - Conflict: terminated by other getUpdates request; make sure that only one bot instance is running
WARNING:aiogram.dispatcher:Sleep for 4.835241 seconds and try again... (tryings = 50, bot id = 8802005800)
ERROR:aiogram.dispatcher:Failed to fetch updates - TelegramConflictError: Telegram server says - Conflict: terminated by other getUpdates request; make sure that only one bot instance is running
WARNING:aiogram.dispatcher:Sleep for 5.000064 seconds and try again... (tryings = 51, bot id = 8802005800)
ERROR:aiogram.dispatcher:Failed to fetch updates - TelegramConflictError: Telegram server says - Conflict: terminated by other getUpdates request; make sure that only one bot instance is running
WARNING:aiogram.dispatcher:Sleep for 4.977843 seconds and try again... (tryings = 52, bot id = 8802005800)
ERROR:aiogram.dispatcher:Failed to fetch updates - TelegramConflictError: Telegram server says - Conflict: terminated by other getUpdates request; make sure that only one bot instance is running
WARNING:aiogram.dispatcher:Sleep for 5.008500 seconds and try again... (tryings = 53, bot id = 8802005800)
ERROR:aiogram.dispatcher:Failed to fetch updates - TelegramConflictError: Telegram server says - Conflict: terminated by other getUpdates request; make sure that only one bot instance is running
WARNING:aiogram.dispatcher:Sleep for 4.984428 seconds and try again... (tryings = 54, bot id = 8802005800)
ERROR:aiogram.dispatcher:Failed to fetch updates - TelegramConflictError: Telegram server says - Conflict: terminated by other getUpdates request; make sure that only one bot instance is running
WARNING:aiogram.dispatcher:Sleep for 5.038749 seconds and try again... (tryings = 55, bot id = 8802005800)
ERROR:aiogram.dispatcher:Failed to fetch updates - TelegramConflictError: Telegram server says - Conflict: terminated by other getUpdates request; make sure that only one bot instance is running
WARNING:aiogram.dispatcher:Sleep for 5.063746 seconds and try again... (tryings = 56, bot id = 8802005800)
ERROR:aiogram.dispatcher:Failed to fetch updates - TelegramConflictError: Telegram server says - Conflict: terminated by other getUpdates request; make sure that only one bot instance is running
WARNING:aiogram.dispatcher:Sleep for 4.960564 seconds and try again... (tryings = 57, bot id = 8802005800)
ERROR:aiogram.dispatcher:Failed to fetch updates - TelegramConflictError: Telegram server says - Conflict: terminated by other getUpdates request; make sure that only one bot instance is running
WARNING:aiogram.dispatcher:Sleep for 4.964626 seconds and try again... (tryings = 58, bot id = 8802005800)
ERROR:aiogram.dispatcher:Failed to fetch updates - TelegramConflictError: Telegram server says - Conflict: terminated by other getUpdates request; make sure that only one bot instance is running
WARNING:aiogram.dispatcher:Sleep for 5.005736 seconds and try again... (tryings = 59, bot id = 8802005800)
ERROR:aiogram.dispatcher:Failed to fetch updates - TelegramConflictError: Telegram server says - Conflict: terminated by other getUpdates request; make sure that only one bot instance is running
WARNING:aiogram.dispatcher:Sleep for 4.999093 seconds and try again... (tryings = 60, bot id = 8802005800)
ERROR:aiogram.dispatcher:Failed to fetch updates - TelegramConflictError: Telegram server says - Conflict: terminated by other getUpdates request; make sure that only one bot instance is running
WARNING:aiogram.dispatcher:Sleep for 4.967600 seconds and try again... (tryings = 61, bot id = 8802005800)
ERROR:aiogram.dispatcher:Failed to fetch updates - TelegramConflictError: Telegram server says - Conflict: terminated by other getUpdates request; make sure that only one bot instance is running
WARNING:aiogram.dispatcher:Sleep for 5.064449 seconds and try again... (tryings = 62, bot id = 8802005800)
ERROR:aiogram.dispatcher:Failed to fetch updates - TelegramConflictError: Telegram server says - Conflict: terminated by other getUpdates request; make sure that only one bot instance is running
WARNING:aiogram.dispatcher:Sleep for 4.944713 seconds and try again... (tryings = 63, bot id = 8802005800)
ERROR:aiogram.dispatcher:Failed to fetch updates - TelegramConflictError: Telegram server says - Conflict: terminated by other getUpdates request; make sure that only one bot instance is running
WARNING:aiogram.dispatcher:Sleep for 5.036048 seconds and try again... (tryings = 64, bot id = 8802005800)
ERROR:aiogram.dispatcher:Failed to fetch updates - TelegramConflictError: Telegram server says - Conflict: terminated by other getUpdates request; make sure that only one bot instance is running
WARNING:aiogram.dispatcher:Sleep for 4.924121 seconds and try again... (tryings = 65, bot id = 8802005800)
ERROR:aiogram.dispatcher:Failed to fetch updates - TelegramConflictError: Telegram server says - Conflict: terminated by other getUpdates request; make sure that only one bot instance is running
WARNING:aiogram.dispatcher:Sleep for 5.032243 seconds and try again... (tryings = 66, bot id = 8802005800)
ERROR:aiogram.dispatcher:Failed to fetch updates - TelegramConflictError: Telegram server says - Conflict: terminated by other getUpdates request; make sure that only one bot instance is running
WARNING:aiogram.dispatcher:Sleep for 5.186138 seconds and try again... (tryings = 67, bot id = 8802005800)
ERROR:aiogram.dispatcher:Failed to fetch updates - TelegramConflictError: Telegram server says - Conflict: terminated by other getUpdates request; make sure that only one bot instance is running
WARNING:aiogram.dispatcher:Sleep for 4.896363 seconds and try again... (tryings = 68, bot id = 8802005800)
ERROR:aiogram.dispatcher:Failed to fetch updates - TelegramConflictError: Telegram server says - Conflict: terminated by other getUpdates request; make sure that only one bot instance is running
WARNING:aiogram.dispatcher:Sleep for 4.891095 seconds and try again... (tryings = 69, bot id = 8802005800)
ERROR:aiogram.dispatcher:Failed to fetch updates - TelegramConflictError: Telegram server says - Conflict: terminated by other getUpdates request; make sure that only one bot instance is running
WARNING:aiogram.dispatcher:Sleep for 4.943097 seconds and try again... (tryings = 70, bot id = 8802005800)
ERROR:aiogram.dispatcher:Failed to fetch updates - TelegramConflictError: Telegram server says - Conflict: terminated by other getUpdates request; make sure that only one bot instance is running
WARNING:aiogram.dispatcher:Sleep for 5.098861 seconds and try again... (tryings = 71, bot id = 8802005800)
ERROR:aiogram.dispatcher:Failed to fetch updates - TelegramConflictError: Telegram server says - Conflict: terminated by other getUpdates request; make sure that only one bot instance is running
WARNING:aiogram.dispatcher:Sleep for 5.042623 seconds and try again... (tryings = 72, bot id = 8802005800)
ERROR:aiogram.dispatcher:Failed to fetch updates - TelegramConflictError: Telegram server says - Conflict: terminated by other getUpdates request; make sure that only one bot instance is running
WARNING:aiogram.dispatcher:Sleep for 4.943405 seconds and try again... (tryings = 73, bot id = 8802005800)
ERROR:aiogram.dispatcher:Failed to fetch updates - TelegramConflictError: Telegram server says - Conflict: terminated by other getUpdates request; make sure that only one bot instance is running
WARNING:aiogram.dispatcher:Sleep for 5.158500 seconds and try again... (tryings = 74, bot id = 8802005800)
ERROR:aiogram.dispatcher:Failed to fetch updates - TelegramConflictError: Telegram server says - Conflict: terminated by other getUpdates request; make sure that only one bot instance is running
WARNING:aiogram.dispatcher:Sleep for 5.133767 seconds and try again... (tryings = 75, bot id = 8802005800)
ERROR:aiogram.dispatcher:Failed to fetch updates - TelegramConflictError: Telegram server says - Conflict: terminated by other getUpdates request; make sure that only one bot instance is running
WARNING:aiogram.dispatcher:Sleep for 5.293703 seconds and try again... (tryings = 76, bot id = 8802005800)
ERROR:aiogram.dispatcher:Failed to fetch updates - TelegramConflictError: Telegram server says - Conflict: terminated by other getUpdates request; make sure that only one bot instance is running
WARNING:aiogram.dispatcher:Sleep for 4.858955 seconds and try again... (tryings = 77, bot id = 8802005800)
ERROR:aiogram.dispatcher:Failed to fetch updates - TelegramConflictError: Telegram server says - Conflict: terminated by other getUpdates request; make sure that only one bot instance is running
WARNING:aiogram.dispatcher:Sleep for 4.977764 seconds and try again... (tryings = 78, bot id = 8802005800)
ERROR:aiogram.dispatcher:Failed to fetch updates - TelegramConflictError: Telegram server says - Conflict: terminated by other getUpdates request; make sure that only one bot instance is running
WARNING:aiogram.dispatcher:Sleep for 5.042617 seconds and try again... (tryings = 79, bot id = 8802005800)
ERROR:aiogram.dispatcher:Failed to fetch updates - TelegramConflictError: Telegram server says - Conflict: terminated by other getUpdates request; make sure that only one bot instance is running
WARNING:aiogram.dispatcher:Sleep for 4.947354 seconds and try again... (tryings = 80, bot id = 8802005800)
ERROR:aiogram.dispatcher:Failed to fetch updates - TelegramConflictError: Telegram server says - Conflict: terminated by other getUpdates request; make sure that only one bot instance is running
WARNING:aiogram.dispatcher:Sleep for 4.914245 seconds and try again... (tryings = 81, bot id = 8802005800)
ERROR:aiogram.dispatcher:Failed to fetch updates - TelegramConflictError: Telegram server says - Conflict: terminated by other getUpdates request; make sure that only one bot instance is running
WARNING:aiogram.dispatcher:Sleep for 4.906874 seconds and try again... (tryings = 82, bot id = 8802005800)
ERROR:aiogram.dispatcher:Failed to fetch updates - TelegramConflictError: Telegram server says - Conflict: terminated by other getUpdates request; make sure that only one bot instance is running
WARNING:aiogram.dispatcher:Sleep for 5.020605 seconds and try again... (tryings = 83, bot id = 8802005800)
ERROR:aiogram.dispatcher:Failed to fetch updates - TelegramConflictError: Telegram server says - Conflict: terminated by other getUpdates request; make sure that only one bot instance is running
WARNING:aiogram.dispatcher:Sleep for 5.096408 seconds and try again... (tryings = 84, bot id = 8802005800)
ERROR:aiogram.dispatcher:Failed to fetch updates - TelegramConflictError: Telegram server says - Conflict: terminated by other getUpdates request; make sure that only one bot instance is running
WARNING:aiogram.dispatcher:Sleep for 5.241254 seconds and try again... (tryings = 85, bot id = 8802005800)
ERROR:aiogram.dispatcher:Failed to fetch updates - TelegramConflictError: Telegram server says - Conflict: terminated by other getUpdates request; make sure that only one bot instance is running
WARNING:aiogram.dispatcher:Sleep for 4.960770 seconds and try again... (tryings = 86, bot id = 8802005800)
ERROR:aiogram.dispatcher:Failed to fetch updates - TelegramConflictError: Telegram server says - Conflict: terminated by other getUpdates request; make sure that only one bot instance is running
WARNING:aiogram.dispatcher:Sleep for 5.163714 seconds and try again... (tryings = 87, bot id = 8802005800)
ERROR:aiogram.dispatcher:Failed to fetch updates - TelegramConflictError: Telegram server says - Conflict: terminated by other getUpdates request; make sure that only one bot instance is running
WARNING:aiogram.dispatcher:Sleep for 4.972749 seconds and try again... (tryings = 88, bot id = 8802005800)
ERROR:aiogram.dispatcher:Failed to fetch updates - TelegramConflictError: Telegram server says - Conflict: terminated by other getUpdates request; make sure that only one bot instance is running
WARNING:aiogram.dispatcher:Sleep for 4.967014 seconds and try again... (tryings = 89, bot id = 8802005800)
ERROR:aiogram.dispatcher:Failed to fetch updates - TelegramConflictError: Telegram server says - Conflict: terminated by other getUpdates request; make sure that only one bot instance is running
WARNING:aiogram.dispatcher:Sleep for 4.760439 seconds and try again... (tryings = 90, bot id = 8802005800)
ERROR:aiogram.dispatcher:Failed to fetch updates - TelegramConflictError: Telegram server says - Conflict: terminated by other getUpdates request; make sure that only one bot instance is running
WARNING:aiogram.dispatcher:Sleep for 5.138420 seconds and try again... (tryings = 91, bot id = 8802005800)
ERROR:aiogram.dispatcher:Failed to fetch updates - TelegramConflictError: Telegram server says - Conflict: terminated by other getUpdates request; make sure that only one bot instance is running
WARNING:aiogram.dispatcher:Sleep for 4.948653 seconds and try again... (tryings = 92, bot id = 8802005800)
ERROR:aiogram.dispatcher:Failed to fetch updates - TelegramConflictError: Telegram server says - Conflict: terminated by other getUpdates request; make sure that only one bot instance is running
WARNING:aiogram.dispatcher:Sleep for 4.851736 seconds and try again... (tryings = 93, bot id = 8802005800)
ERROR:aiogram.dispatcher:Failed to fetch updates - TelegramConflictError: Telegram server says - Conflict: terminated by other getUpdates request; make sure that only one bot instance is running
WARNING:aiogram.dispatcher:Sleep for 5.010271 seconds and try again... (tryings = 94, bot id = 8802005800)
ERROR:aiogram.dispatcher:Failed to fetch updates - TelegramConflictError: Telegram server says - Conflict: terminated by other getUpdates request; make sure that only one bot instance is running
WARNING:aiogram.dispatcher:Sleep for 4.951277 seconds and try again... (tryings = 95, bot id = 8802005800)
ERROR:aiogram.dispatcher:Failed to fetch updates - TelegramConflictError: Telegram server says - Conflict: terminated by other getUpdates request; make sure that only one bot instance is running
WARNING:aiogram.dispatcher:Sleep for 4.970992 seconds and try again... (tryings = 96, bot id = 8802005800)
ERROR:aiogram.dispatcher:Failed to fetch updates - TelegramConflictError: Telegram server says - Conflict: terminated by other getUpdates request; make sure that only one bot instance is running
WARNING:aiogram.dispatcher:Sleep for 4.949015 seconds and try again... (tryings = 97, bot id = 8802005800)
ERROR:aiogram.dispatcher:Failed to fetch updates - TelegramConflictError: Telegram server says - Conflict: terminated by other getUpdates request; make sure that only one bot instance is running
WARNING:aiogram.dispatcher:Sleep for 4.918223 seconds and try again... (tryings = 98, bot id = 8802005800)
ERROR:aiogram.dispatcher:Failed to fetch updates - TelegramConflictError: Telegram server says - Conflict: terminated by other getUpdates request; make sure that only one bot instance is running
WARNING:aiogram.dispatcher:Sleep for 5.117027 seconds and try again... (tryings = 99, bot id = 8802005800)
ERROR:aiogram.dispatcher:Failed to fetch updates - TelegramConflictError: Telegram server says - Conflict: terminated by other getUpdates request; make sure that only one bot instance is running
WARNING:aiogram.dispatcher:Sleep for 4.851921 seconds and try again... (tryings = 100, bot id = 8802005800)
ERROR:aiogram.dispatcher:Failed to fetch updates - TelegramConflictError: Telegram server says - Conflict: terminated by other getUpdates request; make sure that only one bot instance is running
WARNING:aiogram.dispatcher:Sleep for 5.043023 seconds and try again... (tryings = 101, bot id = 8802005800)
ERROR:aiogram.dispatcher:Failed to fetch updates - TelegramConflictError: Telegram server says - Conflict: terminated by other getUpdates request; make sure that only one bot instance is running
WARNING:aiogram.dispatcher:Sleep for 5.169739 seconds and try again... (tryings = 102, bot id = 8802005800)
ERROR:aiogram.dispatcher:Failed to fetch updates - TelegramConflictError: Telegram server says - Conflict: terminated by other getUpdates request; make sure that only one bot instance is running
WARNING:aiogram.dispatcher:Sleep for 5.007202 seconds and try again... (tryings = 103, bot id = 8802005800)
ERROR:aiogram.dispatcher:Failed to fetch updates - TelegramConflictError: Telegram server says - Conflict: terminated by other getUpdates request; make sure that only one bot instance is running
WARNING:aiogram.dispatcher:Sleep for 5.081672 seconds and try again... (tryings = 104, bot id = 8802005800)
ERROR:aiogram.dispatcher:Failed to fetch updates - TelegramConflictError: Telegram server says - Conflict: terminated by other getUpdates request; make sure that only one bot instance is running
WARNING:aiogram.dispatcher:Sleep for 5.080093 seconds and try again... (tryings = 105, bot id = 8802005800)
ERROR:aiogram.dispatcher:Failed to fetch updates - TelegramConflictError: Telegram server says - Conflict: terminated by other getUpdates request; make sure that only one bot instance is running
WARNING:aiogram.dispatcher:Sleep for 4.907789 seconds and try again... (tryings = 106, bot id = 8802005800)
ERROR:aiogram.dispatcher:Failed to fetch updates - TelegramConflictError: Telegram server says - Conflict: terminated by other getUpdates request; make sure that only one bot instance is running
WARNING:aiogram.dispatcher:Sleep for 5.053339 seconds and try again... (tryings = 107, bot id = 8802005800)
ERROR:aiogram.dispatcher:Failed to fetch updates - TelegramConflictError: Telegram server says - Conflict: terminated by other getUpdates request; make sure that only one bot instance is running
WARNING:aiogram.dispatcher:Sleep for 4.962811 seconds and try again... (tryings = 108, bot id = 8802005800)
ERROR:aiogram.dispatcher:Failed to fetch updates - TelegramConflictError: Telegram server says - Conflict: terminated by other getUpdates request; make sure that only one bot instance is running
WARNING:aiogram.dispatcher:Sleep for 5.059702 seconds and try again... (tryings = 109, bot id = 8802005800)
ERROR:aiogram.dispatcher:Failed to fetch updates - TelegramConflictError: Telegram server says - Conflict: terminated by other getUpdates request; make sure that only one bot instance is running
WARNING:aiogram.dispatcher:Sleep for 5.031174 seconds and try again... (tryings = 110, bot id = 8802005800)
ERROR:aiogram.dispatcher:Failed to fetch updates - TelegramConflictError: Telegram server says - Conflict: terminated by other getUpdates request; make sure that only one bot instance is running
WARNING:aiogram.dispatcher:Sleep for 4.923136 seconds and try again... (tryings = 111, bot id = 8802005800)
ERROR:aiogram.dispatcher:Failed to fetch updates - TelegramConflictError: Telegram server says - Conflict: terminated by other getUpdates request; make sure that only one bot instance is running
WARNING:aiogram.dispatcher:Sleep for 5.130206 seconds and try again... (tryings = 112, bot id = 8802005800)
ERROR:aiogram.dispatcher:Failed to fetch updates - TelegramConflictError: Telegram server says - Conflict: terminated by other getUpdates request; make sure that only one bot instance is running
WARNING:aiogram.dispatcher:Sleep for 4.868034 seconds and try again... (tryings = 113, bot id = 8802005800)
ERROR:aiogram.dispatcher:Failed to fetch updates - TelegramConflictError: Telegram server says - Conflict: terminated by other getUpdates request; make sure that only one bot instance is running
WARNING:aiogram.dispatcher:Sleep for 5.070229 seconds and try again... (tryings = 114, bot id = 8802005800)
ERROR:aiogram.dispatcher:Failed to fetch updates - TelegramConflictError: Telegram server says - Conflict: terminated by other getUpdates request; make sure that only one bot instance is running
WARNING:aiogram.dispatcher:Sleep for 5.063338 seconds and try again... (tryings = 115, bot id = 8802005800)
ERROR:aiogram.dispatcher:Failed to fetch updates - TelegramConflictError: Telegram server says - Conflict: terminated by other getUpdates request; make sure that only one bot instance is running
WARNING:aiogram.dispatcher:Sleep for 4.950148 seconds and try again... (tryings = 116, bot id = 8802005800)
ERROR:aiogram.dispatcher:Failed to fetch updates - TelegramConflictError: Telegram server says - Conflict: terminated by other getUpdates request; make sure that only one bot instance is running
WARNING:aiogram.dispatcher:Sleep for 4.935418 seconds and try again... (tryings = 117, bot id = 8802005800)
ERROR:aiogram.dispatcher:Failed to fetch updates - TelegramConflictError: Telegram server says - Conflict: terminated by other getUpdates request; make sure that only one bot instance is running
WARNING:aiogram.dispatcher:Sleep for 4.938805 seconds and try again... (tryings = 118, bot id = 8802005800)
ERROR:aiogram.dispatcher:Failed to fetch updates - TelegramConflictError: Telegram server says - Conflict: terminated by other getUpdates request; make sure that only one bot instance is running
WARNING:aiogram.dispatcher:Sleep for 4.914733 seconds and try again... (tryings = 119, bot id = 8802005800)
ERROR:aiogram.dispatcher:Failed to fetch updates - TelegramConflictError: Telegram server says - Conflict: terminated by other getUpdates request; make sure that only one bot instance is running
WARNING:aiogram.dispatcher:Sleep for 5.042773 seconds and try again... (tryings = 120, bot id = 8802005800)
ERROR:aiogram.dispatcher:Failed to fetch updates - TelegramConflictError: Telegram server says - Conflict: terminated by other getUpdates request; make sure that only one bot instance is running
WARNING:aiogram.dispatcher:Sleep for 4.856185 seconds and try again... (tryings = 121, bot id = 8802005800)
ERROR:aiogram.dispatcher:Failed to fetch updates - TelegramConflictError: Telegram server says - Conflict: terminated by other getUpdates request; make sure that only one bot instance is running
WARNING:aiogram.dispatcher:Sleep for 4.959119 seconds and try again... (tryings = 122, bot id = 8802005800)
ERROR:aiogram.dispatcher:Failed to fetch updates - TelegramConflictError: Telegram server says - Conflict: terminated by other getUpdates request; make sure that only one bot instance is running
WARNING:aiogram.dispatcher:Sleep for 5.120358 seconds and try again... (tryings = 123, bot id = 8802005800)
ERROR:aiogram.dispatcher:Failed to fetch updates - TelegramConflictError: Telegram server says - Conflict: terminated by other getUpdates request; make sure that only one bot instance is running
WARNING:aiogram.dispatcher:Sleep for 4.996669 seconds and try again... (tryings = 124, bot id = 8802005800)
ERROR:aiogram.dispatcher:Failed to fetch updates - TelegramConflictError: Telegram server says - Conflict: terminated by other getUpdates request; make sure that only one bot instance is running
WARNING:aiogram.dispatcher:Sleep for 5.115800 seconds and try again... (tryings = 125, bot id = 8802005800)
ERROR:aiogram.dispatcher:Failed to fetch updates - TelegramConflictError: Telegram server says - Conflict: terminated by other getUpdates request; make sure that only one bot instance is running
WARNING:aiogram.dispatcher:Sleep for 5.043159 seconds and try again... (tryings = 126, bot id = 8802005800)
ERROR:aiogram.dispatcher:Failed to fetch updates - TelegramConflictError: Telegram server says - Conflict: terminated by other getUpdates request; make sure that only one bot instance is running
WARNING:aiogram.dispatcher:Sleep for 5.126825 seconds and try again... (tryings = 127, bot id = 8802005800)
ERROR:aiogram.dispatcher:Failed to fetch updates - TelegramConflictError: Telegram server says - Conflict: terminated by other getUpdates request; make sure that only one bot instance is running
WARNING:aiogram.dispatcher:Sleep for 5.076831 seconds and try again... (tryings = 128, bot id = 8802005800)
ERROR:aiogram.dispatcher:Failed to fetch updates - TelegramConflictError: Telegram server says - Conflict: terminated by other getUpdates request; make sure that only one bot instance is running
WARNING:aiogram.dispatcher:Sleep for 4.887618 seconds and try again... (tryings = 129, bot id = 8802005800)
ERROR:aiogram.dispatcher:Failed to fetch updates - TelegramConflictError: Telegram server says - Conflict: terminated by other getUpdates request; make sure that only one bot instance is running
WARNING:aiogram.dispatcher:Sleep for 5.169063 seconds and try again... (tryings = 130, bot id = 8802005800)
ERROR:aiogram.dispatcher:Failed to fetch updates - TelegramConflictError: Telegram server says - Conflict: terminated by other getUpdates request; make sure that only one bot instance is running
WARNING:aiogram.dispatcher:Sleep for 5.081507 seconds and try again... (tryings = 131, bot id = 8802005800)
ERROR:aiogram.dispatcher:Failed to fetch updates - TelegramConflictError: Telegram server says - Conflict: terminated by other getUpdates request; make sure that only one bot instance is running
WARNING:aiogram.dispatcher:Sleep for 5.038797 seconds and try again... (tryings = 132, bot id = 8802005800)
ERROR:aiogram.dispatcher:Failed to fetch updates - TelegramConflictError: Telegram server says - Conflict: terminated by other getUpdates request; make sure that only one bot instance is running
WARNING:aiogram.dispatcher:Sleep for 5.030997 seconds and try again... (tryings = 133, bot id = 8802005800)
ERROR:aiogram.dispatcher:Failed to fetch updates - TelegramConflictError: Telegram server says - Conflict: terminated by other getUpdates request; make sure that only one bot instance is running
WARNING:aiogram.dispatcher:Sleep for 4.987848 seconds and try again... (tryings = 134, bot id = 8802005800)
ERROR:aiogram.dispatcher:Failed to fetch updates - TelegramConflictError: Telegram server says - Conflict: terminated by other getUpdates request; make sure that only one bot instance is running
WARNING:aiogram.dispatcher:Sleep for 4.914017 seconds and try again... (tryings = 135, bot id = 8802005800)
ERROR:aiogram.dispatcher:Failed to fetch updates - TelegramConflictError: Telegram server says - Conflict: terminated by other getUpdates request; make sure that only one bot instance is running
WARNING:aiogram.dispatcher:Sleep for 5.052428 seconds and try again... (tryings = 136, bot id = 8802005800)
ERROR:aiogram.dispatcher:Failed to fetch updates - TelegramConflictError: Telegram server says - Conflict: terminated by other getUpdates request; make sure that only one bot instance is running
WARNING:aiogram.dispatcher:Sleep for 4.970811 seconds and try again... (tryings = 137, bot id = 8802005800)
ERROR:aiogram.dispatcher:Failed to fetch updates - TelegramNetworkError: HTTP Client says - ServerDisconnectedError: Server disconnected
WARNING:aiogram.dispatcher:Sleep for 4.940896 seconds and try again... (tryings = 138, bot id = 8802005800)
INFO:aiogram.dispatcher:Connection established (tryings = 139, bot id = 8802005800)
ERROR:aiogram.dispatcher:Failed to fetch updates - TelegramNetworkError: HTTP Client says - Request timeout error
WARNING:aiogram.dispatcher:Sleep for 1.000000 seconds and try again... (tryings = 0, bot id = 8802005800)
ERROR:aiogram.dispatcher:Failed to fetch updates - TelegramNetworkError: HTTP Client says - ClientConnectorError: Cannot connect to host api.telegram.org:443 ssl:default [None]
WARNING:aiogram.dispatcher:Sleep for 1.160837 seconds and try again... (tryings = 1, bot id = 8802005800)
ERROR:aiogram.dispatcher:Failed to fetch updates - TelegramNetworkError: HTTP Client says - ClientConnectorError: Cannot connect to host api.telegram.org:443 ssl:default [None]
WARNING:aiogram.dispatcher:Sleep for 1.411701 seconds and try again... (tryings = 2, bot id = 8802005800)
ERROR:aiogram.dispatcher:Failed to fetch updates - TelegramNetworkError: HTTP Client says - ClientConnectorError: Cannot connect to host api.telegram.org:443 ssl:default [None]
WARNING:aiogram.dispatcher:Sleep for 1.860217 seconds and try again... (tryings = 3, bot id = 8802005800)
ERROR:aiogram.dispatcher:Failed to fetch updates - TelegramNetworkError: HTTP Client says - ClientConnectorError: Cannot connect to host api.telegram.org:443 ssl:default [None]
WARNING:aiogram.dispatcher:Sleep for 2.607815 seconds and try again... (tryings = 4, bot id = 8802005800)
ERROR:aiogram.dispatcher:Failed to fetch updates - TelegramNetworkError: HTTP Client says - ClientConnectorError: Cannot connect to host api.telegram.org:443 ssl:default [None]
WARNING:aiogram.dispatcher:Sleep for 3.290494 seconds and try again... (tryings = 5, bot id = 8802005800)
ERROR:aiogram.dispatcher:Failed to fetch updates - TelegramNetworkError: HTTP Client says - ClientConnectorError: Cannot connect to host api.telegram.org:443 ssl:default [None]
WARNING:aiogram.dispatcher:Sleep for 4.295094 seconds and try again... (tryings = 6, bot id = 8802005800)
ERROR:aiogram.dispatcher:Failed to fetch updates - TelegramNetworkError: HTTP Client says - ClientConnectorError: Cannot connect to host api.telegram.org:443 ssl:default [None]
WARNING:aiogram.dispatcher:Sleep for 5.183566 seconds and try again... (tryings = 7, bot id = 8802005800)
ERROR:aiogram.dispatcher:Failed to fetch updates - TelegramNetworkError: HTTP Client says - ClientConnectorError: Cannot connect to host api.telegram.org:443 ssl:default [None]
WARNING:aiogram.dispatcher:Sleep for 4.981545 seconds and try again... (tryings = 8, bot id = 8802005800)
ERROR:aiogram.dispatcher:Failed to fetch updates - TelegramNetworkError: HTTP Client says - ClientConnectorError: Cannot connect to host api.telegram.org:443 ssl:default [None]
WARNING:aiogram.dispatcher:Sleep for 4.954210 seconds and try again... (tryings = 9, bot id = 8802005800)
ERROR:aiogram.dispatcher:Failed to fetch updates - TelegramNetworkError: HTTP Client says - ClientConnectorError: Cannot connect to host api.telegram.org:443 ssl:default [None]
WARNING:aiogram.dispatcher:Sleep for 5.204385 seconds and try again... (tryings = 10, bot id = 8802005800)
ERROR:aiogram.dispatcher:Failed to fetch updates - TelegramNetworkError: HTTP Client says - ClientConnectorError: Cannot connect to host api.telegram.org:443 ssl:default [None]
WARNING:aiogram.dispatcher:Sleep for 5.243527 seconds and try again... (tryings = 11, bot id = 8802005800)
ERROR:aiogram.dispatcher:Failed to fetch updates - TelegramNetworkError: HTTP Client says - ClientConnectorError: Cannot connect to host api.telegram.org:443 ssl:default [None]
WARNING:aiogram.dispatcher:Sleep for 4.844213 seconds and try again... (tryings = 12, bot id = 8802005800)
ERROR:aiogram.dispatcher:Failed to fetch updates - TelegramNetworkError: HTTP Client says - ClientConnectorError: Cannot connect to host api.telegram.org:443 ssl:default [None]
WARNING:aiogram.dispatcher:Sleep for 5.034624 seconds and try again... (tryings = 13, bot id = 8802005800)
ERROR:aiogram.dispatcher:Failed to fetch updates - TelegramNetworkError: HTTP Client says - ClientConnectorError: Cannot connect to host api.telegram.org:443 ssl:default [None]
WARNING:aiogram.dispatcher:Sleep for 5.039223 seconds and try again... (tryings = 14, bot id = 8802005800)
ERROR:aiogram.dispatcher:Failed to fetch updates - TelegramNetworkError: HTTP Client says - ClientConnectorError: Cannot connect to host api.telegram.org:443 ssl:default [None]
WARNING:aiogram.dispatcher:Sleep for 5.067831 seconds and try again... (tryings = 15, bot id = 8802005800)
ERROR:aiogram.dispatcher:Failed to fetch updates - TelegramNetworkError: HTTP Client says - ClientConnectorError: Cannot connect to host api.telegram.org:443 ssl:default [None]
WARNING:aiogram.dispatcher:Sleep for 5.072059 seconds and try again... (tryings = 16, bot id = 8802005800)
ERROR:aiogram.dispatcher:Failed to fetch updates - TelegramNetworkError: HTTP Client says - ClientConnectorError: Cannot connect to host api.telegram.org:443 ssl:default [None]
WARNING:aiogram.dispatcher:Sleep for 4.830442 seconds and try again... (tryings = 17, bot id = 8802005800)
ERROR:aiogram.dispatcher:Failed to fetch updates - TelegramNetworkError: HTTP Client says - ClientConnectorError: Cannot connect to host api.telegram.org:443 ssl:default [None]
WARNING:aiogram.dispatcher:Sleep for 4.953411 seconds and try again... (tryings = 18, bot id = 8802005800)
ERROR:aiogram.dispatcher:Failed to fetch updates - TelegramNetworkError: HTTP Client says - ClientConnectorError: Cannot connect to host api.telegram.org:443 ssl:default [None]
WARNING:aiogram.dispatcher:Sleep for 4.959621 seconds and try again... (tryings = 19, bot id = 8802005800)
ERROR:aiogram.dispatcher:Failed to fetch updates - TelegramNetworkError: HTTP Client says - ClientConnectorError: Cannot connect to host api.telegram.org:443 ssl:default [None]
WARNING:aiogram.dispatcher:Sleep for 5.046846 seconds and try again... (tryings = 20, bot id = 8802005800)
ERROR:aiogram.dispatcher:Failed to fetch updates - TelegramNetworkError: HTTP Client says - ClientConnectorError: Cannot connect to host api.telegram.org:443 ssl:default [None]
WARNING:aiogram.dispatcher:Sleep for 5.218139 seconds and try again... (tryings = 21, bot id = 8802005800)
ERROR:aiogram.dispatcher:Failed to fetch updates - TelegramNetworkError: HTTP Client says - ClientConnectorError: Cannot connect to host api.telegram.org:443 ssl:default [None]
WARNING:aiogram.dispatcher:Sleep for 5.089203 seconds and try again... (tryings = 22, bot id = 8802005800)
ERROR:aiogram.dispatcher:Failed to fetch updates - TelegramNetworkError: HTTP Client says - ClientConnectorError: Cannot connect to host api.telegram.org:443 ssl:default [None]
WARNING:aiogram.dispatcher:Sleep for 4.846666 seconds and try again... (tryings = 23, bot id = 8802005800)
ERROR:aiogram.dispatcher:Failed to fetch updates - TelegramNetworkError: HTTP Client says - ClientConnectorError: Cannot connect to host api.telegram.org:443 ssl:default [None]
WARNING:aiogram.dispatcher:Sleep for 4.989070 seconds and try again... (tryings = 24, bot id = 8802005800)
ERROR:aiogram.dispatcher:Failed to fetch updates - TelegramNetworkError: HTTP Client says - ClientConnectorError: Cannot connect to host api.telegram.org:443 ssl:default [None]
WARNING:aiogram.dispatcher:Sleep for 4.922044 seconds and try again... (tryings = 25, bot id = 8802005800)
ERROR:aiogram.dispatcher:Failed to fetch updates - TelegramNetworkError: HTTP Client says - ClientConnectorError: Cannot connect to host api.telegram.org:443 ssl:default [None]
WARNING:aiogram.dispatcher:Sleep for 4.992265 seconds and try again... (tryings = 26, bot id = 8802005800)
ERROR:aiogram.dispatcher:Failed to fetch updates - TelegramNetworkError: HTTP Client says - ClientConnectorError: Cannot connect to host api.telegram.org:443 ssl:default [None]
WARNING:aiogram.dispatcher:Sleep for 4.923561 seconds and try again... (tryings = 27, bot id = 8802005800)
ERROR:aiogram.dispatcher:Failed to fetch updates - TelegramNetworkError: HTTP Client says - ClientConnectorError: Cannot connect to host api.telegram.org:443 ssl:default [None]
WARNING:aiogram.dispatcher:Sleep for 5.205045 seconds and try again... (tryings = 28, bot id = 8802005800)
ERROR:aiogram.dispatcher:Failed to fetch updates - TelegramNetworkError: HTTP Client says - ClientConnectorError: Cannot connect to host api.telegram.org:443 ssl:default [None]
WARNING:aiogram.dispatcher:Sleep for 5.167117 seconds and try again... (tryings = 29, bot id = 8802005800)
ERROR:aiogram.dispatcher:Failed to fetch updates - TelegramNetworkError: HTTP Client says - ClientConnectorError: Cannot connect to host api.telegram.org:443 ssl:default [None]
WARNING:aiogram.dispatcher:Sleep for 4.898949 seconds and try again... (tryings = 30, bot id = 8802005800)
ERROR:aiogram.dispatcher:Failed to fetch updates - TelegramNetworkError: HTTP Client says - ClientConnectorError: Cannot connect to host api.telegram.org:443 ssl:default [None]
WARNING:aiogram.dispatcher:Sleep for 5.067389 seconds and try again... (tryings = 31, bot id = 8802005800)
ERROR:aiogram.dispatcher:Failed to fetch updates - TelegramNetworkError: HTTP Client says - ClientConnectorError: Cannot connect to host api.telegram.org:443 ssl:default [None]
WARNING:aiogram.dispatcher:Sleep for 4.932843 seconds and try again... (tryings = 32, bot id = 8802005800)
ERROR:aiogram.dispatcher:Failed to fetch updates - TelegramNetworkError: HTTP Client says - ClientConnectorError: Cannot connect to host api.telegram.org:443 ssl:default [None]
WARNING:aiogram.dispatcher:Sleep for 5.131346 seconds and try again... (tryings = 33, bot id = 8802005800)
ERROR:aiogram.dispatcher:Failed to fetch updates - TelegramNetworkError: HTTP Client says - ClientConnectorError: Cannot connect to host api.telegram.org:443 ssl:default [None]
WARNING:aiogram.dispatcher:Sleep for 5.075262 seconds and try again... (tryings = 34, bot id = 8802005800)
ERROR:aiogram.dispatcher:Failed to fetch updates - TelegramNetworkError: HTTP Client says - ClientConnectorError: Cannot connect to host api.telegram.org:443 ssl:default [None]
WARNING:aiogram.dispatcher:Sleep for 4.951302 seconds and try again... (tryings = 35, bot id = 8802005800)
ERROR:aiogram.dispatcher:Failed to fetch updates - TelegramNetworkError: HTTP Client says - ClientConnectorError: Cannot connect to host api.telegram.org:443 ssl:default [None]
WARNING:aiogram.dispatcher:Sleep for 4.999968 seconds and try again... (tryings = 36, bot id = 8802005800)
ERROR:aiogram.dispatcher:Failed to fetch updates - TelegramNetworkError: HTTP Client says - ClientConnectorError: Cannot connect to host api.telegram.org:443 ssl:default [None]
WARNING:aiogram.dispatcher:Sleep for 5.060425 seconds and try again... (tryings = 37, bot id = 8802005800)
ERROR:aiogram.dispatcher:Failed to fetch updates - TelegramNetworkError: HTTP Client says - ClientConnectorError: Cannot connect to host api.telegram.org:443 ssl:default [None]
WARNING:aiogram.dispatcher:Sleep for 5.034397 seconds and try again... (tryings = 38, bot id = 8802005800)
ERROR:aiogram.dispatcher:Failed to fetch updates - TelegramNetworkError: HTTP Client says - ClientConnectorError: Cannot connect to host api.telegram.org:443 ssl:default [None]
WARNING:aiogram.dispatcher:Sleep for 5.089485 seconds and try again... (tryings = 39, bot id = 8802005800)
ERROR:aiogram.dispatcher:Failed to fetch updates - TelegramNetworkError: HTTP Client says - ClientConnectorError: Cannot connect to host api.telegram.org:443 ssl:default [None]
WARNING:aiogram.dispatcher:Sleep for 4.998607 seconds and try again... (tryings = 40, bot id = 8802005800)
ERROR:aiogram.dispatcher:Failed to fetch updates - TelegramNetworkError: HTTP Client says - ClientConnectorError: Cannot connect to host api.telegram.org:443 ssl:default [None]
WARNING:aiogram.dispatcher:Sleep for 4.906810 seconds and try again... (tryings = 41, bot id = 8802005800)
ERROR:aiogram.dispatcher:Failed to fetch updates - TelegramNetworkError: HTTP Client says - ClientConnectorError: Cannot connect to host api.telegram.org:443 ssl:default [None]
WARNING:aiogram.dispatcher:Sleep for 5.107420 seconds and try again... (tryings = 42, bot id = 8802005800)
ERROR:aiogram.dispatcher:Failed to fetch updates - TelegramNetworkError: HTTP Client says - ClientConnectorError: Cannot connect to host api.telegram.org:443 ssl:default [None]
WARNING:aiogram.dispatcher:Sleep for 4.895672 seconds and try again... (tryings = 43, bot id = 8802005800)
ERROR:aiogram.dispatcher:Failed to fetch updates - TelegramConflictError: Telegram server says - Conflict: terminated by other getUpdates request; make sure that only one bot instance is running
WARNING:aiogram.dispatcher:Sleep for 4.946280 seconds and try again... (tryings = 44, bot id = 8802005800)
ERROR:aiogram.dispatcher:Failed to fetch updates - TelegramNetworkError: HTTP Client says - Request timeout error
WARNING:aiogram.dispatcher:Sleep for 5.027805 seconds and try again... (tryings = 45, bot id = 8802005800)
ERROR:aiogram.dispatcher:Failed to fetch updates - TelegramConflictError: Telegram server says - Conflict: terminated by other getUpdates request; make sure that only one bot instance is running
WARNING:aiogram.dispatcher:Sleep for 4.927928 seconds and try again... (tryings = 46, bot id = 8802005800)
ERROR:aiogram.dispatcher:Failed to fetch updates - TelegramConflictError: Telegram server says - Conflict: terminated by other getUpdates request; make sure that only one bot instance is running
WARNING:aiogram.dispatcher:Sleep for 4.904750 seconds and try again... (tryings = 47, bot id = 8802005800)
ERROR:aiogram.dispatcher:Failed to fetch updates - TelegramConflictError: Telegram server says - Conflict: terminated by other getUpdates request; make sure that only one bot instance is running
WARNING:aiogram.dispatcher:Sleep for 4.823560 seconds and try again... (tryings = 48, bot id = 8802005800)
ERROR:aiogram.dispatcher:Failed to fetch updates - TelegramNetworkError: HTTP Client says - ServerDisconnectedError: Server disconnected
WARNING:aiogram.dispatcher:Sleep for 5.049586 seconds and try again... (tryings = 49, bot id = 8802005800)
INFO:aiogram.dispatcher:Connection established (tryings = 50, bot id = 8802005800)
ERROR:aiogram.dispatcher:Failed to fetch updates - TelegramNetworkError: HTTP Client says - Request timeout error
WARNING:aiogram.dispatcher:Sleep for 1.000000 seconds and try again... (tryings = 0, bot id = 8802005800)
INFO:aiogram.dispatcher:Connection established (tryings = 1, bot id = 8802005800)
ERROR:aiogram.dispatcher:Failed to fetch updates - TelegramNetworkError: HTTP Client says - Request timeout error
WARNING:aiogram.dispatcher:Sleep for 1.000000 seconds and try again... (tryings = 0, bot id = 8802005800)
INFO:aiogram.dispatcher:Connection established (tryings = 1, bot id = 8802005800)
ERROR:aiogram.dispatcher:Failed to fetch updates - TelegramNetworkError: HTTP Client says - Request timeout error
WARNING:aiogram.dispatcher:Sleep for 1.000000 seconds and try again... (tryings = 0, bot id = 8802005800)
INFO:aiogram.dispatcher:Connection established (tryings = 1, bot id = 8802005800)
ERROR:aiogram.dispatcher:Failed to fetch updates - TelegramNetworkError: HTTP Client says - Request timeout error
WARNING:aiogram.dispatcher:Sleep for 1.000000 seconds and try again... (tryings = 0, bot id = 8802005800)
INFO:aiogram.dispatcher:Connection established (tryings = 1, bot id = 8802005800)
ERROR:aiogram.dispatcher:Failed to fetch updates - TelegramNetworkError: HTTP Client says - Request timeout error
WARNING:aiogram.dispatcher:Sleep for 1.000000 seconds and try again... (tryings = 0, bot id = 8802005800)
INFO:aiogram.dispatcher:Connection established (tryings = 1, bot id = 8802005800)
ERROR:aiogram.dispatcher:Failed to fetch updates - TelegramNetworkError: HTTP Client says - Request timeout error
WARNING:aiogram.dispatcher:Sleep for 1.000000 seconds and try again... (tryings = 0, bot id = 8802005800)
INFO:aiogram.dispatcher:Connection established (tryings = 1, bot id = 8802005800)
ERROR:aiogram.dispatcher:Failed to fetch updates - TelegramNetworkError: HTTP Client says - Request timeout error
WARNING:aiogram.dispatcher:Sleep for 1.000000 seconds and try again... (tryings = 0, bot id = 8802005800)
INFO:aiogram.dispatcher:Connection established (tryings = 1, bot id = 8802005800)
ERROR:aiogram.dispatcher:Failed to fetch updates - TelegramNetworkError: HTTP Client says - Request timeout error
WARNING:aiogram.dispatcher:Sleep for 1.000000 seconds and try again... (tryings = 0, bot id = 8802005800)
INFO:aiogram.dispatcher:Connection established (tryings = 1, bot id = 8802005800)
ERROR:aiogram.dispatcher:Failed to fetch updates - TelegramNetworkError: HTTP Client says - Request timeout error
WARNING:aiogram.dispatcher:Sleep for 1.000000 seconds and try again... (tryings = 0, bot id = 8802005800)
INFO:aiogram.dispatcher:Connection established (tryings = 1, bot id = 8802005800)
ERROR:aiogram.dispatcher:Failed to fetch updates - TelegramNetworkError: HTTP Client says - Request timeout error
WARNING:aiogram.dispatcher:Sleep for 1.000000 seconds and try again... (tryings = 0, bot id = 8802005800)
INFO:aiogram.dispatcher:Connection established (tryings = 1, bot id = 8802005800)
ERROR:aiogram.dispatcher:Failed to fetch updates - TelegramNetworkError: HTTP Client says - Request timeout error
WARNING:aiogram.dispatcher:Sleep for 1.000000 seconds and try again... (tryings = 0, bot id = 8802005800)
INFO:aiogram.dispatcher:Connection established (tryings = 1, bot id = 8802005800)
ERROR:aiogram.dispatcher:Failed to fetch updates - TelegramNetworkError: HTTP Client says - Request timeout error
WARNING:aiogram.dispatcher:Sleep for 1.000000 seconds and try again... (tryings = 0, bot id = 8802005800)
INFO:aiogram.dispatcher:Connection established (tryings = 1, bot id = 8802005800)
ERROR:aiogram.dispatcher:Failed to fetch updates - TelegramConflictError: Telegram server says - Conflict: terminated by other getUpdates request; make sure that only one bot instance is running
WARNING:aiogram.dispatcher:Sleep for 1.000000 seconds and try again... (tryings = 0, bot id = 8802005800)
ERROR:aiogram.dispatcher:Failed to fetch updates - TelegramConflictError: Telegram server says - Conflict: terminated by other getUpdates request; make sure that only one bot instance is running
WARNING:aiogram.dispatcher:Sleep for 1.323955 seconds and try again... (tryings = 1, bot id = 8802005800)
ERROR:aiogram.dispatcher:Failed to fetch updates - TelegramNetworkError: HTTP Client says - Request timeout error
WARNING:aiogram.dispatcher:Sleep for 1.714857 seconds and try again... (tryings = 2, bot id = 8802005800)
ERROR:aiogram.dispatcher:Failed to fetch updates - TelegramConflictError: Telegram server says - Conflict: terminated by other getUpdates request; make sure that only one bot instance is running
WARNING:aiogram.dispatcher:Sleep for 2.267063 seconds and try again... (tryings = 3, bot id = 8802005800)
ERROR:aiogram.dispatcher:Failed to fetch updates - TelegramConflictError: Telegram server says - Conflict: terminated by other getUpdates request; make sure that only one bot instance is running
WARNING:aiogram.dispatcher:Sleep for 2.839274 seconds and try again... (tryings = 4, bot id = 8802005800)
ERROR:aiogram.dispatcher:Failed to fetch updates - TelegramConflictError: Telegram server says - Conflict: terminated by other getUpdates request; make sure that only one bot instance is running
WARNING:aiogram.dispatcher:Sleep for 3.733633 seconds and try again... (tryings = 5, bot id = 8802005800)
ERROR:aiogram.dispatcher:Failed to fetch updates - TelegramNetworkError: HTTP Client says - ServerDisconnectedError: Server disconnected
WARNING:aiogram.dispatcher:Sleep for 4.791001 seconds and try again... (tryings = 6, bot id = 8802005800)
INFO:aiogram.dispatcher:Connection established (tryings = 7, bot id = 8802005800)
ERROR:aiogram.dispatcher:Failed to fetch updates - TelegramNetworkError: HTTP Client says - Request timeout error
WARNING:aiogram.dispatcher:Sleep for 1.000000 seconds and try again... (tryings = 0, bot id = 8802005800)
INFO:aiogram.dispatcher:Connection established (tryings = 1, bot id = 8802005800)
ERROR:aiogram.dispatcher:Failed to fetch updates - TelegramNetworkError: HTTP Client says - Request timeout error
WARNING:aiogram.dispatcher:Sleep for 1.000000 seconds and try again... (tryings = 0, bot id = 8802005800)
INFO:aiogram.dispatcher:Connection established (tryings = 1, bot id = 8802005800)
ERROR:aiogram.dispatcher:Failed to fetch updates - TelegramNetworkError: HTTP Client says - Request timeout error
WARNING:aiogram.dispatcher:Sleep for 1.000000 seconds and try again... (tryings = 0, bot id = 8802005800)
INFO:aiogram.dispatcher:Connection established (tryings = 1, bot id = 8802005800)
ERROR:aiogram.dispatcher:Failed to fetch updates - TelegramNetworkError: HTTP Client says - Request timeout error
WARNING:aiogram.dispatcher:Sleep for 1.000000 seconds and try again... (tryings = 0, bot id = 8802005800)
INFO:aiogram.dispatcher:Connection established (tryings = 1, bot id = 8802005800)
ERROR:aiogram.dispatcher:Failed to fetch updates - TelegramNetworkError: HTTP Client says - Request timeout error
WARNING:aiogram.dispatcher:Sleep for 1.000000 seconds and try again... (tryings = 0, bot id = 8802005800)
INFO:aiogram.dispatcher:Connection established (tryings = 1, bot id = 8802005800)
ERROR:aiogram.dispatcher:Failed to fetch updates - TelegramNetworkError: HTTP Client says - Request timeout error
WARNING:aiogram.dispatcher:Sleep for 1.000000 seconds and try again... (tryings = 0, bot id = 8802005800)
INFO:aiogram.dispatcher:Connection established (tryings = 1, bot id = 8802005800)
ERROR:aiogram.dispatcher:Failed to fetch updates - TelegramNetworkError: HTTP Client says - Request timeout error
WARNING:aiogram.dispatcher:Sleep for 1.000000 seconds and try again... (tryings = 0, bot id = 8802005800)
INFO:aiogram.dispatcher:Connection established (tryings = 1, bot id = 8802005800)
ERROR:aiogram.dispatcher:Failed to fetch updates - TelegramNetworkError: HTTP Client says - Request timeout error
WARNING:aiogram.dispatcher:Sleep for 1.000000 seconds and try again... (tryings = 0, bot id = 8802005800)
INFO:aiogram.dispatcher:Connection established (tryings = 1, bot id = 8802005800)
ERROR:aiogram.dispatcher:Failed to fetch updates - TelegramNetworkError: HTTP Client says - Request timeout error
WARNING:aiogram.dispatcher:Sleep for 1.000000 seconds and try again... (tryings = 0, bot id = 8802005800)
INFO:aiogram.dispatcher:Connection established (tryings = 1, bot id = 8802005800)
ERROR:aiogram.dispatcher:Failed to fetch updates - TelegramNetworkError: HTTP Client says - Request timeout error
WARNING:aiogram.dispatcher:Sleep for 1.000000 seconds and try again... (tryings = 0, bot id = 8802005800)
INFO:aiogram.dispatcher:Connection established (tryings = 1, bot id = 8802005800)
ERROR:aiogram.dispatcher:Failed to fetch updates - TelegramNetworkError: HTTP Client says - Request timeout error
WARNING:aiogram.dispatcher:Sleep for 1.000000 seconds and try again... (tryings = 0, bot id = 8802005800)
INFO:aiogram.dispatcher:Connection established (tryings = 1, bot id = 8802005800)
ERROR:aiogram.dispatcher:Failed to fetch updates - TelegramNetworkError: HTTP Client says - Request timeout error
WARNING:aiogram.dispatcher:Sleep for 1.000000 seconds and try again... (tryings = 0, bot id = 8802005800)
INFO:aiogram.dispatcher:Connection established (tryings = 1, bot id = 8802005800)
ERROR:aiogram.dispatcher:Failed to fetch updates - TelegramNetworkError: HTTP Client says - Request timeout error
WARNING:aiogram.dispatcher:Sleep for 1.000000 seconds and try again... (tryings = 0, bot id = 8802005800)
INFO:aiogram.dispatcher:Connection established (tryings = 1, bot id = 8802005800)
ERROR:aiogram.dispatcher:Failed to fetch updates - TelegramNetworkError: HTTP Client says - Request timeout error
WARNING:aiogram.dispatcher:Sleep for 1.000000 seconds and try again... (tryings = 0, bot id = 8802005800)
INFO:aiogram.dispatcher:Connection established (tryings = 1, bot id = 8802005800)
ERROR:aiogram.dispatcher:Failed to fetch updates - TelegramNetworkError: HTTP Client says - Request timeout error
WARNING:aiogram.dispatcher:Sleep for 1.000000 seconds and try again... (tryings = 0, bot id = 8802005800)
INFO:aiogram.dispatcher:Connection established (tryings = 1, bot id = 8802005800)
ERROR:aiogram.dispatcher:Failed to fetch updates - TelegramNetworkError: HTTP Client says - Request timeout error
WARNING:aiogram.dispatcher:Sleep for 1.000000 seconds and try again... (tryings = 0, bot id = 8802005800)
INFO:aiogram.dispatcher:Connection established (tryings = 1, bot id = 8802005800)
ERROR:aiogram.dispatcher:Failed to fetch updates - TelegramNetworkError: HTTP Client says - Request timeout error
WARNING:aiogram.dispatcher:Sleep for 1.000000 seconds and try again... (tryings = 0, bot id = 8802005800)
INFO:aiogram.dispatcher:Connection established (tryings = 1, bot id = 8802005800)
ERROR:aiogram.dispatcher:Failed to fetch updates - TelegramNetworkError: HTTP Client says - Request timeout error
WARNING:aiogram.dispatcher:Sleep for 1.000000 seconds and try again... (tryings = 0, bot id = 8802005800)
INFO:aiogram.dispatcher:Connection established (tryings = 1, bot id = 8802005800)
ERROR:aiogram.dispatcher:Failed to fetch updates - TelegramNetworkError: HTTP Client says - Request timeout error
WARNING:aiogram.dispatcher:Sleep for 1.000000 seconds and try again... (tryings = 0, bot id = 8802005800)
INFO:aiogram.dispatcher:Connection established (tryings = 1, bot id = 8802005800)
ERROR:aiogram.dispatcher:Failed to fetch updates - TelegramNetworkError: HTTP Client says - Request timeout error
WARNING:aiogram.dispatcher:Sleep for 1.000000 seconds and try again... (tryings = 0, bot id = 8802005800)
INFO:aiogram.dispatcher:Connection established (tryings = 1, bot id = 8802005800)
ERROR:aiogram.dispatcher:Failed to fetch updates - TelegramNetworkError: HTTP Client says - Request timeout error
WARNING:aiogram.dispatcher:Sleep for 1.000000 seconds and try again... (tryings = 0, bot id = 8802005800)
INFO:aiogram.dispatcher:Connection established (tryings = 1, bot id = 8802005800)
ERROR:aiogram.dispatcher:Failed to fetch updates - TelegramNetworkError: HTTP Client says - Request timeout error
WARNING:aiogram.dispatcher:Sleep for 1.000000 seconds and try again... (tryings = 0, bot id = 8802005800)
INFO:aiogram.dispatcher:Connection established (tryings = 1, bot id = 8802005800)
ERROR:aiogram.dispatcher:Failed to fetch updates - TelegramNetworkError: HTTP Client says - Request timeout error
WARNING:aiogram.dispatcher:Sleep for 1.000000 seconds and try again... (tryings = 0, bot id = 8802005800)
INFO:aiogram.dispatcher:Connection established (tryings = 1, bot id = 8802005800)
ERROR:aiogram.dispatcher:Failed to fetch updates - TelegramNetworkError: HTTP Client says - Request timeout error
WARNING:aiogram.dispatcher:Sleep for 1.000000 seconds and try again... (tryings = 0, bot id = 8802005800)
INFO:aiogram.dispatcher:Connection established (tryings = 1, bot id = 8802005800)
ERROR:aiogram.dispatcher:Failed to fetch updates - TelegramNetworkError: HTTP Client says - Request timeout error
WARNING:aiogram.dispatcher:Sleep for 1.000000 seconds and try again... (tryings = 0, bot id = 8802005800)
INFO:aiogram.dispatcher:Connection established (tryings = 1, bot id = 8802005800)
ERROR:aiogram.dispatcher:Failed to fetch updates - TelegramNetworkError: HTTP Client says - Request timeout error
WARNING:aiogram.dispatcher:Sleep for 1.000000 seconds and try again... (tryings = 0, bot id = 8802005800)
INFO:aiogram.dispatcher:Connection established (tryings = 1, bot id = 8802005800)
ERROR:aiogram.dispatcher:Failed to fetch updates - TelegramNetworkError: HTTP Client says - Request timeout error
WARNING:aiogram.dispatcher:Sleep for 1.000000 seconds and try again... (tryings = 0, bot id = 8802005800)
INFO:aiogram.dispatcher:Connection established (tryings = 1, bot id = 8802005800)
ERROR:aiogram.dispatcher:Failed to fetch updates - TelegramNetworkError: HTTP Client says - Request timeout error
WARNING:aiogram.dispatcher:Sleep for 1.000000 seconds and try again... (tryings = 0, bot id = 8802005800)
ERROR:aiogram.dispatcher:Failed to fetch updates - TelegramConflictError: Telegram server says - Conflict: terminated by other getUpdates request; make sure that only one bot instance is running
WARNING:aiogram.dispatcher:Sleep for 1.292953 seconds and try again... (tryings = 1, bot id = 8802005800)
ERROR:aiogram.dispatcher:Failed to fetch updates - TelegramConflictError: Telegram server says - Conflict: terminated by other getUpdates request; make sure that only one bot instance is running
WARNING:aiogram.dispatcher:Sleep for 1.739169 seconds and try again... (tryings = 2, bot id = 8802005800)
ERROR:aiogram.dispatcher:Failed to fetch updates - TelegramConflictError: Telegram server says - Conflict: terminated by other getUpdates request; make sure that only one bot instance is running
WARNING:aiogram.dispatcher:Sleep for 2.214250 seconds and try again... (tryings = 3, bot id = 8802005800)
ERROR:aiogram.dispatcher:Failed to fetch updates - TelegramConflictError: Telegram server says - Conflict: terminated by other getUpdates request; make sure that only one bot instance is running
WARNING:aiogram.dispatcher:Sleep for 2.920100 seconds and try again... (tryings = 4, bot id = 8802005800)
ERROR:aiogram.dispatcher:Failed to fetch updates - TelegramConflictError: Telegram server says - Conflict: terminated by other getUpdates request; make sure that only one bot instance is running
WARNING:aiogram.dispatcher:Sleep for 3.818230 seconds and try again... (tryings = 5, bot id = 8802005800)
ERROR:aiogram.dispatcher:Failed to fetch updates - TelegramNetworkError: HTTP Client says - ServerDisconnectedError: Server disconnected
WARNING:aiogram.dispatcher:Sleep for 4.957163 seconds and try again... (tryings = 6, bot id = 8802005800)
ERROR:aiogram.dispatcher:Failed to fetch updates - TelegramNetworkError: HTTP Client says - Request timeout error
WARNING:aiogram.dispatcher:Sleep for 4.978192 seconds and try again... (tryings = 7, bot id = 8802005800)
INFO:aiogram.dispatcher:Connection established (tryings = 8, bot id = 8802005800)
ERROR:aiogram.dispatcher:Failed to fetch updates - TelegramConflictError: Telegram server says - Conflict: terminated by other getUpdates request; make sure that only one bot instance is running
WARNING:aiogram.dispatcher:Sleep for 1.000000 seconds and try again... (tryings = 0, bot id = 8802005800)
ERROR:aiogram.dispatcher:Failed to fetch updates - TelegramConflictError: Telegram server says - Conflict: terminated by other getUpdates request; make sure that only one bot instance is running
WARNING:aiogram.dispatcher:Sleep for 1.552714 seconds and try again... (tryings = 1, bot id = 8802005800)
ERROR:aiogram.dispatcher:Failed to fetch updates - TelegramConflictError: Telegram server says - Conflict: terminated by other getUpdates request; make sure that only one bot instance is running
WARNING:aiogram.dispatcher:Sleep for 2.072014 seconds and try again... (tryings = 2, bot id = 8802005800)
ERROR:aiogram.dispatcher:Failed to fetch updates - TelegramNetworkError: HTTP Client says - ServerDisconnectedError: Server disconnected
WARNING:aiogram.dispatcher:Sleep for 2.740437 seconds and try again... (tryings = 3, bot id = 8802005800)
INFO:aiogram.dispatcher:Connection established (tryings = 4, bot id = 8802005800)
ERROR:aiogram.dispatcher:Failed to fetch updates - TelegramNetworkError: HTTP Client says - Request timeout error
WARNING:aiogram.dispatcher:Sleep for 1.000000 seconds and try again... (tryings = 0, bot id = 8802005800)
INFO:aiogram.dispatcher:Connection established (tryings = 1, bot id = 8802005800)
ERROR:aiogram.dispatcher:Failed to fetch updates - TelegramNetworkError: HTTP Client says - Request timeout error
WARNING:aiogram.dispatcher:Sleep for 1.000000 seconds and try again... (tryings = 0, bot id = 8802005800)
INFO:aiogram.dispatcher:Connection established (tryings = 1, bot id = 8802005800)
ERROR:aiogram.dispatcher:Failed to fetch updates - TelegramNetworkError: HTTP Client says - Request timeout error
WARNING:aiogram.dispatcher:Sleep for 1.000000 seconds and try again... (tryings = 0, bot id = 8802005800)
INFO:aiogram.dispatcher:Connection established (tryings = 1, bot id = 8802005800)
ERROR:aiogram.dispatcher:Failed to fetch updates - TelegramNetworkError: HTTP Client says - Request timeout error
WARNING:aiogram.dispatcher:Sleep for 1.000000 seconds and try again... (tryings = 0, bot id = 8802005800)
INFO:aiogram.dispatcher:Connection established (tryings = 1, bot id = 8802005800)
ERROR:aiogram.dispatcher:Failed to fetch updates - TelegramNetworkError: HTTP Client says - Request timeout error
WARNING:aiogram.dispatcher:Sleep for 1.000000 seconds and try again... (tryings = 0, bot id = 8802005800)
INFO:aiogram.dispatcher:Connection established (tryings = 1, bot id = 8802005800)
ERROR:aiogram.dispatcher:Failed to fetch updates - TelegramNetworkError: HTTP Client says - Request timeout error
WARNING:aiogram.dispatcher:Sleep for 1.000000 seconds and try again... (tryings = 0, bot id = 8802005800)
INFO:aiogram.dispatcher:Connection established (tryings = 1, bot id = 8802005800)
ERROR:aiogram.dispatcher:Failed to fetch updates - TelegramNetworkError: HTTP Client says - Request timeout error
WARNING:aiogram.dispatcher:Sleep for 1.000000 seconds and try again... (tryings = 0, bot id = 8802005800)
INFO:aiogram.dispatcher:Connection established (tryings = 1, bot id = 8802005800)
ERROR:aiogram.dispatcher:Failed to fetch updates - TelegramNetworkError: HTTP Client says - Request timeout error
WARNING:aiogram.dispatcher:Sleep for 1.000000 seconds and try again... (tryings = 0, bot id = 8802005800)
INFO:aiogram.dispatcher:Connection established (tryings = 1, bot id = 8802005800)
ERROR:aiogram.dispatcher:Failed to fetch updates - TelegramNetworkError: HTTP Client says - Request timeout error
WARNING:aiogram.dispatcher:Sleep for 1.000000 seconds and try again... (tryings = 0, bot id = 8802005800)
INFO:aiogram.dispatcher:Connection established (tryings = 1, bot id = 8802005800)
ERROR:aiogram.dispatcher:Failed to fetch updates - TelegramNetworkError: HTTP Client says - Request timeout error
WARNING:aiogram.dispatcher:Sleep for 1.000000 seconds and try again... (tryings = 0, bot id = 8802005800)
INFO:aiogram.dispatcher:Connection established (tryings = 1, bot id = 8802005800)
ERROR:aiogram.dispatcher:Failed to fetch updates - TelegramNetworkError: HTTP Client says - Request timeout error
WARNING:aiogram.dispatcher:Sleep for 1.000000 seconds and try again... (tryings = 0, bot id = 8802005800)
INFO:aiogram.dispatcher:Connection established (tryings = 1, bot id = 8802005800)
ERROR:aiogram.dispatcher:Failed to fetch updates - TelegramNetworkError: HTTP Client says - Request timeout error
WARNING:aiogram.dispatcher:Sleep for 1.000000 seconds and try again... (tryings = 0, bot id = 8802005800)
INFO:aiogram.dispatcher:Connection established (tryings = 1, bot id = 8802005800)
ERROR:aiogram.dispatcher:Failed to fetch updates - TelegramNetworkError: HTTP Client says - Request timeout error
WARNING:aiogram.dispatcher:Sleep for 1.000000 seconds and try again... (tryings = 0, bot id = 8802005800)
INFO:aiogram.dispatcher:Connection established (tryings = 1, bot id = 8802005800)
ERROR:aiogram.dispatcher:Failed to fetch updates - TelegramNetworkError: HTTP Client says - Request timeout error
WARNING:aiogram.dispatcher:Sleep for 1.000000 seconds and try again... (tryings = 0, bot id = 8802005800)
INFO:aiogram.dispatcher:Connection established (tryings = 1, bot id = 8802005800)
ERROR:aiogram.dispatcher:Failed to fetch updates - TelegramNetworkError: HTTP Client says - Request timeout error
WARNING:aiogram.dispatcher:Sleep for 1.000000 seconds and try again... (tryings = 0, bot id = 8802005800)
INFO:aiogram.dispatcher:Connection established (tryings = 1, bot id = 8802005800)
ERROR:aiogram.dispatcher:Failed to fetch updates - TelegramNetworkError: HTTP Client says - Request timeout error
WARNING:aiogram.dispatcher:Sleep for 1.000000 seconds and try again... (tryings = 0, bot id = 8802005800)
INFO:aiogram.dispatcher:Connection established (tryings = 1, bot id = 8802005800)
ERROR:aiogram.dispatcher:Failed to fetch updates - TelegramNetworkError: HTTP Client says - Request timeout error
WARNING:aiogram.dispatcher:Sleep for 1.000000 seconds and try again... (tryings = 0, bot id = 8802005800)
INFO:aiogram.dispatcher:Connection established (tryings = 1, bot id = 8802005800)
ERROR:aiogram.dispatcher:Failed to fetch updates - TelegramNetworkError: HTTP Client says - Request timeout error
WARNING:aiogram.dispatcher:Sleep for 1.000000 seconds and try again... (tryings = 0, bot id = 8802005800)
INFO:aiogram.dispatcher:Connection established (tryings = 1, bot id = 8802005800)
ERROR:aiogram.dispatcher:Failed to fetch updates - TelegramNetworkError: HTTP Client says - Request timeout error
WARNING:aiogram.dispatcher:Sleep for 1.000000 seconds and try again... (tryings = 0, bot id = 8802005800)
INFO:aiogram.dispatcher:Connection established (tryings = 1, bot id = 8802005800)
ERROR:aiogram.dispatcher:Failed to fetch updates - TelegramNetworkError: HTTP Client says - Request timeout error
WARNING:aiogram.dispatcher:Sleep for 1.000000 seconds and try again... (tryings = 0, bot id = 8802005800)
INFO:aiogram.dispatcher:Connection established (tryings = 1, bot id = 8802005800)
ERROR:aiogram.dispatcher:Failed to fetch updates - TelegramNetworkError: HTTP Client says - Request timeout error
WARNING:aiogram.dispatcher:Sleep for 1.000000 seconds and try again... (tryings = 0, bot id = 8802005800)
INFO:aiogram.dispatcher:Connection established (tryings = 1, bot id = 8802005800)
ERROR:aiogram.dispatcher:Failed to fetch updates - TelegramNetworkError: HTTP Client says - Request timeout error
WARNING:aiogram.dispatcher:Sleep for 1.000000 seconds and try again... (tryings = 0, bot id = 8802005800)
INFO:aiogram.dispatcher:Connection established (tryings = 1, bot id = 8802005800)
ERROR:aiogram.dispatcher:Failed to fetch updates - TelegramNetworkError: HTTP Client says - Request timeout error
WARNING:aiogram.dispatcher:Sleep for 1.000000 seconds and try again... (tryings = 0, bot id = 8802005800)
INFO:aiogram.dispatcher:Connection established (tryings = 1, bot id = 8802005800)
ERROR:aiogram.dispatcher:Failed to fetch updates - TelegramNetworkError: HTTP Client says - Request timeout error
WARNING:aiogram.dispatcher:Sleep for 1.000000 seconds and try again... (tryings = 0, bot id = 8802005800)
INFO:aiogram.dispatcher:Connection established (tryings = 1, bot id = 8802005800)
ERROR:aiogram.dispatcher:Failed to fetch updates - TelegramNetworkError: HTTP Client says - Request timeout error
WARNING:aiogram.dispatcher:Sleep for 1.000000 seconds and try again... (tryings = 0, bot id = 8802005800)
INFO:aiogram.dispatcher:Connection established (tryings = 1, bot id = 8802005800)
ERROR:aiogram.dispatcher:Failed to fetch updates - TelegramNetworkError: HTTP Client says - Request timeout error
WARNING:aiogram.dispatcher:Sleep for 1.000000 seconds and try again... (tryings = 0, bot id = 8802005800)
INFO:aiogram.dispatcher:Connection established (tryings = 1, bot id = 8802005800)
ERROR:aiogram.dispatcher:Failed to fetch updates - TelegramNetworkError: HTTP Client says - Request timeout error
WARNING:aiogram.dispatcher:Sleep for 1.000000 seconds and try again... (tryings = 0, bot id = 8802005800)
INFO:aiogram.dispatcher:Connection established (tryings = 1, bot id = 8802005800)
ERROR:aiogram.dispatcher:Failed to fetch updates - TelegramConflictError: Telegram server says - Conflict: terminated by other getUpdates request; make sure that only one bot instance is running
WARNING:aiogram.dispatcher:Sleep for 1.000000 seconds and try again... (tryings = 0, bot id = 8802005800)
ERROR:aiogram.dispatcher:Failed to fetch updates - TelegramConflictError: Telegram server says - Conflict: terminated by other getUpdates request; make sure that only one bot instance is running
WARNING:aiogram.dispatcher:Sleep for 1.354197 seconds and try again... (tryings = 1, bot id = 8802005800)
ERROR:aiogram.dispatcher:Failed to fetch updates - TelegramConflictError: Telegram server says - Conflict: terminated by other getUpdates request; make sure that only one bot instance is running
WARNING:aiogram.dispatcher:Sleep for 1.751398 seconds and try again... (tryings = 2, bot id = 8802005800)
ERROR:aiogram.dispatcher:Failed to fetch updates - TelegramConflictError: Telegram server says - Conflict: terminated by other getUpdates request; make sure that only one bot instance is running
WARNING:aiogram.dispatcher:Sleep for 2.384830 seconds and try again... (tryings = 3, bot id = 8802005800)
ERROR:aiogram.dispatcher:Failed to fetch updates - TelegramConflictError: Telegram server says - Conflict: terminated by other getUpdates request; make sure that only one bot instance is running
WARNING:aiogram.dispatcher:Sleep for 3.162809 seconds and try again... (tryings = 4, bot id = 8802005800)
ERROR:aiogram.dispatcher:Failed to fetch updates - TelegramConflictError: Telegram server says - Conflict: terminated by other getUpdates request; make sure that only one bot instance is running
WARNING:aiogram.dispatcher:Sleep for 4.034043 seconds and try again... (tryings = 5, bot id = 8802005800)
ERROR:aiogram.dispatcher:Failed to fetch updates - TelegramConflictError: Telegram server says - Conflict: terminated by other getUpdates request; make sure that only one bot instance is running
WARNING:aiogram.dispatcher:Sleep for 5.121876 seconds and try again... (tryings = 6, bot id = 8802005800)
ERROR:aiogram.dispatcher:Failed to fetch updates - TelegramConflictError: Telegram server says - Conflict: terminated by other getUpdates request; make sure that only one bot instance is running
WARNING:aiogram.dispatcher:Sleep for 5.050337 seconds and try again... (tryings = 7, bot id = 8802005800)
ERROR:aiogram.dispatcher:Failed to fetch updates - TelegramConflictError: Telegram server says - Conflict: terminated by other getUpdates request; make sure that only one bot instance is running
WARNING:aiogram.dispatcher:Sleep for 5.163093 seconds and try again... (tryings = 8, bot id = 8802005800)
ERROR:aiogram.dispatcher:Failed to fetch updates - TelegramConflictError: Telegram server says - Conflict: terminated by other getUpdates request; make sure that only one bot instance is running
WARNING:aiogram.dispatcher:Sleep for 4.922868 seconds and try again... (tryings = 9, bot id = 8802005800)
ERROR:aiogram.dispatcher:Failed to fetch updates - TelegramConflictError: Telegram server says - Conflict: terminated by other getUpdates request; make sure that only one bot instance is running
WARNING:aiogram.dispatcher:Sleep for 5.089654 seconds and try again... (tryings = 10, bot id = 8802005800)
ERROR:aiogram.dispatcher:Failed to fetch updates - TelegramConflictError: Telegram server says - Conflict: terminated by other getUpdates request; make sure that only one bot instance is running
WARNING:aiogram.dispatcher:Sleep for 5.021524 seconds and try again... (tryings = 11, bot id = 8802005800)
ERROR:aiogram.dispatcher:Failed to fetch updates - TelegramConflictError: Telegram server says - Conflict: terminated by other getUpdates request; make sure that only one bot instance is running
WARNING:aiogram.dispatcher:Sleep for 4.919842 seconds and try again... (tryings = 12, bot id = 8802005800)
ERROR:aiogram.dispatcher:Failed to fetch updates - TelegramConflictError: Telegram server says - Conflict: terminated by other getUpdates request; make sure that only one bot instance is running
WARNING:aiogram.dispatcher:Sleep for 4.926872 seconds and try again... (tryings = 13, bot id = 8802005800)
ERROR:aiogram.dispatcher:Failed to fetch updates - TelegramConflictError: Telegram server says - Conflict: terminated by other getUpdates request; make sure that only one bot instance is running
WARNING:aiogram.dispatcher:Sleep for 4.812735 seconds and try again... (tryings = 14, bot id = 8802005800)
ERROR:aiogram.dispatcher:Failed to fetch updates - TelegramConflictError: Telegram server says - Conflict: terminated by other getUpdates request; make sure that only one bot instance is running
WARNING:aiogram.dispatcher:Sleep for 4.917127 seconds and try again... (tryings = 15, bot id = 8802005800)
ERROR:aiogram.dispatcher:Failed to fetch updates - TelegramConflictError: Telegram server says - Conflict: terminated by other getUpdates request; make sure that only one bot instance is running
WARNING:aiogram.dispatcher:Sleep for 4.985081 seconds and try again... (tryings = 16, bot id = 8802005800)
ERROR:aiogram.dispatcher:Failed to fetch updates - TelegramConflictError: Telegram server says - Conflict: terminated by other getUpdates request; make sure that only one bot instance is running
WARNING:aiogram.dispatcher:Sleep for 4.946154 seconds and try again... (tryings = 17, bot id = 8802005800)
ERROR:aiogram.dispatcher:Failed to fetch updates - TelegramConflictError: Telegram server says - Conflict: terminated by other getUpdates request; make sure that only one bot instance is running
WARNING:aiogram.dispatcher:Sleep for 5.015721 seconds and try again... (tryings = 18, bot id = 8802005800)
ERROR:aiogram.dispatcher:Failed to fetch updates - TelegramConflictError: Telegram server says - Conflict: terminated by other getUpdates request; make sure that only one bot instance is running
WARNING:aiogram.dispatcher:Sleep for 4.858007 seconds and try again... (tryings = 19, bot id = 8802005800)
ERROR:aiogram.dispatcher:Failed to fetch updates - TelegramConflictError: Telegram server says - Conflict: terminated by other getUpdates request; make sure that only one bot instance is running
WARNING:aiogram.dispatcher:Sleep for 5.082129 seconds and try again... (tryings = 20, bot id = 8802005800)
ERROR:aiogram.dispatcher:Failed to fetch updates - TelegramConflictError: Telegram server says - Conflict: terminated by other getUpdates request; make sure that only one bot instance is running
WARNING:aiogram.dispatcher:Sleep for 4.893526 seconds and try again... (tryings = 21, bot id = 8802005800)
ERROR:aiogram.dispatcher:Failed to fetch updates - TelegramConflictError: Telegram server says - Conflict: terminated by other getUpdates request; make sure that only one bot instance is running
WARNING:aiogram.dispatcher:Sleep for 5.051813 seconds and try again... (tryings = 22, bot id = 8802005800)
ERROR:aiogram.dispatcher:Failed to fetch updates - TelegramConflictError: Telegram server says - Conflict: terminated by other getUpdates request; make sure that only one bot instance is running
WARNING:aiogram.dispatcher:Sleep for 5.132908 seconds and try again... (tryings = 23, bot id = 8802005800)
ERROR:aiogram.dispatcher:Failed to fetch updates - TelegramConflictError: Telegram server says - Conflict: terminated by other getUpdates request; make sure that only one bot instance is running
WARNING:aiogram.dispatcher:Sleep for 5.052192 seconds and try again... (tryings = 24, bot id = 8802005800)
ERROR:aiogram.dispatcher:Failed to fetch updates - TelegramConflictError: Telegram server says - Conflict: terminated by other getUpdates request; make sure that only one bot instance is running
WARNING:aiogram.dispatcher:Sleep for 5.018065 seconds and try again... (tryings = 25, bot id = 8802005800)
ERROR:aiogram.dispatcher:Failed to fetch updates - TelegramConflictError: Telegram server says - Conflict: terminated by other getUpdates request; make sure that only one bot instance is running
WARNING:aiogram.dispatcher:Sleep for 5.018652 seconds and try again... (tryings = 26, bot id = 8802005800)
ERROR:aiogram.dispatcher:Failed to fetch updates - TelegramConflictError: Telegram server says - Conflict: terminated by other getUpdates request; make sure that only one bot instance is running
WARNING:aiogram.dispatcher:Sleep for 5.117924 seconds and try again... (tryings = 27, bot id = 8802005800)
ERROR:aiogram.dispatcher:Failed to fetch updates - TelegramConflictError: Telegram server says - Conflict: terminated by other getUpdates request; make sure that only one bot instance is running
WARNING:aiogram.dispatcher:Sleep for 4.858657 seconds and try again... (tryings = 28, bot id = 8802005800)
ERROR:aiogram.dispatcher:Failed to fetch updates - TelegramConflictError: Telegram server says - Conflict: terminated by other getUpdates request; make sure that only one bot instance is running
WARNING:aiogram.dispatcher:Sleep for 5.071904 seconds and try again... (tryings = 29, bot id = 8802005800)
ERROR:aiogram.dispatcher:Failed to fetch updates - TelegramConflictError: Telegram server says - Conflict: terminated by other getUpdates request; make sure that only one bot instance is running
WARNING:aiogram.dispatcher:Sleep for 5.001912 seconds and try again... (tryings = 30, bot id = 8802005800)
ERROR:aiogram.dispatcher:Failed to fetch updates - TelegramConflictError: Telegram server says - Conflict: terminated by other getUpdates request; make sure that only one bot instance is running
WARNING:aiogram.dispatcher:Sleep for 4.996844 seconds and try again... (tryings = 31, bot id = 8802005800)
ERROR:aiogram.dispatcher:Failed to fetch updates - TelegramConflictError: Telegram server says - Conflict: terminated by other getUpdates request; make sure that only one bot instance is running
WARNING:aiogram.dispatcher:Sleep for 5.027924 seconds and try again... (tryings = 32, bot id = 8802005800)
ERROR:aiogram.dispatcher:Failed to fetch updates - TelegramConflictError: Telegram server says - Conflict: terminated by other getUpdates request; make sure that only one bot instance is running
WARNING:aiogram.dispatcher:Sleep for 5.073854 seconds and try again... (tryings = 33, bot id = 8802005800)
ERROR:aiogram.dispatcher:Failed to fetch updates - TelegramConflictError: Telegram server says - Conflict: terminated by other getUpdates request; make sure that only one bot instance is running
WARNING:aiogram.dispatcher:Sleep for 5.075968 seconds and try again... (tryings = 34, bot id = 8802005800)
ERROR:aiogram.dispatcher:Failed to fetch updates - TelegramConflictError: Telegram server says - Conflict: terminated by other getUpdates request; make sure that only one bot instance is running
WARNING:aiogram.dispatcher:Sleep for 4.903131 seconds and try again... (tryings = 35, bot id = 8802005800)
ERROR:aiogram.dispatcher:Failed to fetch updates - TelegramConflictError: Telegram server says - Conflict: terminated by other getUpdates request; make sure that only one bot instance is running
WARNING:aiogram.dispatcher:Sleep for 5.026830 seconds and try again... (tryings = 36, bot id = 8802005800)
ERROR:aiogram.dispatcher:Failed to fetch updates - TelegramConflictError: Telegram server says - Conflict: terminated by other getUpdates request; make sure that only one bot instance is running
WARNING:aiogram.dispatcher:Sleep for 5.111858 seconds and try again... (tryings = 37, bot id = 8802005800)
ERROR:aiogram.dispatcher:Failed to fetch updates - TelegramConflictError: Telegram server says - Conflict: terminated by other getUpdates request; make sure that only one bot instance is running
WARNING:aiogram.dispatcher:Sleep for 4.705479 seconds and try again... (tryings = 38, bot id = 8802005800)
ERROR:aiogram.dispatcher:Failed to fetch updates - TelegramConflictError: Telegram server says - Conflict: terminated by other getUpdates request; make sure that only one bot instance is running
WARNING:aiogram.dispatcher:Sleep for 4.854806 seconds and try again... (tryings = 39, bot id = 8802005800)
ERROR:aiogram.dispatcher:Failed to fetch updates - TelegramConflictError: Telegram server says - Conflict: terminated by other getUpdates request; make sure that only one bot instance is running
WARNING:aiogram.dispatcher:Sleep for 5.183119 seconds and try again... (tryings = 40, bot id = 8802005800)
ERROR:aiogram.dispatcher:Failed to fetch updates - TelegramConflictError: Telegram server says - Conflict: terminated by other getUpdates request; make sure that only one bot instance is running
WARNING:aiogram.dispatcher:Sleep for 4.997040 seconds and try again... (tryings = 41, bot id = 8802005800)
ERROR:aiogram.dispatcher:Failed to fetch updates - TelegramConflictError: Telegram server says - Conflict: terminated by other getUpdates request; make sure that only one bot instance is running
WARNING:aiogram.dispatcher:Sleep for 4.958285 seconds and try again... (tryings = 42, bot id = 8802005800)
ERROR:aiogram.dispatcher:Failed to fetch updates - TelegramConflictError: Telegram server says - Conflict: terminated by other getUpdates request; make sure that only one bot instance is running
WARNING:aiogram.dispatcher:Sleep for 5.099001 seconds and try again... (tryings = 43, bot id = 8802005800)
ERROR:aiogram.dispatcher:Failed to fetch updates - TelegramConflictError: Telegram server says - Conflict: terminated by other getUpdates request; make sure that only one bot instance is running
WARNING:aiogram.dispatcher:Sleep for 5.052660 seconds and try again... (tryings = 44, bot id = 8802005800)
ERROR:aiogram.dispatcher:Failed to fetch updates - TelegramConflictError: Telegram server says - Conflict: terminated by other getUpdates request; make sure that only one bot instance is running
WARNING:aiogram.dispatcher:Sleep for 4.920287 seconds and try again... (tryings = 45, bot id = 8802005800)
ERROR:aiogram.dispatcher:Failed to fetch updates - TelegramConflictError: Telegram server says - Conflict: terminated by other getUpdates request; make sure that only one bot instance is running
WARNING:aiogram.dispatcher:Sleep for 4.901504 seconds and try again... (tryings = 46, bot id = 8802005800)
ERROR:aiogram.dispatcher:Failed to fetch updates - TelegramConflictError: Telegram server says - Conflict: terminated by other getUpdates request; make sure that only one bot instance is running
WARNING:aiogram.dispatcher:Sleep for 5.033310 seconds and try again... (tryings = 47, bot id = 8802005800)
ERROR:aiogram.dispatcher:Failed to fetch updates - TelegramConflictError: Telegram server says - Conflict: terminated by other getUpdates request; make sure that only one bot instance is running
WARNING:aiogram.dispatcher:Sleep for 5.118779 seconds and try again... (tryings = 48, bot id = 8802005800)
ERROR:aiogram.dispatcher:Failed to fetch updates - TelegramConflictError: Telegram server says - Conflict: terminated by other getUpdates request; make sure that only one bot instance is running
WARNING:aiogram.dispatcher:Sleep for 5.029074 seconds and try again... (tryings = 49, bot id = 8802005800)
ERROR:aiogram.dispatcher:Failed to fetch updates - TelegramConflictError: Telegram server says - Conflict: terminated by other getUpdates request; make sure that only one bot instance is running
WARNING:aiogram.dispatcher:Sleep for 5.021685 seconds and try again... (tryings = 50, bot id = 8802005800)
ERROR:aiogram.dispatcher:Failed to fetch updates - TelegramConflictError: Telegram server says - Conflict: terminated by other getUpdates request; make sure that only one bot instance is running
WARNING:aiogram.dispatcher:Sleep for 5.106422 seconds and try again... (tryings = 51, bot id = 8802005800)
ERROR:aiogram.dispatcher:Failed to fetch updates - TelegramConflictError: Telegram server says - Conflict: terminated by other getUpdates request; make sure that only one bot instance is running
WARNING:aiogram.dispatcher:Sleep for 4.967926 seconds and try again... (tryings = 52, bot id = 8802005800)
ERROR:aiogram.dispatcher:Failed to fetch updates - TelegramConflictError: Telegram server says - Conflict: terminated by other getUpdates request; make sure that only one bot instance is running
WARNING:aiogram.dispatcher:Sleep for 4.991983 seconds and try again... (tryings = 53, bot id = 8802005800)
ERROR:aiogram.dispatcher:Failed to fetch updates - TelegramConflictError: Telegram server says - Conflict: terminated by other getUpdates request; make sure that only one bot instance is running
WARNING:aiogram.dispatcher:Sleep for 5.062099 seconds and try again... (tryings = 54, bot id = 8802005800)
ERROR:aiogram.dispatcher:Failed to fetch updates - TelegramConflictError: Telegram server says - Conflict: terminated by other getUpdates request; make sure that only one bot instance is running
WARNING:aiogram.dispatcher:Sleep for 5.022323 seconds and try again... (tryings = 55, bot id = 8802005800)
ERROR:aiogram.dispatcher:Failed to fetch updates - TelegramConflictError: Telegram server says - Conflict: terminated by other getUpdates request; make sure that only one bot instance is running
WARNING:aiogram.dispatcher:Sleep for 4.867233 seconds and try again... (tryings = 56, bot id = 8802005800)
ERROR:aiogram.dispatcher:Failed to fetch updates - TelegramConflictError: Telegram server says - Conflict: terminated by other getUpdates request; make sure that only one bot instance is running
WARNING:aiogram.dispatcher:Sleep for 5.009785 seconds and try again... (tryings = 57, bot id = 8802005800)
ERROR:aiogram.dispatcher:Failed to fetch updates - TelegramConflictError: Telegram server says - Conflict: terminated by other getUpdates request; make sure that only one bot instance is running
WARNING:aiogram.dispatcher:Sleep for 5.072812 seconds and try again... (tryings = 58, bot id = 8802005800)
ERROR:aiogram.dispatcher:Failed to fetch updates - TelegramConflictError: Telegram server says - Conflict: terminated by other getUpdates request; make sure that only one bot instance is running
WARNING:aiogram.dispatcher:Sleep for 5.062314 seconds and try again... (tryings = 59, bot id = 8802005800)
ERROR:aiogram.dispatcher:Failed to fetch updates - TelegramConflictError: Telegram server says - Conflict: terminated by other getUpdates request; make sure that only one bot instance is running
WARNING:aiogram.dispatcher:Sleep for 4.982914 seconds and try again... (tryings = 60, bot id = 8802005800)
ERROR:aiogram.dispatcher:Failed to fetch updates - TelegramConflictError: Telegram server says - Conflict: terminated by other getUpdates request; make sure that only one bot instance is running
WARNING:aiogram.dispatcher:Sleep for 5.036118 seconds and try again... (tryings = 61, bot id = 8802005800)
ERROR:aiogram.dispatcher:Failed to fetch updates - TelegramConflictError: Telegram server says - Conflict: terminated by other getUpdates request; make sure that only one bot instance is running
WARNING:aiogram.dispatcher:Sleep for 4.985978 seconds and try again... (tryings = 62, bot id = 8802005800)
ERROR:aiogram.dispatcher:Failed to fetch updates - TelegramConflictError: Telegram server says - Conflict: terminated by other getUpdates request; make sure that only one bot instance is running
WARNING:aiogram.dispatcher:Sleep for 4.942388 seconds and try again... (tryings = 63, bot id = 8802005800)
ERROR:aiogram.dispatcher:Failed to fetch updates - TelegramConflictError: Telegram server says - Conflict: terminated by other getUpdates request; make sure that only one bot instance is running
WARNING:aiogram.dispatcher:Sleep for 4.953723 seconds and try again... (tryings = 64, bot id = 8802005800)
ERROR:aiogram.dispatcher:Failed to fetch updates - TelegramConflictError: Telegram server says - Conflict: terminated by other getUpdates request; make sure that only one bot instance is running
WARNING:aiogram.dispatcher:Sleep for 4.987146 seconds and try again... (tryings = 65, bot id = 8802005800)
ERROR:aiogram.dispatcher:Failed to fetch updates - TelegramConflictError: Telegram server says - Conflict: terminated by other getUpdates request; make sure that only one bot instance is running
WARNING:aiogram.dispatcher:Sleep for 4.986772 seconds and try again... (tryings = 66, bot id = 8802005800)
ERROR:aiogram.dispatcher:Failed to fetch updates - TelegramConflictError: Telegram server says - Conflict: terminated by other getUpdates request; make sure that only one bot instance is running
WARNING:aiogram.dispatcher:Sleep for 4.989539 seconds and try again... (tryings = 67, bot id = 8802005800)
ERROR:aiogram.dispatcher:Failed to fetch updates - TelegramConflictError: Telegram server says - Conflict: terminated by other getUpdates request; make sure that only one bot instance is running
WARNING:aiogram.dispatcher:Sleep for 5.027071 seconds and try again... (tryings = 68, bot id = 8802005800)
ERROR:aiogram.dispatcher:Failed to fetch updates - TelegramConflictError: Telegram server says - Conflict: terminated by other getUpdates request; make sure that only one bot instance is running
WARNING:aiogram.dispatcher:Sleep for 4.933907 seconds and try again... (tryings = 69, bot id = 8802005800)
ERROR:aiogram.dispatcher:Failed to fetch updates - TelegramConflictError: Telegram server says - Conflict: terminated by other getUpdates request; make sure that only one bot instance is running
WARNING:aiogram.dispatcher:Sleep for 4.797066 seconds and try again... (tryings = 70, bot id = 8802005800)
ERROR:aiogram.dispatcher:Failed to fetch updates - TelegramConflictError: Telegram server says - Conflict: terminated by other getUpdates request; make sure that only one bot instance is running
WARNING:aiogram.dispatcher:Sleep for 5.127941 seconds and try again... (tryings = 71, bot id = 8802005800)
ERROR:aiogram.dispatcher:Failed to fetch updates - TelegramConflictError: Telegram server says - Conflict: terminated by other getUpdates request; make sure that only one bot instance is running
WARNING:aiogram.dispatcher:Sleep for 4.841623 seconds and try again... (tryings = 72, bot id = 8802005800)
ERROR:aiogram.dispatcher:Failed to fetch updates - TelegramConflictError: Telegram server says - Conflict: terminated by other getUpdates request; make sure that only one bot instance is running
WARNING:aiogram.dispatcher:Sleep for 4.889190 seconds and try again... (tryings = 73, bot id = 8802005800)
ERROR:aiogram.dispatcher:Failed to fetch updates - TelegramConflictError: Telegram server says - Conflict: terminated by other getUpdates request; make sure that only one bot instance is running
WARNING:aiogram.dispatcher:Sleep for 5.015885 seconds and try again... (tryings = 74, bot id = 8802005800)
ERROR:aiogram.dispatcher:Failed to fetch updates - TelegramConflictError: Telegram server says - Conflict: terminated by other getUpdates request; make sure that only one bot instance is running
WARNING:aiogram.dispatcher:Sleep for 4.938362 seconds and try again... (tryings = 75, bot id = 8802005800)
ERROR:aiogram.dispatcher:Failed to fetch updates - TelegramConflictError: Telegram server says - Conflict: terminated by other getUpdates request; make sure that only one bot instance is running
WARNING:aiogram.dispatcher:Sleep for 5.025907 seconds and try again... (tryings = 76, bot id = 8802005800)
ERROR:aiogram.dispatcher:Failed to fetch updates - TelegramConflictError: Telegram server says - Conflict: terminated by other getUpdates request; make sure that only one bot instance is running
WARNING:aiogram.dispatcher:Sleep for 5.037938 seconds and try again... (tryings = 77, bot id = 8802005800)
ERROR:aiogram.dispatcher:Failed to fetch updates - TelegramConflictError: Telegram server says - Conflict: terminated by other getUpdates request; make sure that only one bot instance is running
WARNING:aiogram.dispatcher:Sleep for 5.109553 seconds and try again... (tryings = 78, bot id = 8802005800)
ERROR:aiogram.dispatcher:Failed to fetch updates - TelegramConflictError: Telegram server says - Conflict: terminated by other getUpdates request; make sure that only one bot instance is running
WARNING:aiogram.dispatcher:Sleep for 4.897760 seconds and try again... (tryings = 79, bot id = 8802005800)
ERROR:aiogram.dispatcher:Failed to fetch updates - TelegramConflictError: Telegram server says - Conflict: terminated by other getUpdates request; make sure that only one bot instance is running
WARNING:aiogram.dispatcher:Sleep for 4.822212 seconds and try again... (tryings = 80, bot id = 8802005800)
ERROR:aiogram.dispatcher:Failed to fetch updates - TelegramConflictError: Telegram server says - Conflict: terminated by other getUpdates request; make sure that only one bot instance is running
WARNING:aiogram.dispatcher:Sleep for 4.946312 seconds and try again... (tryings = 81, bot id = 8802005800)
ERROR:aiogram.dispatcher:Failed to fetch updates - TelegramConflictError: Telegram server says - Conflict: terminated by other getUpdates request; make sure that only one bot instance is running
WARNING:aiogram.dispatcher:Sleep for 5.037328 seconds and try again... (tryings = 82, bot id = 8802005800)
ERROR:aiogram.dispatcher:Failed to fetch updates - TelegramConflictError: Telegram server says - Conflict: terminated by other getUpdates request; make sure that only one bot instance is running
WARNING:aiogram.dispatcher:Sleep for 5.209105 seconds and try again... (tryings = 83, bot id = 8802005800)
ERROR:aiogram.dispatcher:Failed to fetch updates - TelegramConflictError: Telegram server says - Conflict: terminated by other getUpdates request; make sure that only one bot instance is running
WARNING:aiogram.dispatcher:Sleep for 4.997320 seconds and try again... (tryings = 84, bot id = 8802005800)
ERROR:aiogram.dispatcher:Failed to fetch updates - TelegramConflictError: Telegram server says - Conflict: terminated by other getUpdates request; make sure that only one bot instance is running
WARNING:aiogram.dispatcher:Sleep for 5.067756 seconds and try again... (tryings = 85, bot id = 8802005800)
ERROR:aiogram.dispatcher:Failed to fetch updates - TelegramConflictError: Telegram server says - Conflict: terminated by other getUpdates request; make sure that only one bot instance is running
WARNING:aiogram.dispatcher:Sleep for 5.018933 seconds and try again... (tryings = 86, bot id = 8802005800)
ERROR:aiogram.dispatcher:Failed to fetch updates - TelegramConflictError: Telegram server says - Conflict: terminated by other getUpdates request; make sure that only one bot instance is running
WARNING:aiogram.dispatcher:Sleep for 5.069066 seconds and try again... (tryings = 87, bot id = 8802005800)
ERROR:aiogram.dispatcher:Failed to fetch updates - TelegramConflictError: Telegram server says - Conflict: terminated by other getUpdates request; make sure that only one bot instance is running
WARNING:aiogram.dispatcher:Sleep for 5.084878 seconds and try again... (tryings = 88, bot id = 8802005800)
ERROR:aiogram.dispatcher:Failed to fetch updates - TelegramConflictError: Telegram server says - Conflict: terminated by other getUpdates request; make sure that only one bot instance is running
WARNING:aiogram.dispatcher:Sleep for 4.966474 seconds and try again... (tryings = 89, bot id = 8802005800)
ERROR:aiogram.dispatcher:Failed to fetch updates - TelegramConflictError: Telegram server says - Conflict: terminated by other getUpdates request; make sure that only one bot instance is running
WARNING:aiogram.dispatcher:Sleep for 4.944713 seconds and try again... (tryings = 90, bot id = 8802005800)
ERROR:aiogram.dispatcher:Failed to fetch updates - TelegramConflictError: Telegram server says - Conflict: terminated by other getUpdates request; make sure that only one bot instance is running
WARNING:aiogram.dispatcher:Sleep for 4.933434 seconds and try again... (tryings = 91, bot id = 8802005800)
ERROR:aiogram.dispatcher:Failed to fetch updates - TelegramConflictError: Telegram server says - Conflict: terminated by other getUpdates request; make sure that only one bot instance is running
WARNING:aiogram.dispatcher:Sleep for 4.979519 seconds and try again... (tryings = 92, bot id = 8802005800)
ERROR:aiogram.dispatcher:Failed to fetch updates - TelegramConflictError: Telegram server says - Conflict: terminated by other getUpdates request; make sure that only one bot instance is running
WARNING:aiogram.dispatcher:Sleep for 5.118099 seconds and try again... (tryings = 93, bot id = 8802005800)
ERROR:aiogram.dispatcher:Failed to fetch updates - TelegramConflictError: Telegram server says - Conflict: terminated by other getUpdates request; make sure that only one bot instance is running
WARNING:aiogram.dispatcher:Sleep for 5.064211 seconds and try again... (tryings = 94, bot id = 8802005800)
ERROR:aiogram.dispatcher:Failed to fetch updates - TelegramConflictError: Telegram server says - Conflict: terminated by other getUpdates request; make sure that only one bot instance is running
WARNING:aiogram.dispatcher:Sleep for 4.879641 seconds and try again... (tryings = 95, bot id = 8802005800)
ERROR:aiogram.dispatcher:Failed to fetch updates - TelegramConflictError: Telegram server says - Conflict: terminated by other getUpdates request; make sure that only one bot instance is running
WARNING:aiogram.dispatcher:Sleep for 5.002735 seconds and try again... (tryings = 96, bot id = 8802005800)
ERROR:aiogram.dispatcher:Failed to fetch updates - TelegramConflictError: Telegram server says - Conflict: terminated by other getUpdates request; make sure that only one bot instance is running
WARNING:aiogram.dispatcher:Sleep for 5.139221 seconds and try again... (tryings = 97, bot id = 8802005800)
ERROR:aiogram.dispatcher:Failed to fetch updates - TelegramConflictError: Telegram server says - Conflict: terminated by other getUpdates request; make sure that only one bot instance is running
WARNING:aiogram.dispatcher:Sleep for 4.964548 seconds and try again... (tryings = 98, bot id = 8802005800)
ERROR:aiogram.dispatcher:Failed to fetch updates - TelegramConflictError: Telegram server says - Conflict: terminated by other getUpdates request; make sure that only one bot instance is running
WARNING:aiogram.dispatcher:Sleep for 5.025166 seconds and try again... (tryings = 99, bot id = 8802005800)
ERROR:aiogram.dispatcher:Failed to fetch updates - TelegramConflictError: Telegram server says - Conflict: terminated by other getUpdates request; make sure that only one bot instance is running
WARNING:aiogram.dispatcher:Sleep for 5.108616 seconds and try again... (tryings = 100, bot id = 8802005800)
ERROR:aiogram.dispatcher:Failed to fetch updates - TelegramConflictError: Telegram server says - Conflict: terminated by other getUpdates request; make sure that only one bot instance is running
WARNING:aiogram.dispatcher:Sleep for 5.025305 seconds and try again... (tryings = 101, bot id = 8802005800)
ERROR:aiogram.dispatcher:Failed to fetch updates - TelegramConflictError: Telegram server says - Conflict: terminated by other getUpdates request; make sure that only one bot instance is running
WARNING:aiogram.dispatcher:Sleep for 4.951102 seconds and try again... (tryings = 102, bot id = 8802005800)
ERROR:aiogram.dispatcher:Failed to fetch updates - TelegramConflictError: Telegram server says - Conflict: terminated by other getUpdates request; make sure that only one bot instance is running
WARNING:aiogram.dispatcher:Sleep for 5.109816 seconds and try again... (tryings = 103, bot id = 8802005800)
ERROR:aiogram.dispatcher:Failed to fetch updates - TelegramConflictError: Telegram server says - Conflict: terminated by other getUpdates request; make sure that only one bot instance is running
WARNING:aiogram.dispatcher:Sleep for 4.986336 seconds and try again... (tryings = 104, bot id = 8802005800)
ERROR:aiogram.dispatcher:Failed to fetch updates - TelegramConflictError: Telegram server says - Conflict: terminated by other getUpdates request; make sure that only one bot instance is running
WARNING:aiogram.dispatcher:Sleep for 5.050293 seconds and try again... (tryings = 105, bot id = 8802005800)
ERROR:aiogram.dispatcher:Failed to fetch updates - TelegramConflictError: Telegram server says - Conflict: terminated by other getUpdates request; make sure that only one bot instance is running
WARNING:aiogram.dispatcher:Sleep for 4.888917 seconds and try again... (tryings = 106, bot id = 8802005800)
ERROR:aiogram.dispatcher:Failed to fetch updates - TelegramConflictError: Telegram server says - Conflict: terminated by other getUpdates request; make sure that only one bot instance is running
WARNING:aiogram.dispatcher:Sleep for 4.915909 seconds and try again... (tryings = 107, bot id = 8802005800)
ERROR:aiogram.dispatcher:Failed to fetch updates - TelegramConflictError: Telegram server says - Conflict: terminated by other getUpdates request; make sure that only one bot instance is running
WARNING:aiogram.dispatcher:Sleep for 4.948653 seconds and try again... (tryings = 108, bot id = 8802005800)
ERROR:aiogram.dispatcher:Failed to fetch updates - TelegramConflictError: Telegram server says - Conflict: terminated by other getUpdates request; make sure that only one bot instance is running
WARNING:aiogram.dispatcher:Sleep for 5.174936 seconds and try again... (tryings = 109, bot id = 8802005800)
ERROR:aiogram.dispatcher:Failed to fetch updates - TelegramConflictError: Telegram server says - Conflict: terminated by other getUpdates request; make sure that only one bot instance is running
WARNING:aiogram.dispatcher:Sleep for 4.946980 seconds and try again... (tryings = 110, bot id = 8802005800)
ERROR:aiogram.dispatcher:Failed to fetch updates - TelegramConflictError: Telegram server says - Conflict: terminated by other getUpdates request; make sure that only one bot instance is running
WARNING:aiogram.dispatcher:Sleep for 4.918820 seconds and try again... (tryings = 111, bot id = 8802005800)
ERROR:aiogram.dispatcher:Failed to fetch updates - TelegramConflictError: Telegram server says - Conflict: terminated by other getUpdates request; make sure that only one bot instance is running
WARNING:aiogram.dispatcher:Sleep for 4.873410 seconds and try again... (tryings = 112, bot id = 8802005800)
ERROR:aiogram.dispatcher:Failed to fetch updates - TelegramConflictError: Telegram server says - Conflict: terminated by other getUpdates request; make sure that only one bot instance is running
WARNING:aiogram.dispatcher:Sleep for 4.991226 seconds and try again... (tryings = 113, bot id = 8802005800)
ERROR:aiogram.dispatcher:Failed to fetch updates - TelegramConflictError: Telegram server says - Conflict: terminated by other getUpdates request; make sure that only one bot instance is running
WARNING:aiogram.dispatcher:Sleep for 5.038358 seconds and try again... (tryings = 114, bot id = 8802005800)
ERROR:aiogram.dispatcher:Failed to fetch updates - TelegramConflictError: Telegram server says - Conflict: terminated by other getUpdates request; make sure that only one bot instance is running
WARNING:aiogram.dispatcher:Sleep for 4.985585 seconds and try again... (tryings = 115, bot id = 8802005800)
ERROR:aiogram.dispatcher:Failed to fetch updates - TelegramConflictError: Telegram server says - Conflict: terminated by other getUpdates request; make sure that only one bot instance is running
WARNING:aiogram.dispatcher:Sleep for 4.992701 seconds and try again... (tryings = 116, bot id = 8802005800)
ERROR:aiogram.dispatcher:Failed to fetch updates - TelegramConflictError: Telegram server says - Conflict: terminated by other getUpdates request; make sure that only one bot instance is running
WARNING:aiogram.dispatcher:Sleep for 4.990823 seconds and try again... (tryings = 117, bot id = 8802005800)
ERROR:aiogram.dispatcher:Failed to fetch updates - TelegramConflictError: Telegram server says - Conflict: terminated by other getUpdates request; make sure that only one bot instance is running
WARNING:aiogram.dispatcher:Sleep for 4.848558 seconds and try again... (tryings = 118, bot id = 8802005800)
ERROR:aiogram.dispatcher:Failed to fetch updates - TelegramConflictError: Telegram server says - Conflict: terminated by other getUpdates request; make sure that only one bot instance is running
WARNING:aiogram.dispatcher:Sleep for 4.994909 seconds and try again... (tryings = 119, bot id = 8802005800)
ERROR:aiogram.dispatcher:Failed to fetch updates - TelegramConflictError: Telegram server says - Conflict: terminated by other getUpdates request; make sure that only one bot instance is running
WARNING:aiogram.dispatcher:Sleep for 5.145477 seconds and try again... (tryings = 120, bot id = 8802005800)
ERROR:aiogram.dispatcher:Failed to fetch updates - TelegramConflictError: Telegram server says - Conflict: terminated by other getUpdates request; make sure that only one bot instance is running
WARNING:aiogram.dispatcher:Sleep for 5.049417 seconds and try again... (tryings = 121, bot id = 8802005800)
ERROR:aiogram.dispatcher:Failed to fetch updates - TelegramConflictError: Telegram server says - Conflict: terminated by other getUpdates request; make sure that only one bot instance is running
WARNING:aiogram.dispatcher:Sleep for 4.894108 seconds and try again... (tryings = 122, bot id = 8802005800)
ERROR:aiogram.dispatcher:Failed to fetch updates - TelegramConflictError: Telegram server says - Conflict: terminated by other getUpdates request; make sure that only one bot instance is running
WARNING:aiogram.dispatcher:Sleep for 5.017551 seconds and try again... (tryings = 123, bot id = 8802005800)
ERROR:aiogram.dispatcher:Failed to fetch updates - TelegramConflictError: Telegram server says - Conflict: terminated by other getUpdates request; make sure that only one bot instance is running
WARNING:aiogram.dispatcher:Sleep for 4.935198 seconds and try again... (tryings = 124, bot id = 8802005800)
ERROR:aiogram.dispatcher:Failed to fetch updates - TelegramConflictError: Telegram server says - Conflict: terminated by other getUpdates request; make sure that only one bot instance is running
WARNING:aiogram.dispatcher:Sleep for 4.979379 seconds and try again... (tryings = 125, bot id = 8802005800)
ERROR:aiogram.dispatcher:Failed to fetch updates - TelegramConflictError: Telegram server says - Conflict: terminated by other getUpdates request; make sure that only one bot instance is running
WARNING:aiogram.dispatcher:Sleep for 4.886985 seconds and try again... (tryings = 126, bot id = 8802005800)
ERROR:aiogram.dispatcher:Failed to fetch updates - TelegramConflictError: Telegram server says - Conflict: terminated by other getUpdates request; make sure that only one bot instance is running
WARNING:aiogram.dispatcher:Sleep for 5.101379 seconds and try again... (tryings = 127, bot id = 8802005800)
ERROR:aiogram.dispatcher:Failed to fetch updates - TelegramConflictError: Telegram server says - Conflict: terminated by other getUpdates request; make sure that only one bot instance is running
WARNING:aiogram.dispatcher:Sleep for 4.915171 seconds and try again... (tryings = 128, bot id = 8802005800)
ERROR:aiogram.dispatcher:Failed to fetch updates - TelegramConflictError: Telegram server says - Conflict: terminated by other getUpdates request; make sure that only one bot instance is running
WARNING:aiogram.dispatcher:Sleep for 5.072388 seconds and try again... (tryings = 129, bot id = 8802005800)
ERROR:aiogram.dispatcher:Failed to fetch updates - TelegramConflictError: Telegram server says - Conflict: terminated by other getUpdates request; make sure that only one bot instance is running
WARNING:aiogram.dispatcher:Sleep for 5.089011 seconds and try again... (tryings = 130, bot id = 8802005800)
ERROR:aiogram.dispatcher:Failed to fetch updates - TelegramConflictError: Telegram server says - Conflict: terminated by other getUpdates request; make sure that only one bot instance is running
WARNING:aiogram.dispatcher:Sleep for 4.709284 seconds and try again... (tryings = 131, bot id = 8802005800)
ERROR:aiogram.dispatcher:Failed to fetch updates - TelegramConflictError: Telegram server says - Conflict: terminated by other getUpdates request; make sure that only one bot instance is running
WARNING:aiogram.dispatcher:Sleep for 5.010113 seconds and try again... (tryings = 132, bot id = 8802005800)
ERROR:aiogram.dispatcher:Failed to fetch updates - TelegramConflictError: Telegram server says - Conflict: terminated by other getUpdates request; make sure that only one bot instance is running
WARNING:aiogram.dispatcher:Sleep for 5.008697 seconds and try again... (tryings = 133, bot id = 8802005800)
ERROR:aiogram.dispatcher:Failed to fetch updates - TelegramConflictError: Telegram server says - Conflict: terminated by other getUpdates request; make sure that only one bot instance is running
WARNING:aiogram.dispatcher:Sleep for 4.950988 seconds and try again... (tryings = 134, bot id = 8802005800)
ERROR:aiogram.dispatcher:Failed to fetch updates - TelegramConflictError: Telegram server says - Conflict: terminated by other getUpdates request; make sure that only one bot instance is running
WARNING:aiogram.dispatcher:Sleep for 5.159403 seconds and try again... (tryings = 135, bot id = 8802005800)
ERROR:aiogram.dispatcher:Failed to fetch updates - TelegramConflictError: Telegram server says - Conflict: terminated by other getUpdates request; make sure that only one bot instance is running
WARNING:aiogram.dispatcher:Sleep for 5.016972 seconds and try again... (tryings = 136, bot id = 8802005800)
ERROR:aiogram.dispatcher:Failed to fetch updates - TelegramConflictError: Telegram server says - Conflict: terminated by other getUpdates request; make sure that only one bot instance is running
WARNING:aiogram.dispatcher:Sleep for 5.002553 seconds and try again... (tryings = 137, bot id = 8802005800)
ERROR:aiogram.dispatcher:Failed to fetch updates - TelegramConflictError: Telegram server says - Conflict: terminated by other getUpdates request; make sure that only one bot instance is running
WARNING:aiogram.dispatcher:Sleep for 5.096080 seconds and try again... (tryings = 138, bot id = 8802005800)
ERROR:aiogram.dispatcher:Failed to fetch updates - TelegramConflictError: Telegram server says - Conflict: terminated by other getUpdates request; make sure that only one bot instance is running
WARNING:aiogram.dispatcher:Sleep for 4.899428 seconds and try again... (tryings = 139, bot id = 8802005800)
ERROR:aiogram.dispatcher:Failed to fetch updates - TelegramConflictError: Telegram server says - Conflict: terminated by other getUpdates request; make sure that only one bot instance is running
WARNING:aiogram.dispatcher:Sleep for 4.977101 seconds and try again... (tryings = 140, bot id = 8802005800)
ERROR:aiogram.dispatcher:Failed to fetch updates - TelegramConflictError: Telegram server says - Conflict: terminated by other getUpdates request; make sure that only one bot instance is running
WARNING:aiogram.dispatcher:Sleep for 4.951060 seconds and try again... (tryings = 141, bot id = 8802005800)
ERROR:aiogram.dispatcher:Failed to fetch updates - TelegramConflictError: Telegram server says - Conflict: terminated by other getUpdates request; make sure that only one bot instance is running
WARNING:aiogram.dispatcher:Sleep for 4.913150 seconds and try again... (tryings = 142, bot id = 8802005800)
ERROR:aiogram.dispatcher:Failed to fetch updates - TelegramConflictError: Telegram server says - Conflict: terminated by other getUpdates request; make sure that only one bot instance is running
WARNING:aiogram.dispatcher:Sleep for 5.021502 seconds and try again... (tryings = 143, bot id = 8802005800)
ERROR:aiogram.dispatcher:Failed to fetch updates - TelegramConflictError: Telegram server says - Conflict: terminated by other getUpdates request; make sure that only one bot instance is running
WARNING:aiogram.dispatcher:Sleep for 5.004396 seconds and try again... (tryings = 144, bot id = 8802005800)
ERROR:aiogram.dispatcher:Failed to fetch updates - TelegramConflictError: Telegram server says - Conflict: terminated by other getUpdates request; make sure that only one bot instance is running
WARNING:aiogram.dispatcher:Sleep for 5.126054 seconds and try again... (tryings = 145, bot id = 8802005800)
ERROR:aiogram.dispatcher:Failed to fetch updates - TelegramConflictError: Telegram server says - Conflict: terminated by other getUpdates request; make sure that only one bot instance is running
WARNING:aiogram.dispatcher:Sleep for 4.847593 seconds and try again... (tryings = 146, bot id = 8802005800)
ERROR:aiogram.dispatcher:Failed to fetch updates - TelegramConflictError: Telegram server says - Conflict: terminated by other getUpdates request; make sure that only one bot instance is running
WARNING:aiogram.dispatcher:Sleep for 5.033086 seconds and try again... (tryings = 147, bot id = 8802005800)
ERROR:aiogram.dispatcher:Failed to fetch updates - TelegramConflictError: Telegram server says - Conflict: terminated by other getUpdates request; make sure that only one bot instance is running
WARNING:aiogram.dispatcher:Sleep for 5.154707 seconds and try again... (tryings = 148, bot id = 8802005800)
ERROR:aiogram.dispatcher:Failed to fetch updates - TelegramConflictError: Telegram server says - Conflict: terminated by other getUpdates request; make sure that only one bot instance is running
WARNING:aiogram.dispatcher:Sleep for 4.888076 seconds and try again... (tryings = 149, bot id = 8802005800)
ERROR:aiogram.dispatcher:Failed to fetch updates - TelegramConflictError: Telegram server says - Conflict: terminated by other getUpdates request; make sure that only one bot instance is running
WARNING:aiogram.dispatcher:Sleep for 5.116389 seconds and try again... (tryings = 150, bot id = 8802005800)
ERROR:aiogram.dispatcher:Failed to fetch updates - TelegramConflictError: Telegram server says - Conflict: terminated by other getUpdates request; make sure that only one bot instance is running
WARNING:aiogram.dispatcher:Sleep for 5.029139 seconds and try again... (tryings = 151, bot id = 8802005800)
ERROR:aiogram.dispatcher:Failed to fetch updates - TelegramConflictError: Telegram server says - Conflict: terminated by other getUpdates request; make sure that only one bot instance is running
WARNING:aiogram.dispatcher:Sleep for 5.040305 seconds and try again... (tryings = 152, bot id = 8802005800)
ERROR:aiogram.dispatcher:Failed to fetch updates - TelegramConflictError: Telegram server says - Conflict: terminated by other getUpdates request; make sure that only one bot instance is running
WARNING:aiogram.dispatcher:Sleep for 4.971920 seconds and try again... (tryings = 153, bot id = 8802005800)
ERROR:aiogram.dispatcher:Failed to fetch updates - TelegramConflictError: Telegram server says - Conflict: terminated by other getUpdates request; make sure that only one bot instance is running
WARNING:aiogram.dispatcher:Sleep for 5.037115 seconds and try again... (tryings = 154, bot id = 8802005800)
ERROR:aiogram.dispatcher:Failed to fetch updates - TelegramConflictError: Telegram server says - Conflict: terminated by other getUpdates request; make sure that only one bot instance is running
WARNING:aiogram.dispatcher:Sleep for 4.780486 seconds and try again... (tryings = 155, bot id = 8802005800)
ERROR:aiogram.dispatcher:Failed to fetch updates - TelegramConflictError: Telegram server says - Conflict: terminated by other getUpdates request; make sure that only one bot instance is running
WARNING:aiogram.dispatcher:Sleep for 5.018814 seconds and try again... (tryings = 156, bot id = 8802005800)
ERROR:aiogram.dispatcher:Failed to fetch updates - TelegramConflictError: Telegram server says - Conflict: terminated by other getUpdates request; make sure that only one bot instance is running
WARNING:aiogram.dispatcher:Sleep for 4.972184 seconds and try again... (tryings = 157, bot id = 8802005800)
ERROR:aiogram.dispatcher:Failed to fetch updates - TelegramConflictError: Telegram server says - Conflict: terminated by other getUpdates request; make sure that only one bot instance is running
WARNING:aiogram.dispatcher:Sleep for 4.745958 seconds and try again... (tryings = 158, bot id = 8802005800)
ERROR:aiogram.dispatcher:Failed to fetch updates - TelegramConflictError: Telegram server says - Conflict: terminated by other getUpdates request; make sure that only one bot instance is running
WARNING:aiogram.dispatcher:Sleep for 4.948122 seconds and try again... (tryings = 159, bot id = 8802005800)
ERROR:aiogram.dispatcher:Failed to fetch updates - TelegramConflictError: Telegram server says - Conflict: terminated by other getUpdates request; make sure that only one bot instance is running
WARNING:aiogram.dispatcher:Sleep for 5.220726 seconds and try again... (tryings = 160, bot id = 8802005800)
ERROR:aiogram.dispatcher:Failed to fetch updates - TelegramConflictError: Telegram server says - Conflict: terminated by other getUpdates request; make sure that only one bot instance is running
WARNING:aiogram.dispatcher:Sleep for 4.956125 seconds and try again... (tryings = 161, bot id = 8802005800)
ERROR:aiogram.dispatcher:Failed to fetch updates - TelegramConflictError: Telegram server says - Conflict: terminated by other getUpdates request; make sure that only one bot instance is running
WARNING:aiogram.dispatcher:Sleep for 5.124647 seconds and try again... (tryings = 162, bot id = 8802005800)
ERROR:aiogram.dispatcher:Failed to fetch updates - TelegramConflictError: Telegram server says - Conflict: terminated by other getUpdates request; make sure that only one bot instance is running
WARNING:aiogram.dispatcher:Sleep for 4.996868 seconds and try again... (tryings = 163, bot id = 8802005800)
ERROR:aiogram.dispatcher:Failed to fetch updates - TelegramConflictError: Telegram server says - Conflict: terminated by other getUpdates request; make sure that only one bot instance is running
WARNING:aiogram.dispatcher:Sleep for 4.824315 seconds and try again... (tryings = 164, bot id = 8802005800)
ERROR:aiogram.dispatcher:Failed to fetch updates - TelegramConflictError: Telegram server says - Conflict: terminated by other getUpdates request; make sure that only one bot instance is running
WARNING:aiogram.dispatcher:Sleep for 5.097880 seconds and try again... (tryings = 165, bot id = 8802005800)
ERROR:aiogram.dispatcher:Failed to fetch updates - TelegramConflictError: Telegram server says - Conflict: terminated by other getUpdates request; make sure that only one bot instance is running
WARNING:aiogram.dispatcher:Sleep for 4.928450 seconds and try again... (tryings = 166, bot id = 8802005800)
ERROR:aiogram.dispatcher:Failed to fetch updates - TelegramConflictError: Telegram server says - Conflict: terminated by other getUpdates request; make sure that only one bot instance is running
WARNING:aiogram.dispatcher:Sleep for 4.898092 seconds and try again... (tryings = 167, bot id = 8802005800)
ERROR:aiogram.dispatcher:Failed to fetch updates - TelegramConflictError: Telegram server says - Conflict: terminated by other getUpdates request; make sure that only one bot instance is running
WARNING:aiogram.dispatcher:Sleep for 5.110549 seconds and try again... (tryings = 168, bot id = 8802005800)
ERROR:aiogram.dispatcher:Failed to fetch updates - TelegramConflictError: Telegram server says - Conflict: terminated by other getUpdates request; make sure that only one bot instance is running
WARNING:aiogram.dispatcher:Sleep for 4.823301 seconds and try again... (tryings = 169, bot id = 8802005800)
ERROR:aiogram.dispatcher:Failed to fetch updates - TelegramConflictError: Telegram server says - Conflict: terminated by other getUpdates request; make sure that only one bot instance is running
WARNING:aiogram.dispatcher:Sleep for 4.958590 seconds and try again... (tryings = 170, bot id = 8802005800)
ERROR:aiogram.dispatcher:Failed to fetch updates - TelegramConflictError: Telegram server says - Conflict: terminated by other getUpdates request; make sure that only one bot instance is running
WARNING:aiogram.dispatcher:Sleep for 4.974917 seconds and try again... (tryings = 171, bot id = 8802005800)
ERROR:aiogram.dispatcher:Failed to fetch updates - TelegramConflictError: Telegram server says - Conflict: terminated by other getUpdates request; make sure that only one bot instance is running
WARNING:aiogram.dispatcher:Sleep for 4.963468 seconds and try again... (tryings = 172, bot id = 8802005800)
ERROR:aiogram.dispatcher:Failed to fetch updates - TelegramConflictError: Telegram server says - Conflict: terminated by other getUpdates request; make sure that only one bot instance is running
WARNING:aiogram.dispatcher:Sleep for 4.925587 seconds and try again... (tryings = 173, bot id = 8802005800)
ERROR:aiogram.dispatcher:Failed to fetch updates - TelegramConflictError: Telegram server says - Conflict: terminated by other getUpdates request; make sure that only one bot instance is running
WARNING:aiogram.dispatcher:Sleep for 4.884583 seconds and try again... (tryings = 174, bot id = 8802005800)
ERROR:aiogram.dispatcher:Failed to fetch updates - TelegramConflictError: Telegram server says - Conflict: terminated by other getUpdates request; make sure that only one bot instance is running
WARNING:aiogram.dispatcher:Sleep for 5.099191 seconds and try again... (tryings = 175, bot id = 8802005800)
ERROR:aiogram.dispatcher:Failed to fetch updates - TelegramConflictError: Telegram server says - Conflict: terminated by other getUpdates request; make sure that only one bot instance is running
WARNING:aiogram.dispatcher:Sleep for 4.864037 seconds and try again... (tryings = 176, bot id = 8802005800)
ERROR:aiogram.dispatcher:Failed to fetch updates - TelegramConflictError: Telegram server says - Conflict: terminated by other getUpdates request; make sure that only one bot instance is running
WARNING:aiogram.dispatcher:Sleep for 5.004317 seconds and try again... (tryings = 177, bot id = 8802005800)
ERROR:aiogram.dispatcher:Failed to fetch updates - TelegramConflictError: Telegram server says - Conflict: terminated by other getUpdates request; make sure that only one bot instance is running
WARNING:aiogram.dispatcher:Sleep for 5.115242 seconds and try again... (tryings = 178, bot id = 8802005800)
ERROR:aiogram.dispatcher:Failed to fetch updates - TelegramConflictError: Telegram server says - Conflict: terminated by other getUpdates request; make sure that only one bot instance is running
WARNING:aiogram.dispatcher:Sleep for 4.989516 seconds and try again... (tryings = 179, bot id = 8802005800)
ERROR:aiogram.dispatcher:Failed to fetch updates - TelegramConflictError: Telegram server says - Conflict: terminated by other getUpdates request; make sure that only one bot instance is running
WARNING:aiogram.dispatcher:Sleep for 5.000189 seconds and try again... (tryings = 180, bot id = 8802005800)
ERROR:aiogram.dispatcher:Failed to fetch updates - TelegramConflictError: Telegram server says - Conflict: terminated by other getUpdates request; make sure that only one bot instance is running
WARNING:aiogram.dispatcher:Sleep for 4.993143 seconds and try again... (tryings = 181, bot id = 8802005800)
ERROR:aiogram.dispatcher:Failed to fetch updates - TelegramConflictError: Telegram server says - Conflict: terminated by other getUpdates request; make sure that only one bot instance is running
WARNING:aiogram.dispatcher:Sleep for 5.027061 seconds and try again... (tryings = 182, bot id = 8802005800)
ERROR:aiogram.dispatcher:Failed to fetch updates - TelegramConflictError: Telegram server says - Conflict: terminated by other getUpdates request; make sure that only one bot instance is running
WARNING:aiogram.dispatcher:Sleep for 5.029553 seconds and try again... (tryings = 183, bot id = 8802005800)
ERROR:aiogram.dispatcher:Failed to fetch updates - TelegramConflictError: Telegram server says - Conflict: terminated by other getUpdates request; make sure that only one bot instance is running
WARNING:aiogram.dispatcher:Sleep for 4.909661 seconds and try again... (tryings = 184, bot id = 8802005800)
ERROR:aiogram.dispatcher:Failed to fetch updates - TelegramConflictError: Telegram server says - Conflict: terminated by other getUpdates request; make sure that only one bot instance is running
WARNING:aiogram.dispatcher:Sleep for 5.117602 seconds and try again... (tryings = 185, bot id = 8802005800)
ERROR:aiogram.dispatcher:Failed to fetch updates - TelegramConflictError: Telegram server says - Conflict: terminated by other getUpdates request; make sure that only one bot instance is running
WARNING:aiogram.dispatcher:Sleep for 5.252970 seconds and try again... (tryings = 186, bot id = 8802005800)
ERROR:aiogram.dispatcher:Failed to fetch updates - TelegramConflictError: Telegram server says - Conflict: terminated by other getUpdates request; make sure that only one bot instance is running
WARNING:aiogram.dispatcher:Sleep for 5.325955 seconds and try again... (tryings = 187, bot id = 8802005800)
ERROR:aiogram.dispatcher:Failed to fetch updates - TelegramConflictError: Telegram server says - Conflict: terminated by other getUpdates request; make sure that only one bot instance is running
WARNING:aiogram.dispatcher:Sleep for 5.132825 seconds and try again... (tryings = 188, bot id = 8802005800)
ERROR:aiogram.dispatcher:Failed to fetch updates - TelegramConflictError: Telegram server says - Conflict: terminated by other getUpdates request; make sure that only one bot instance is running
WARNING:aiogram.dispatcher:Sleep for 4.906314 seconds and try again... (tryings = 189, bot id = 8802005800)
ERROR:aiogram.dispatcher:Failed to fetch updates - TelegramConflictError: Telegram server says - Conflict: terminated by other getUpdates request; make sure that only one bot instance is running
WARNING:aiogram.dispatcher:Sleep for 4.954023 seconds and try again... (tryings = 190, bot id = 8802005800)
ERROR:aiogram.dispatcher:Failed to fetch updates - TelegramConflictError: Telegram server says - Conflict: terminated by other getUpdates request; make sure that only one bot instance is running
WARNING:aiogram.dispatcher:Sleep for 4.872053 seconds and try again... (tryings = 191, bot id = 8802005800)
ERROR:aiogram.dispatcher:Failed to fetch updates - TelegramConflictError: Telegram server says - Conflict: terminated by other getUpdates request; make sure that only one bot instance is running
WARNING:aiogram.dispatcher:Sleep for 4.983388 seconds and try again... (tryings = 192, bot id = 8802005800)
ERROR:aiogram.dispatcher:Failed to fetch updates - TelegramConflictError: Telegram server says - Conflict: terminated by other getUpdates request; make sure that only one bot instance is running
WARNING:aiogram.dispatcher:Sleep for 4.901502 seconds and try again... (tryings = 193, bot id = 8802005800)
ERROR:aiogram.dispatcher:Failed to fetch updates - TelegramConflictError: Telegram server says - Conflict: terminated by other getUpdates request; make sure that only one bot instance is running
WARNING:aiogram.dispatcher:Sleep for 5.050031 seconds and try again... (tryings = 194, bot id = 8802005800)
ERROR:aiogram.dispatcher:Failed to fetch updates - TelegramConflictError: Telegram server says - Conflict: terminated by other getUpdates request; make sure that only one bot instance is running
WARNING:aiogram.dispatcher:Sleep for 5.022526 seconds and try again... (tryings = 195, bot id = 8802005800)
ERROR:aiogram.dispatcher:Failed to fetch updates - TelegramConflictError: Telegram server says - Conflict: terminated by other getUpdates request; make sure that only one bot instance is running
WARNING:aiogram.dispatcher:Sleep for 5.067694 seconds and try again... (tryings = 196, bot id = 8802005800)
ERROR:aiogram.dispatcher:Failed to fetch updates - TelegramConflictError: Telegram server says - Conflict: terminated by other getUpdates request; make sure that only one bot instance is running
WARNING:aiogram.dispatcher:Sleep for 4.918171 seconds and try again... (tryings = 197, bot id = 8802005800)
ERROR:aiogram.dispatcher:Failed to fetch updates - TelegramConflictError: Telegram server says - Conflict: terminated by other getUpdates request; make sure that only one bot instance is running
WARNING:aiogram.dispatcher:Sleep for 4.930589 seconds and try again... (tryings = 198, bot id = 8802005800)
ERROR:aiogram.dispatcher:Failed to fetch updates - TelegramConflictError: Telegram server says - Conflict: terminated by other getUpdates request; make sure that only one bot instance is running
WARNING:aiogram.dispatcher:Sleep for 4.964650 seconds and try again... (tryings = 199, bot id = 8802005800)
ERROR:aiogram.dispatcher:Failed to fetch updates - TelegramConflictError: Telegram server says - Conflict: terminated by other getUpdates request; make sure that only one bot instance is running
WARNING:aiogram.dispatcher:Sleep for 5.032038 seconds and try again... (tryings = 200, bot id = 8802005800)
ERROR:aiogram.dispatcher:Failed to fetch updates - TelegramConflictError: Telegram server says - Conflict: terminated by other getUpdates request; make sure that only one bot instance is running
WARNING:aiogram.dispatcher:Sleep for 4.973529 seconds and try again... (tryings = 201, bot id = 8802005800)
ERROR:aiogram.dispatcher:Failed to fetch updates - TelegramConflictError: Telegram server says - Conflict: terminated by other getUpdates request; make sure that only one bot instance is running
WARNING:aiogram.dispatcher:Sleep for 5.042271 seconds and try again... (tryings = 202, bot id = 8802005800)
ERROR:aiogram.dispatcher:Failed to fetch updates - TelegramConflictError: Telegram server says - Conflict: terminated by other getUpdates request; make sure that only one bot instance is running
WARNING:aiogram.dispatcher:Sleep for 4.824796 seconds and try again... (tryings = 203, bot id = 8802005800)
ERROR:aiogram.dispatcher:Failed to fetch updates - TelegramConflictError: Telegram server says - Conflict: terminated by other getUpdates request; make sure that only one bot instance is running
WARNING:aiogram.dispatcher:Sleep for 5.024367 seconds and try again... (tryings = 204, bot id = 8802005800)
ERROR:aiogram.dispatcher:Failed to fetch updates - TelegramConflictError: Telegram server says - Conflict: terminated by other getUpdates request; make sure that only one bot instance is running
WARNING:aiogram.dispatcher:Sleep for 4.968903 seconds and try again... (tryings = 205, bot id = 8802005800)
ERROR:aiogram.dispatcher:Failed to fetch updates - TelegramConflictError: Telegram server says - Conflict: terminated by other getUpdates request; make sure that only one bot instance is running
WARNING:aiogram.dispatcher:Sleep for 4.889526 seconds and try again... (tryings = 206, bot id = 8802005800)
ERROR:aiogram.dispatcher:Failed to fetch updates - TelegramConflictError: Telegram server says - Conflict: terminated by other getUpdates request; make sure that only one bot instance is running
WARNING:aiogram.dispatcher:Sleep for 4.926147 seconds and try again... (tryings = 207, bot id = 8802005800)
ERROR:aiogram.dispatcher:Failed to fetch updates - TelegramConflictError: Telegram server says - Conflict: terminated by other getUpdates request; make sure that only one bot instance is running
WARNING:aiogram.dispatcher:Sleep for 5.090728 seconds and try again... (tryings = 208, bot id = 8802005800)
ERROR:aiogram.dispatcher:Failed to fetch updates - TelegramConflictError: Telegram server says - Conflict: terminated by other getUpdates request; make sure that only one bot instance is running
WARNING:aiogram.dispatcher:Sleep for 4.804293 seconds and try again... (tryings = 209, bot id = 8802005800)
ERROR:aiogram.dispatcher:Failed to fetch updates - TelegramConflictError: Telegram server says - Conflict: terminated by other getUpdates request; make sure that only one bot instance is running
WARNING:aiogram.dispatcher:Sleep for 5.111655 seconds and try again... (tryings = 210, bot id = 8802005800)
ERROR:aiogram.dispatcher:Failed to fetch updates - TelegramConflictError: Telegram server says - Conflict: terminated by other getUpdates request; make sure that only one bot instance is running
WARNING:aiogram.dispatcher:Sleep for 4.916449 seconds and try again... (tryings = 211, bot id = 8802005800)
ERROR:aiogram.dispatcher:Failed to fetch updates - TelegramConflictError: Telegram server says - Conflict: terminated by other getUpdates request; make sure that only one bot instance is running
WARNING:aiogram.dispatcher:Sleep for 4.907565 seconds and try again... (tryings = 212, bot id = 8802005800)
ERROR:aiogram.dispatcher:Failed to fetch updates - TelegramConflictError: Telegram server says - Conflict: terminated by other getUpdates request; make sure that only one bot instance is running
WARNING:aiogram.dispatcher:Sleep for 5.132380 seconds and try again... (tryings = 213, bot id = 8802005800)
ERROR:aiogram.dispatcher:Failed to fetch updates - TelegramConflictError: Telegram server says - Conflict: terminated by other getUpdates request; make sure that only one bot instance is running
WARNING:aiogram.dispatcher:Sleep for 5.077413 seconds and try again... (tryings = 214, bot id = 8802005800)
ERROR:aiogram.dispatcher:Failed to fetch updates - TelegramConflictError: Telegram server says - Conflict: terminated by other getUpdates request; make sure that only one bot instance is running
WARNING:aiogram.dispatcher:Sleep for 5.006994 seconds and try again... (tryings = 215, bot id = 8802005800)
ERROR:aiogram.dispatcher:Failed to fetch updates - TelegramConflictError: Telegram server says - Conflict: terminated by other getUpdates request; make sure that only one bot instance is running
WARNING:aiogram.dispatcher:Sleep for 4.971809 seconds and try again... (tryings = 216, bot id = 8802005800)
ERROR:aiogram.dispatcher:Failed to fetch updates - TelegramConflictError: Telegram server says - Conflict: terminated by other getUpdates request; make sure that only one bot instance is running
WARNING:aiogram.dispatcher:Sleep for 4.982334 seconds and try again... (tryings = 217, bot id = 8802005800)
ERROR:aiogram.dispatcher:Failed to fetch updates - TelegramConflictError: Telegram server says - Conflict: terminated by other getUpdates request; make sure that only one bot instance is running
WARNING:aiogram.dispatcher:Sleep for 4.882715 seconds and try again... (tryings = 218, bot id = 8802005800)
ERROR:aiogram.dispatcher:Failed to fetch updates - TelegramConflictError: Telegram server says - Conflict: terminated by other getUpdates request; make sure that only one bot instance is running
WARNING:aiogram.dispatcher:Sleep for 5.127196 seconds and try again... (tryings = 219, bot id = 8802005800)
ERROR:aiogram.dispatcher:Failed to fetch updates - TelegramConflictError: Telegram server says - Conflict: terminated by other getUpdates request; make sure that only one bot instance is running
WARNING:aiogram.dispatcher:Sleep for 5.025069 seconds and try again... (tryings = 220, bot id = 8802005800)
ERROR:aiogram.dispatcher:Failed to fetch updates - TelegramConflictError: Telegram server says - Conflict: terminated by other getUpdates request; make sure that only one bot instance is running
WARNING:aiogram.dispatcher:Sleep for 4.826432 seconds and try again... (tryings = 221, bot id = 8802005800)
ERROR:aiogram.dispatcher:Failed to fetch updates - TelegramConflictError: Telegram server says - Conflict: terminated by other getUpdates request; make sure that only one bot instance is running
WARNING:aiogram.dispatcher:Sleep for 4.926786 seconds and try again... (tryings = 222, bot id = 8802005800)
ERROR:aiogram.dispatcher:Failed to fetch updates - TelegramConflictError: Telegram server says - Conflict: terminated by other getUpdates request; make sure that only one bot instance is running
WARNING:aiogram.dispatcher:Sleep for 4.802553 seconds and try again... (tryings = 223, bot id = 8802005800)
ERROR:aiogram.dispatcher:Failed to fetch updates - TelegramConflictError: Telegram server says - Conflict: terminated by other getUpdates request; make sure that only one bot instance is running
WARNING:aiogram.dispatcher:Sleep for 5.095056 seconds and try again... (tryings = 224, bot id = 8802005800)
ERROR:aiogram.dispatcher:Failed to fetch updates - TelegramConflictError: Telegram server says - Conflict: terminated by other getUpdates request; make sure that only one bot instance is running
WARNING:aiogram.dispatcher:Sleep for 4.869967 seconds and try again... (tryings = 225, bot id = 8802005800)
ERROR:aiogram.dispatcher:Failed to fetch updates - TelegramConflictError: Telegram server says - Conflict: terminated by other getUpdates request; make sure that only one bot instance is running
WARNING:aiogram.dispatcher:Sleep for 5.118368 seconds and try again... (tryings = 226, bot id = 8802005800)
ERROR:aiogram.dispatcher:Failed to fetch updates - TelegramConflictError: Telegram server says - Conflict: terminated by other getUpdates request; make sure that only one bot instance is running
WARNING:aiogram.dispatcher:Sleep for 4.890102 seconds and try again... (tryings = 227, bot id = 8802005800)
ERROR:aiogram.dispatcher:Failed to fetch updates - TelegramConflictError: Telegram server says - Conflict: terminated by other getUpdates request; make sure that only one bot instance is running
WARNING:aiogram.dispatcher:Sleep for 5.051618 seconds and try again... (tryings = 228, bot id = 8802005800)
ERROR:aiogram.dispatcher:Failed to fetch updates - TelegramConflictError: Telegram server says - Conflict: terminated by other getUpdates request; make sure that only one bot instance is running
WARNING:aiogram.dispatcher:Sleep for 5.016526 seconds and try again... (tryings = 229, bot id = 8802005800)
ERROR:aiogram.dispatcher:Failed to fetch updates - TelegramConflictError: Telegram server says - Conflict: terminated by other getUpdates request; make sure that only one bot instance is running
WARNING:aiogram.dispatcher:Sleep for 5.043226 seconds and try again... (tryings = 230, bot id = 8802005800)
ERROR:aiogram.dispatcher:Failed to fetch updates - TelegramConflictError: Telegram server says - Conflict: terminated by other getUpdates request; make sure that only one bot instance is running
WARNING:aiogram.dispatcher:Sleep for 4.829975 seconds and try again... (tryings = 231, bot id = 8802005800)
ERROR:aiogram.dispatcher:Failed to fetch updates - TelegramConflictError: Telegram server says - Conflict: terminated by other getUpdates request; make sure that only one bot instance is running
WARNING:aiogram.dispatcher:Sleep for 5.020853 seconds and try again... (tryings = 232, bot id = 8802005800)
ERROR:aiogram.dispatcher:Failed to fetch updates - TelegramConflictError: Telegram server says - Conflict: terminated by other getUpdates request; make sure that only one bot instance is running
WARNING:aiogram.dispatcher:Sleep for 5.115166 seconds and try again... (tryings = 233, bot id = 8802005800)
ERROR:aiogram.dispatcher:Failed to fetch updates - TelegramConflictError: Telegram server says - Conflict: terminated by other getUpdates request; make sure that only one bot instance is running
WARNING:aiogram.dispatcher:Sleep for 5.004154 seconds and try again... (tryings = 234, bot id = 8802005800)
ERROR:aiogram.dispatcher:Failed to fetch updates - TelegramConflictError: Telegram server says - Conflict: terminated by other getUpdates request; make sure that only one bot instance is running
WARNING:aiogram.dispatcher:Sleep for 5.008870 seconds and try again... (tryings = 235, bot id = 8802005800)
ERROR:aiogram.dispatcher:Failed to fetch updates - TelegramConflictError: Telegram server says - Conflict: terminated by other getUpdates request; make sure that only one bot instance is running
WARNING:aiogram.dispatcher:Sleep for 5.136327 seconds and try again... (tryings = 236, bot id = 8802005800)
ERROR:aiogram.dispatcher:Failed to fetch updates - TelegramConflictError: Telegram server says - Conflict: terminated by other getUpdates request; make sure that only one bot instance is running
WARNING:aiogram.dispatcher:Sleep for 4.901133 seconds and try again... (tryings = 237, bot id = 8802005800)
ERROR:aiogram.dispatcher:Failed to fetch updates - TelegramConflictError: Telegram server says - Conflict: terminated by other getUpdates request; make sure that only one bot instance is running
WARNING:aiogram.dispatcher:Sleep for 5.004296 seconds and try again... (tryings = 238, bot id = 8802005800)
ERROR:aiogram.dispatcher:Failed to fetch updates - TelegramConflictError: Telegram server says - Conflict: terminated by other getUpdates request; make sure that only one bot instance is running
WARNING:aiogram.dispatcher:Sleep for 4.981309 seconds and try again... (tryings = 239, bot id = 8802005800)
ERROR:aiogram.dispatcher:Failed to fetch updates - TelegramConflictError: Telegram server says - Conflict: terminated by other getUpdates request; make sure that only one bot instance is running
WARNING:aiogram.dispatcher:Sleep for 4.896038 seconds and try again... (tryings = 240, bot id = 8802005800)
ERROR:aiogram.dispatcher:Failed to fetch updates - TelegramConflictError: Telegram server says - Conflict: terminated by other getUpdates request; make sure that only one bot instance is running
WARNING:aiogram.dispatcher:Sleep for 4.929792 seconds and try again... (tryings = 241, bot id = 8802005800)
ERROR:aiogram.dispatcher:Failed to fetch updates - TelegramConflictError: Telegram server says - Conflict: terminated by other getUpdates request; make sure that only one bot instance is running
WARNING:aiogram.dispatcher:Sleep for 5.011770 seconds and try again... (tryings = 242, bot id = 8802005800)
ERROR:aiogram.dispatcher:Failed to fetch updates - TelegramConflictError: Telegram server says - Conflict: terminated by other getUpdates request; make sure that only one bot instance is running
WARNING:aiogram.dispatcher:Sleep for 5.121926 seconds and try again... (tryings = 243, bot id = 8802005800)
ERROR:aiogram.dispatcher:Failed to fetch updates - TelegramConflictError: Telegram server says - Conflict: terminated by other getUpdates request; make sure that only one bot instance is running
WARNING:aiogram.dispatcher:Sleep for 4.800477 seconds and try again... (tryings = 244, bot id = 8802005800)
ERROR:aiogram.dispatcher:Failed to fetch updates - TelegramConflictError: Telegram server says - Conflict: terminated by other getUpdates request; make sure that only one bot instance is running
WARNING:aiogram.dispatcher:Sleep for 5.095522 seconds and try again... (tryings = 245, bot id = 8802005800)
ERROR:aiogram.dispatcher:Failed to fetch updates - TelegramConflictError: Telegram server says - Conflict: terminated by other getUpdates request; make sure that only one bot instance is running
WARNING:aiogram.dispatcher:Sleep for 5.035359 seconds and try again... (tryings = 246, bot id = 8802005800)
ERROR:aiogram.dispatcher:Failed to fetch updates - TelegramConflictError: Telegram server says - Conflict: terminated by other getUpdates request; make sure that only one bot instance is running
WARNING:aiogram.dispatcher:Sleep for 4.937005 seconds and try again... (tryings = 247, bot id = 8802005800)
ERROR:aiogram.dispatcher:Failed to fetch updates - TelegramConflictError: Telegram server says - Conflict: terminated by other getUpdates request; make sure that only one bot instance is running
WARNING:aiogram.dispatcher:Sleep for 5.012143 seconds and try again... (tryings = 248, bot id = 8802005800)
ERROR:aiogram.dispatcher:Failed to fetch updates - TelegramConflictError: Telegram server says - Conflict: terminated by other getUpdates request; make sure that only one bot instance is running
WARNING:aiogram.dispatcher:Sleep for 5.113254 seconds and try again... (tryings = 249, bot id = 8802005800)
ERROR:aiogram.dispatcher:Failed to fetch updates - TelegramConflictError: Telegram server says - Conflict: terminated by other getUpdates request; make sure that only one bot instance is running
WARNING:aiogram.dispatcher:Sleep for 5.064355 seconds and try again... (tryings = 250, bot id = 8802005800)
ERROR:aiogram.dispatcher:Failed to fetch updates - TelegramConflictError: Telegram server says - Conflict: terminated by other getUpdates request; make sure that only one bot instance is running
WARNING:aiogram.dispatcher:Sleep for 4.964812 seconds and try again... (tryings = 251, bot id = 8802005800)
ERROR:aiogram.dispatcher:Failed to fetch updates - TelegramConflictError: Telegram server says - Conflict: terminated by other getUpdates request; make sure that only one bot instance is running
WARNING:aiogram.dispatcher:Sleep for 4.966922 seconds and try again... (tryings = 252, bot id = 8802005800)
ERROR:aiogram.dispatcher:Failed to fetch updates - TelegramConflictError: Telegram server says - Conflict: terminated by other getUpdates request; make sure that only one bot instance is running
WARNING:aiogram.dispatcher:Sleep for 5.017872 seconds and try again... (tryings = 253, bot id = 8802005800)
ERROR:aiogram.dispatcher:Failed to fetch updates - TelegramConflictError: Telegram server says - Conflict: terminated by other getUpdates request; make sure that only one bot instance is running
WARNING:aiogram.dispatcher:Sleep for 5.081776 seconds and try again... (tryings = 254, bot id = 8802005800)
ERROR:aiogram.dispatcher:Failed to fetch updates - TelegramConflictError: Telegram server says - Conflict: terminated by other getUpdates request; make sure that only one bot instance is running
WARNING:aiogram.dispatcher:Sleep for 4.990280 seconds and try again... (tryings = 255, bot id = 8802005800)
ERROR:aiogram.dispatcher:Failed to fetch updates - TelegramConflictError: Telegram server says - Conflict: terminated by other getUpdates request; make sure that only one bot instance is running
WARNING:aiogram.dispatcher:Sleep for 5.044399 seconds and try again... (tryings = 256, bot id = 8802005800)
ERROR:aiogram.dispatcher:Failed to fetch updates - TelegramConflictError: Telegram server says - Conflict: terminated by other getUpdates request; make sure that only one bot instance is running
WARNING:aiogram.dispatcher:Sleep for 5.035428 seconds and try again... (tryings = 257, bot id = 8802005800)
ERROR:aiogram.dispatcher:Failed to fetch updates - TelegramConflictError: Telegram server says - Conflict: terminated by other getUpdates request; make sure that only one bot instance is running
WARNING:aiogram.dispatcher:Sleep for 5.013305 seconds and try again... (tryings = 258, bot id = 8802005800)
ERROR:aiogram.dispatcher:Failed to fetch updates - TelegramConflictError: Telegram server says - Conflict: terminated by other getUpdates request; make sure that only one bot instance is running
WARNING:aiogram.dispatcher:Sleep for 4.853479 seconds and try again... (tryings = 259, bot id = 8802005800)
ERROR:aiogram.dispatcher:Failed to fetch updates - TelegramConflictError: Telegram server says - Conflict: terminated by other getUpdates request; make sure that only one bot instance is running
WARNING:aiogram.dispatcher:Sleep for 4.966577 seconds and try again... (tryings = 260, bot id = 8802005800)
ERROR:aiogram.dispatcher:Failed to fetch updates - TelegramConflictError: Telegram server says - Conflict: terminated by other getUpdates request; make sure that only one bot instance is running
WARNING:aiogram.dispatcher:Sleep for 5.001632 seconds and try again... (tryings = 261, bot id = 8802005800)
ERROR:aiogram.dispatcher:Failed to fetch updates - TelegramConflictError: Telegram server says - Conflict: terminated by other getUpdates request; make sure that only one bot instance is running
WARNING:aiogram.dispatcher:Sleep for 5.032891 seconds and try again... (tryings = 262, bot id = 8802005800)
ERROR:aiogram.dispatcher:Failed to fetch updates - TelegramConflictError: Telegram server says - Conflict: terminated by other getUpdates request; make sure that only one bot instance is running
WARNING:aiogram.dispatcher:Sleep for 5.116103 seconds and try again... (tryings = 263, bot id = 8802005800)
ERROR:aiogram.dispatcher:Failed to fetch updates - TelegramConflictError: Telegram server says - Conflict: terminated by other getUpdates request; make sure that only one bot instance is running
WARNING:aiogram.dispatcher:Sleep for 4.965002 seconds and try again... (tryings = 264, bot id = 8802005800)
ERROR:aiogram.dispatcher:Failed to fetch updates - TelegramConflictError: Telegram server says - Conflict: terminated by other getUpdates request; make sure that only one bot instance is running
WARNING:aiogram.dispatcher:Sleep for 5.051531 seconds and try again... (tryings = 265, bot id = 8802005800)
ERROR:aiogram.dispatcher:Failed to fetch updates - TelegramConflictError: Telegram server says - Conflict: terminated by other getUpdates request; make sure that only one bot instance is running
WARNING:aiogram.dispatcher:Sleep for 4.965778 seconds and try again... (tryings = 266, bot id = 8802005800)
ERROR:aiogram.dispatcher:Failed to fetch updates - TelegramConflictError: Telegram server says - Conflict: terminated by other getUpdates request; make sure that only one bot instance is running
WARNING:aiogram.dispatcher:Sleep for 5.105779 seconds and try again... (tryings = 267, bot id = 8802005800)
ERROR:aiogram.dispatcher:Failed to fetch updates - TelegramConflictError: Telegram server says - Conflict: terminated by other getUpdates request; make sure that only one bot instance is running
WARNING:aiogram.dispatcher:Sleep for 5.010563 seconds and try again... (tryings = 268, bot id = 8802005800)
ERROR:aiogram.dispatcher:Failed to fetch updates - TelegramConflictError: Telegram server says - Conflict: terminated by other getUpdates request; make sure that only one bot instance is running
WARNING:aiogram.dispatcher:Sleep for 4.909126 seconds and try again... (tryings = 269, bot id = 8802005800)
ERROR:aiogram.dispatcher:Failed to fetch updates - TelegramConflictError: Telegram server says - Conflict: terminated by other getUpdates request; make sure that only one bot instance is running
WARNING:aiogram.dispatcher:Sleep for 5.076306 seconds and try again... (tryings = 270, bot id = 8802005800)
ERROR:aiogram.dispatcher:Failed to fetch updates - TelegramConflictError: Telegram server says - Conflict: terminated by other getUpdates request; make sure that only one bot instance is running
WARNING:aiogram.dispatcher:Sleep for 5.006247 seconds and try again... (tryings = 271, bot id = 8802005800)
ERROR:aiogram.dispatcher:Failed to fetch updates - TelegramConflictError: Telegram server says - Conflict: terminated by other getUpdates request; make sure that only one bot instance is running
WARNING:aiogram.dispatcher:Sleep for 4.969350 seconds and try again... (tryings = 272, bot id = 8802005800)
ERROR:aiogram.dispatcher:Failed to fetch updates - TelegramConflictError: Telegram server says - Conflict: terminated by other getUpdates request; make sure that only one bot instance is running
WARNING:aiogram.dispatcher:Sleep for 4.900977 seconds and try again... (tryings = 273, bot id = 8802005800)
ERROR:aiogram.dispatcher:Failed to fetch updates - TelegramConflictError: Telegram server says - Conflict: terminated by other getUpdates request; make sure that only one bot instance is running
WARNING:aiogram.dispatcher:Sleep for 5.023660 seconds and try again... (tryings = 274, bot id = 8802005800)
ERROR:aiogram.dispatcher:Failed to fetch updates - TelegramConflictError: Telegram server says - Conflict: terminated by other getUpdates request; make sure that only one bot instance is running
WARNING:aiogram.dispatcher:Sleep for 5.057754 seconds and try again... (tryings = 275, bot id = 8802005800)
ERROR:aiogram.dispatcher:Failed to fetch updates - TelegramConflictError: Telegram server says - Conflict: terminated by other getUpdates request; make sure that only one bot instance is running
WARNING:aiogram.dispatcher:Sleep for 4.915349 seconds and try again... (tryings = 276, bot id = 8802005800)
ERROR:aiogram.dispatcher:Failed to fetch updates - TelegramConflictError: Telegram server says - Conflict: terminated by other getUpdates request; make sure that only one bot instance is running
WARNING:aiogram.dispatcher:Sleep for 5.131017 seconds and try again... (tryings = 277, bot id = 8802005800)
ERROR:aiogram.dispatcher:Failed to fetch updates - TelegramConflictError: Telegram server says - Conflict: terminated by other getUpdates request; make sure that only one bot instance is running
WARNING:aiogram.dispatcher:Sleep for 4.924254 seconds and try again... (tryings = 278, bot id = 8802005800)
ERROR:aiogram.dispatcher:Failed to fetch updates - TelegramConflictError: Telegram server says - Conflict: terminated by other getUpdates request; make sure that only one bot instance is running
WARNING:aiogram.dispatcher:Sleep for 5.105188 seconds and try again... (tryings = 279, bot id = 8802005800)
ERROR:aiogram.dispatcher:Failed to fetch updates - TelegramConflictError: Telegram server says - Conflict: terminated by other getUpdates request; make sure that only one bot instance is running
WARNING:aiogram.dispatcher:Sleep for 5.097532 seconds and try again... (tryings = 280, bot id = 8802005800)
ERROR:aiogram.dispatcher:Failed to fetch updates - TelegramConflictError: Telegram server says - Conflict: terminated by other getUpdates request; make sure that only one bot instance is running
WARNING:aiogram.dispatcher:Sleep for 4.977283 seconds and try again... (tryings = 281, bot id = 8802005800)
ERROR:aiogram.dispatcher:Failed to fetch updates - TelegramConflictError: Telegram server says - Conflict: terminated by other getUpdates request; make sure that only one bot instance is running
WARNING:aiogram.dispatcher:Sleep for 5.057309 seconds and try again... (tryings = 282, bot id = 8802005800)
ERROR:aiogram.dispatcher:Failed to fetch updates - TelegramConflictError: Telegram server says - Conflict: terminated by other getUpdates request; make sure that only one bot instance is running
WARNING:aiogram.dispatcher:Sleep for 4.912093 seconds and try again... (tryings = 283, bot id = 8802005800)
ERROR:aiogram.dispatcher:Failed to fetch updates - TelegramConflictError: Telegram server says - Conflict: terminated by other getUpdates request; make sure that only one bot instance is running
WARNING:aiogram.dispatcher:Sleep for 4.767969 seconds and try again... (tryings = 284, bot id = 8802005800)
ERROR:aiogram.dispatcher:Failed to fetch updates - TelegramConflictError: Telegram server says - Conflict: terminated by other getUpdates request; make sure that only one bot instance is running
WARNING:aiogram.dispatcher:Sleep for 4.991939 seconds and try again... (tryings = 285, bot id = 8802005800)
ERROR:aiogram.dispatcher:Failed to fetch updates - TelegramConflictError: Telegram server says - Conflict: terminated by other getUpdates request; make sure that only one bot instance is running
WARNING:aiogram.dispatcher:Sleep for 5.235526 seconds and try again... (tryings = 286, bot id = 8802005800)
ERROR:aiogram.dispatcher:Failed to fetch updates - TelegramConflictError: Telegram server says - Conflict: terminated by other getUpdates request; make sure that only one bot instance is running
WARNING:aiogram.dispatcher:Sleep for 5.004304 seconds and try again... (tryings = 287, bot id = 8802005800)
ERROR:aiogram.dispatcher:Failed to fetch updates - TelegramConflictError: Telegram server says - Conflict: terminated by other getUpdates request; make sure that only one bot instance is running
WARNING:aiogram.dispatcher:Sleep for 4.965624 seconds and try again... (tryings = 288, bot id = 8802005800)
ERROR:aiogram.dispatcher:Failed to fetch updates - TelegramConflictError: Telegram server says - Conflict: terminated by other getUpdates request; make sure that only one bot instance is running
WARNING:aiogram.dispatcher:Sleep for 4.851884 seconds and try again... (tryings = 289, bot id = 8802005800)
ERROR:aiogram.dispatcher:Failed to fetch updates - TelegramConflictError: Telegram server says - Conflict: terminated by other getUpdates request; make sure that only one bot instance is running
WARNING:aiogram.dispatcher:Sleep for 5.055799 seconds and try again... (tryings = 290, bot id = 8802005800)
ERROR:aiogram.dispatcher:Failed to fetch updates - TelegramConflictError: Telegram server says - Conflict: terminated by other getUpdates request; make sure that only one bot instance is running
WARNING:aiogram.dispatcher:Sleep for 5.146036 seconds and try again... (tryings = 291, bot id = 8802005800)
ERROR:aiogram.dispatcher:Failed to fetch updates - TelegramConflictError: Telegram server says - Conflict: terminated by other getUpdates request; make sure that only one bot instance is running
WARNING:aiogram.dispatcher:Sleep for 4.945431 seconds and try again... (tryings = 292, bot id = 8802005800)
ERROR:aiogram.dispatcher:Failed to fetch updates - TelegramConflictError: Telegram server says - Conflict: terminated by other getUpdates request; make sure that only one bot instance is running
WARNING:aiogram.dispatcher:Sleep for 4.910414 seconds and try again... (tryings = 293, bot id = 8802005800)
ERROR:aiogram.dispatcher:Failed to fetch updates - TelegramConflictError: Telegram server says - Conflict: terminated by other getUpdates request; make sure that only one bot instance is running
WARNING:aiogram.dispatcher:Sleep for 5.150075 seconds and try again... (tryings = 294, bot id = 8802005800)
ERROR:aiogram.dispatcher:Failed to fetch updates - TelegramConflictError: Telegram server says - Conflict: terminated by other getUpdates request; make sure that only one bot instance is running
WARNING:aiogram.dispatcher:Sleep for 5.067485 seconds and try again... (tryings = 295, bot id = 8802005800)
ERROR:aiogram.dispatcher:Failed to fetch updates - TelegramConflictError: Telegram server says - Conflict: terminated by other getUpdates request; make sure that only one bot instance is running
WARNING:aiogram.dispatcher:Sleep for 5.013913 seconds and try again... (tryings = 296, bot id = 8802005800)
ERROR:aiogram.dispatcher:Failed to fetch updates - TelegramConflictError: Telegram server says - Conflict: terminated by other getUpdates request; make sure that only one bot instance is running
WARNING:aiogram.dispatcher:Sleep for 4.890342 seconds and try again... (tryings = 297, bot id = 8802005800)
ERROR:aiogram.dispatcher:Failed to fetch updates - TelegramConflictError: Telegram server says - Conflict: terminated by other getUpdates request; make sure that only one bot instance is running
WARNING:aiogram.dispatcher:Sleep for 5.034904 seconds and try again... (tryings = 298, bot id = 8802005800)
ERROR:aiogram.dispatcher:Failed to fetch updates - TelegramConflictError: Telegram server says - Conflict: terminated by other getUpdates request; make sure that only one bot instance is running
WARNING:aiogram.dispatcher:Sleep for 4.953007 seconds and try again... (tryings = 299, bot id = 8802005800)
ERROR:aiogram.dispatcher:Failed to fetch updates - TelegramConflictError: Telegram server says - Conflict: terminated by other getUpdates request; make sure that only one bot instance is running
WARNING:aiogram.dispatcher:Sleep for 5.015109 seconds and try again... (tryings = 300, bot id = 8802005800)
ERROR:aiogram.dispatcher:Failed to fetch updates - TelegramConflictError: Telegram server says - Conflict: terminated by other getUpdates request; make sure that only one bot instance is running
WARNING:aiogram.dispatcher:Sleep for 5.143464 seconds and try again... (tryings = 301, bot id = 8802005800)
ERROR:aiogram.dispatcher:Failed to fetch updates - TelegramConflictError: Telegram server says - Conflict: terminated by other getUpdates request; make sure that only one bot instance is running
WARNING:aiogram.dispatcher:Sleep for 5.037798 seconds and try again... (tryings = 302, bot id = 8802005800)
ERROR:aiogram.dispatcher:Failed to fetch updates - TelegramConflictError: Telegram server says - Conflict: terminated by other getUpdates request; make sure that only one bot instance is running
WARNING:aiogram.dispatcher:Sleep for 5.004185 seconds and try again... (tryings = 303, bot id = 8802005800)
ERROR:aiogram.dispatcher:Failed to fetch updates - TelegramConflictError: Telegram server says - Conflict: terminated by other getUpdates request; make sure that only one bot instance is running
WARNING:aiogram.dispatcher:Sleep for 5.001335 seconds and try again... (tryings = 304, bot id = 8802005800)
ERROR:aiogram.dispatcher:Failed to fetch updates - TelegramConflictError: Telegram server says - Conflict: terminated by other getUpdates request; make sure that only one bot instance is running
WARNING:aiogram.dispatcher:Sleep for 5.012249 seconds and try again... (tryings = 305, bot id = 8802005800)
ERROR:aiogram.dispatcher:Failed to fetch updates - TelegramConflictError: Telegram server says - Conflict: terminated by other getUpdates request; make sure that only one bot instance is running
WARNING:aiogram.dispatcher:Sleep for 4.897459 seconds and try again... (tryings = 306, bot id = 8802005800)
ERROR:aiogram.dispatcher:Failed to fetch updates - TelegramConflictError: Telegram server says - Conflict: terminated by other getUpdates request; make sure that only one bot instance is running
WARNING:aiogram.dispatcher:Sleep for 4.992020 seconds and try again... (tryings = 307, bot id = 8802005800)
ERROR:aiogram.dispatcher:Failed to fetch updates - TelegramConflictError: Telegram server says - Conflict: terminated by other getUpdates request; make sure that only one bot instance is running
WARNING:aiogram.dispatcher:Sleep for 4.931605 seconds and try again... (tryings = 308, bot id = 8802005800)
ERROR:aiogram.dispatcher:Failed to fetch updates - TelegramConflictError: Telegram server says - Conflict: terminated by other getUpdates request; make sure that only one bot instance is running
WARNING:aiogram.dispatcher:Sleep for 5.002743 seconds and try again... (tryings = 309, bot id = 8802005800)
ERROR:aiogram.dispatcher:Failed to fetch updates - TelegramConflictError: Telegram server says - Conflict: terminated by other getUpdates request; make sure that only one bot instance is running
WARNING:aiogram.dispatcher:Sleep for 5.089234 seconds and try again... (tryings = 310, bot id = 8802005800)
ERROR:aiogram.dispatcher:Failed to fetch updates - TelegramConflictError: Telegram server says - Conflict: terminated by other getUpdates request; make sure that only one bot instance is running
WARNING:aiogram.dispatcher:Sleep for 4.935812 seconds and try again... (tryings = 311, bot id = 8802005800)
ERROR:aiogram.dispatcher:Failed to fetch updates - TelegramConflictError: Telegram server says - Conflict: terminated by other getUpdates request; make sure that only one bot instance is running
WARNING:aiogram.dispatcher:Sleep for 4.918337 seconds and try again... (tryings = 312, bot id = 8802005800)
ERROR:aiogram.dispatcher:Failed to fetch updates - TelegramConflictError: Telegram server says - Conflict: terminated by other getUpdates request; make sure that only one bot instance is running
WARNING:aiogram.dispatcher:Sleep for 4.957231 seconds and try again... (tryings = 313, bot id = 8802005800)
ERROR:aiogram.dispatcher:Failed to fetch updates - TelegramConflictError: Telegram server says - Conflict: terminated by other getUpdates request; make sure that only one bot instance is running
WARNING:aiogram.dispatcher:Sleep for 4.953190 seconds and try again... (tryings = 314, bot id = 8802005800)
ERROR:aiogram.dispatcher:Failed to fetch updates - TelegramConflictError: Telegram server says - Conflict: terminated by other getUpdates request; make sure that only one bot instance is running
WARNING:aiogram.dispatcher:Sleep for 5.078022 seconds and try again... (tryings = 315, bot id = 8802005800)
ERROR:aiogram.dispatcher:Failed to fetch updates - TelegramConflictError: Telegram server says - Conflict: terminated by other getUpdates request; make sure that only one bot instance is running
WARNING:aiogram.dispatcher:Sleep for 4.948293 seconds and try again... (tryings = 316, bot id = 8802005800)
ERROR:aiogram.dispatcher:Failed to fetch updates - TelegramConflictError: Telegram server says - Conflict: terminated by other getUpdates request; make sure that only one bot instance is running
WARNING:aiogram.dispatcher:Sleep for 5.052820 seconds and try again... (tryings = 317, bot id = 8802005800)
ERROR:aiogram.dispatcher:Failed to fetch updates - TelegramConflictError: Telegram server says - Conflict: terminated by other getUpdates request; make sure that only one bot instance is running
WARNING:aiogram.dispatcher:Sleep for 5.073284 seconds and try again... (tryings = 318, bot id = 8802005800)
ERROR:aiogram.dispatcher:Failed to fetch updates - TelegramConflictError: Telegram server says - Conflict: terminated by other getUpdates request; make sure that only one bot instance is running
WARNING:aiogram.dispatcher:Sleep for 4.978719 seconds and try again... (tryings = 319, bot id = 8802005800)
ERROR:aiogram.dispatcher:Failed to fetch updates - TelegramConflictError: Telegram server says - Conflict: terminated by other getUpdates request; make sure that only one bot instance is running
WARNING:aiogram.dispatcher:Sleep for 5.109372 seconds and try again... (tryings = 320, bot id = 8802005800)
ERROR:aiogram.dispatcher:Failed to fetch updates - TelegramConflictError: Telegram server says - Conflict: terminated by other getUpdates request; make sure that only one bot instance is running
WARNING:aiogram.dispatcher:Sleep for 4.862025 seconds and try again... (tryings = 321, bot id = 8802005800)
ERROR:aiogram.dispatcher:Failed to fetch updates - TelegramConflictError: Telegram server says - Conflict: terminated by other getUpdates request; make sure that only one bot instance is running
WARNING:aiogram.dispatcher:Sleep for 5.218232 seconds and try again... (tryings = 322, bot id = 8802005800)
ERROR:aiogram.dispatcher:Failed to fetch updates - TelegramConflictError: Telegram server says - Conflict: terminated by other getUpdates request; make sure that only one bot instance is running
WARNING:aiogram.dispatcher:Sleep for 5.039504 seconds and try again... (tryings = 323, bot id = 8802005800)
ERROR:aiogram.dispatcher:Failed to fetch updates - TelegramConflictError: Telegram server says - Conflict: terminated by other getUpdates request; make sure that only one bot instance is running
WARNING:aiogram.dispatcher:Sleep for 4.993402 seconds and try again... (tryings = 324, bot id = 8802005800)
ERROR:aiogram.dispatcher:Failed to fetch updates - TelegramConflictError: Telegram server says - Conflict: terminated by other getUpdates request; make sure that only one bot instance is running
WARNING:aiogram.dispatcher:Sleep for 4.807558 seconds and try again... (tryings = 325, bot id = 8802005800)
ERROR:aiogram.dispatcher:Failed to fetch updates - TelegramConflictError: Telegram server says - Conflict: terminated by other getUpdates request; make sure that only one bot instance is running
WARNING:aiogram.dispatcher:Sleep for 5.031383 seconds and try again... (tryings = 326, bot id = 8802005800)
ERROR:aiogram.dispatcher:Failed to fetch updates - TelegramConflictError: Telegram server says - Conflict: terminated by other getUpdates request; make sure that only one bot instance is running
WARNING:aiogram.dispatcher:Sleep for 4.899928 seconds and try again... (tryings = 327, bot id = 8802005800)
ERROR:aiogram.dispatcher:Failed to fetch updates - TelegramConflictError: Telegram server says - Conflict: terminated by other getUpdates request; make sure that only one bot instance is running
WARNING:aiogram.dispatcher:Sleep for 5.082609 seconds and try again... (tryings = 328, bot id = 8802005800)
ERROR:aiogram.dispatcher:Failed to fetch updates - TelegramConflictError: Telegram server says - Conflict: terminated by other getUpdates request; make sure that only one bot instance is running
WARNING:aiogram.dispatcher:Sleep for 4.933972 seconds and try again... (tryings = 329, bot id = 8802005800)
ERROR:aiogram.dispatcher:Failed to fetch updates - TelegramConflictError: Telegram server says - Conflict: terminated by other getUpdates request; make sure that only one bot instance is running
WARNING:aiogram.dispatcher:Sleep for 4.927116 seconds and try again... (tryings = 330, bot id = 8802005800)
ERROR:aiogram.dispatcher:Failed to fetch updates - TelegramConflictError: Telegram server says - Conflict: terminated by other getUpdates request; make sure that only one bot instance is running
WARNING:aiogram.dispatcher:Sleep for 4.861815 seconds and try again... (tryings = 331, bot id = 8802005800)
ERROR:aiogram.dispatcher:Failed to fetch updates - TelegramConflictError: Telegram server says - Conflict: terminated by other getUpdates request; make sure that only one bot instance is running
WARNING:aiogram.dispatcher:Sleep for 4.830146 seconds and try again... (tryings = 332, bot id = 8802005800)
ERROR:aiogram.dispatcher:Failed to fetch updates - TelegramConflictError: Telegram server says - Conflict: terminated by other getUpdates request; make sure that only one bot instance is running
WARNING:aiogram.dispatcher:Sleep for 5.010269 seconds and try again... (tryings = 333, bot id = 8802005800)
ERROR:aiogram.dispatcher:Failed to fetch updates - TelegramConflictError: Telegram server says - Conflict: terminated by other getUpdates request; make sure that only one bot instance is running
WARNING:aiogram.dispatcher:Sleep for 4.896532 seconds and try again... (tryings = 334, bot id = 8802005800)
ERROR:aiogram.dispatcher:Failed to fetch updates - TelegramConflictError: Telegram server says - Conflict: terminated by other getUpdates request; make sure that only one bot instance is running
WARNING:aiogram.dispatcher:Sleep for 4.956247 seconds and try again... (tryings = 335, bot id = 8802005800)
ERROR:aiogram.dispatcher:Failed to fetch updates - TelegramConflictError: Telegram server says - Conflict: terminated by other getUpdates request; make sure that only one bot instance is running
WARNING:aiogram.dispatcher:Sleep for 5.091676 seconds and try again... (tryings = 336, bot id = 8802005800)
ERROR:aiogram.dispatcher:Failed to fetch updates - TelegramConflictError: Telegram server says - Conflict: terminated by other getUpdates request; make sure that only one bot instance is running
WARNING:aiogram.dispatcher:Sleep for 4.973126 seconds and try again... (tryings = 337, bot id = 8802005800)
ERROR:aiogram.dispatcher:Failed to fetch updates - TelegramConflictError: Telegram server says - Conflict: terminated by other getUpdates request; make sure that only one bot instance is running
WARNING:aiogram.dispatcher:Sleep for 5.181677 seconds and try again... (tryings = 338, bot id = 8802005800)
ERROR:aiogram.dispatcher:Failed to fetch updates - TelegramConflictError: Telegram server says - Conflict: terminated by other getUpdates request; make sure that only one bot instance is running
WARNING:aiogram.dispatcher:Sleep for 4.980502 seconds and try again... (tryings = 339, bot id = 8802005800)
ERROR:aiogram.dispatcher:Failed to fetch updates - TelegramConflictError: Telegram server says - Conflict: terminated by other getUpdates request; make sure that only one bot instance is running
WARNING:aiogram.dispatcher:Sleep for 4.968379 seconds and try again... (tryings = 340, bot id = 8802005800)
ERROR:aiogram.dispatcher:Failed to fetch updates - TelegramConflictError: Telegram server says - Conflict: terminated by other getUpdates request; make sure that only one bot instance is running
WARNING:aiogram.dispatcher:Sleep for 4.894574 seconds and try again... (tryings = 341, bot id = 8802005800)
ERROR:aiogram.dispatcher:Failed to fetch updates - TelegramConflictError: Telegram server says - Conflict: terminated by other getUpdates request; make sure that only one bot instance is running
WARNING:aiogram.dispatcher:Sleep for 5.037983 seconds and try again... (tryings = 342, bot id = 8802005800)
ERROR:aiogram.dispatcher:Failed to fetch updates - TelegramConflictError: Telegram server says - Conflict: terminated by other getUpdates request; make sure that only one bot instance is running
WARNING:aiogram.dispatcher:Sleep for 4.934681 seconds and try again... (tryings = 343, bot id = 8802005800)
ERROR:aiogram.dispatcher:Failed to fetch updates - TelegramConflictError: Telegram server says - Conflict: terminated by other getUpdates request; make sure that only one bot instance is running
WARNING:aiogram.dispatcher:Sleep for 4.944116 seconds and try again... (tryings = 344, bot id = 8802005800)
ERROR:aiogram.dispatcher:Failed to fetch updates - TelegramConflictError: Telegram server says - Conflict: terminated by other getUpdates request; make sure that only one bot instance is running
WARNING:aiogram.dispatcher:Sleep for 5.055922 seconds and try again... (tryings = 345, bot id = 8802005800)
ERROR:aiogram.dispatcher:Failed to fetch updates - TelegramConflictError: Telegram server says - Conflict: terminated by other getUpdates request; make sure that only one bot instance is running
WARNING:aiogram.dispatcher:Sleep for 4.945481 seconds and try again... (tryings = 346, bot id = 8802005800)
ERROR:aiogram.dispatcher:Failed to fetch updates - TelegramConflictError: Telegram server says - Conflict: terminated by other getUpdates request; make sure that only one bot instance is running
WARNING:aiogram.dispatcher:Sleep for 4.941861 seconds and try again... (tryings = 347, bot id = 8802005800)
ERROR:aiogram.dispatcher:Failed to fetch updates - TelegramConflictError: Telegram server says - Conflict: terminated by other getUpdates request; make sure that only one bot instance is running
WARNING:aiogram.dispatcher:Sleep for 4.956990 seconds and try again... (tryings = 348, bot id = 8802005800)
ERROR:aiogram.dispatcher:Failed to fetch updates - TelegramConflictError: Telegram server says - Conflict: terminated by other getUpdates request; make sure that only one bot instance is running
WARNING:aiogram.dispatcher:Sleep for 5.171020 seconds and try again... (tryings = 349, bot id = 8802005800)
ERROR:aiogram.dispatcher:Failed to fetch updates - TelegramConflictError: Telegram server says - Conflict: terminated by other getUpdates request; make sure that only one bot instance is running
WARNING:aiogram.dispatcher:Sleep for 5.072967 seconds and try again... (tryings = 350, bot id = 8802005800)
ERROR:aiogram.dispatcher:Failed to fetch updates - TelegramConflictError: Telegram server says - Conflict: terminated by other getUpdates request; make sure that only one bot instance is running
WARNING:aiogram.dispatcher:Sleep for 5.021955 seconds and try again... (tryings = 351, bot id = 8802005800)
ERROR:aiogram.dispatcher:Failed to fetch updates - TelegramConflictError: Telegram server says - Conflict: terminated by other getUpdates request; make sure that only one bot instance is running
WARNING:aiogram.dispatcher:Sleep for 4.938950 seconds and try again... (tryings = 352, bot id = 8802005800)
ERROR:aiogram.dispatcher:Failed to fetch updates - TelegramConflictError: Telegram server says - Conflict: terminated by other getUpdates request; make sure that only one bot instance is running
WARNING:aiogram.dispatcher:Sleep for 5.138315 seconds and try again... (tryings = 353, bot id = 8802005800)
ERROR:aiogram.dispatcher:Failed to fetch updates - TelegramConflictError: Telegram server says - Conflict: terminated by other getUpdates request; make sure that only one bot instance is running
WARNING:aiogram.dispatcher:Sleep for 4.964154 seconds and try again... (tryings = 354, bot id = 8802005800)
ERROR:aiogram.dispatcher:Failed to fetch updates - TelegramConflictError: Telegram server says - Conflict: terminated by other getUpdates request; make sure that only one bot instance is running
WARNING:aiogram.dispatcher:Sleep for 5.108565 seconds and try again... (tryings = 355, bot id = 8802005800)
ERROR:aiogram.dispatcher:Failed to fetch updates - TelegramConflictError: Telegram server says - Conflict: terminated by other getUpdates request; make sure that only one bot instance is running
WARNING:aiogram.dispatcher:Sleep for 5.115024 seconds and try again... (tryings = 356, bot id = 8802005800)
ERROR:aiogram.dispatcher:Failed to fetch updates - TelegramConflictError: Telegram server says - Conflict: terminated by other getUpdates request; make sure that only one bot instance is running
WARNING:aiogram.dispatcher:Sleep for 5.009336 seconds and try again... (tryings = 357, bot id = 8802005800)
ERROR:aiogram.dispatcher:Failed to fetch updates - TelegramConflictError: Telegram server says - Conflict: terminated by other getUpdates request; make sure that only one bot instance is running
WARNING:aiogram.dispatcher:Sleep for 5.126652 seconds and try again... (tryings = 358, bot id = 8802005800)
ERROR:aiogram.dispatcher:Failed to fetch updates - TelegramConflictError: Telegram server says - Conflict: terminated by other getUpdates request; make sure that only one bot instance is running
WARNING:aiogram.dispatcher:Sleep for 5.090209 seconds and try again... (tryings = 359, bot id = 8802005800)
ERROR:aiogram.dispatcher:Failed to fetch updates - TelegramConflictError: Telegram server says - Conflict: terminated by other getUpdates request; make sure that only one bot instance is running
WARNING:aiogram.dispatcher:Sleep for 4.947394 seconds and try again... (tryings = 360, bot id = 8802005800)
ERROR:aiogram.dispatcher:Failed to fetch updates - TelegramConflictError: Telegram server says - Conflict: terminated by other getUpdates request; make sure that only one bot instance is running
WARNING:aiogram.dispatcher:Sleep for 4.997139 seconds and try again... (tryings = 361, bot id = 8802005800)
ERROR:aiogram.dispatcher:Failed to fetch updates - TelegramConflictError: Telegram server says - Conflict: terminated by other getUpdates request; make sure that only one bot instance is running
WARNING:aiogram.dispatcher:Sleep for 5.072816 seconds and try again... (tryings = 362, bot id = 8802005800)
ERROR:aiogram.dispatcher:Failed to fetch updates - TelegramConflictError: Telegram server says - Conflict: terminated by other getUpdates request; make sure that only one bot instance is running
WARNING:aiogram.dispatcher:Sleep for 4.949392 seconds and try again... (tryings = 363, bot id = 8802005800)
ERROR:aiogram.dispatcher:Failed to fetch updates - TelegramConflictError: Telegram server says - Conflict: terminated by other getUpdates request; make sure that only one bot instance is running
WARNING:aiogram.dispatcher:Sleep for 4.966989 seconds and try again... (tryings = 364, bot id = 8802005800)
ERROR:aiogram.dispatcher:Failed to fetch updates - TelegramConflictError: Telegram server says - Conflict: terminated by other getUpdates request; make sure that only one bot instance is running
WARNING:aiogram.dispatcher:Sleep for 5.069093 seconds and try again... (tryings = 365, bot id = 8802005800)
ERROR:aiogram.dispatcher:Failed to fetch updates - TelegramConflictError: Telegram server says - Conflict: terminated by other getUpdates request; make sure that only one bot instance is running
WARNING:aiogram.dispatcher:Sleep for 5.029289 seconds and try again... (tryings = 366, bot id = 8802005800)
ERROR:aiogram.dispatcher:Failed to fetch updates - TelegramConflictError: Telegram server says - Conflict: terminated by other getUpdates request; make sure that only one bot instance is running
WARNING:aiogram.dispatcher:Sleep for 4.948424 seconds and try again... (tryings = 367, bot id = 8802005800)
ERROR:aiogram.dispatcher:Failed to fetch updates - TelegramConflictError: Telegram server says - Conflict: terminated by other getUpdates request; make sure that only one bot instance is running
WARNING:aiogram.dispatcher:Sleep for 4.968248 seconds and try again... (tryings = 368, bot id = 8802005800)
ERROR:aiogram.dispatcher:Failed to fetch updates - TelegramConflictError: Telegram server says - Conflict: terminated by other getUpdates request; make sure that only one bot instance is running
WARNING:aiogram.dispatcher:Sleep for 5.071349 seconds and try again... (tryings = 369, bot id = 8802005800)
ERROR:aiogram.dispatcher:Failed to fetch updates - TelegramConflictError: Telegram server says - Conflict: terminated by other getUpdates request; make sure that only one bot instance is running
WARNING:aiogram.dispatcher:Sleep for 5.330729 seconds and try again... (tryings = 370, bot id = 8802005800)
ERROR:aiogram.dispatcher:Failed to fetch updates - TelegramConflictError: Telegram server says - Conflict: terminated by other getUpdates request; make sure that only one bot instance is running
WARNING:aiogram.dispatcher:Sleep for 4.878004 seconds and try again... (tryings = 371, bot id = 8802005800)
ERROR:aiogram.dispatcher:Failed to fetch updates - TelegramConflictError: Telegram server says - Conflict: terminated by other getUpdates request; make sure that only one bot instance is running
WARNING:aiogram.dispatcher:Sleep for 5.087748 seconds and try again... (tryings = 372, bot id = 8802005800)
ERROR:aiogram.dispatcher:Failed to fetch updates - TelegramConflictError: Telegram server says - Conflict: terminated by other getUpdates request; make sure that only one bot instance is running
WARNING:aiogram.dispatcher:Sleep for 5.136397 seconds and try again... (tryings = 373, bot id = 8802005800)
ERROR:aiogram.dispatcher:Failed to fetch updates - TelegramConflictError: Telegram server says - Conflict: terminated by other getUpdates request; make sure that only one bot instance is running
WARNING:aiogram.dispatcher:Sleep for 4.960036 seconds and try again... (tryings = 374, bot id = 8802005800)
ERROR:aiogram.dispatcher:Failed to fetch updates - TelegramConflictError: Telegram server says - Conflict: terminated by other getUpdates request; make sure that only one bot instance is running
WARNING:aiogram.dispatcher:Sleep for 4.957309 seconds and try again... (tryings = 375, bot id = 8802005800)
ERROR:aiogram.dispatcher:Failed to fetch updates - TelegramConflictError: Telegram server says - Conflict: terminated by other getUpdates request; make sure that only one bot instance is running
WARNING:aiogram.dispatcher:Sleep for 5.012604 seconds and try again... (tryings = 376, bot id = 8802005800)
ERROR:aiogram.dispatcher:Failed to fetch updates - TelegramConflictError: Telegram server says - Conflict: terminated by other getUpdates request; make sure that only one bot instance is running
WARNING:aiogram.dispatcher:Sleep for 5.070922 seconds and try again... (tryings = 377, bot id = 8802005800)
ERROR:aiogram.dispatcher:Failed to fetch updates - TelegramConflictError: Telegram server says - Conflict: terminated by other getUpdates request; make sure that only one bot instance is running
WARNING:aiogram.dispatcher:Sleep for 5.083192 seconds and try again... (tryings = 378, bot id = 8802005800)
ERROR:aiogram.dispatcher:Failed to fetch updates - TelegramConflictError: Telegram server says - Conflict: terminated by other getUpdates request; make sure that only one bot instance is running
WARNING:aiogram.dispatcher:Sleep for 5.159597 seconds and try again... (tryings = 379, bot id = 8802005800)
ERROR:aiogram.dispatcher:Failed to fetch updates - TelegramConflictError: Telegram server says - Conflict: terminated by other getUpdates request; make sure that only one bot instance is running
WARNING:aiogram.dispatcher:Sleep for 5.088903 seconds and try again... (tryings = 380, bot id = 8802005800)
ERROR:aiogram.dispatcher:Failed to fetch updates - TelegramConflictError: Telegram server says - Conflict: terminated by other getUpdates request; make sure that only one bot instance is running
WARNING:aiogram.dispatcher:Sleep for 5.006874 seconds and try again... (tryings = 381, bot id = 8802005800)
ERROR:aiogram.dispatcher:Failed to fetch updates - TelegramConflictError: Telegram server says - Conflict: terminated by other getUpdates request; make sure that only one bot instance is running
WARNING:aiogram.dispatcher:Sleep for 5.041692 seconds and try again... (tryings = 382, bot id = 8802005800)
ERROR:aiogram.dispatcher:Failed to fetch updates - TelegramConflictError: Telegram server says - Conflict: terminated by other getUpdates request; make sure that only one bot instance is running
WARNING:aiogram.dispatcher:Sleep for 4.935571 seconds and try again... (tryings = 383, bot id = 8802005800)
ERROR:aiogram.dispatcher:Failed to fetch updates - TelegramConflictError: Telegram server says - Conflict: terminated by other getUpdates request; make sure that only one bot instance is running
WARNING:aiogram.dispatcher:Sleep for 4.978656 seconds and try again... (tryings = 384, bot id = 8802005800)
ERROR:aiogram.dispatcher:Failed to fetch updates - TelegramConflictError: Telegram server says - Conflict: terminated by other getUpdates request; make sure that only one bot instance is running
WARNING:aiogram.dispatcher:Sleep for 4.894679 seconds and try again... (tryings = 385, bot id = 8802005800)
ERROR:aiogram.dispatcher:Failed to fetch updates - TelegramConflictError: Telegram server says - Conflict: terminated by other getUpdates request; make sure that only one bot instance is running
WARNING:aiogram.dispatcher:Sleep for 4.907216 seconds and try again... (tryings = 386, bot id = 8802005800)
ERROR:aiogram.dispatcher:Failed to fetch updates - TelegramConflictError: Telegram server says - Conflict: terminated by other getUpdates request; make sure that only one bot instance is running
WARNING:aiogram.dispatcher:Sleep for 5.100436 seconds and try again... (tryings = 387, bot id = 8802005800)
ERROR:aiogram.dispatcher:Failed to fetch updates - TelegramConflictError: Telegram server says - Conflict: terminated by other getUpdates request; make sure that only one bot instance is running
WARNING:aiogram.dispatcher:Sleep for 4.966302 seconds and try again... (tryings = 388, bot id = 8802005800)
ERROR:aiogram.dispatcher:Failed to fetch updates - TelegramConflictError: Telegram server says - Conflict: terminated by other getUpdates request; make sure that only one bot instance is running
WARNING:aiogram.dispatcher:Sleep for 4.995912 seconds and try again... (tryings = 389, bot id = 8802005800)
ERROR:aiogram.dispatcher:Failed to fetch updates - TelegramConflictError: Telegram server says - Conflict: terminated by other getUpdates request; make sure that only one bot instance is running
WARNING:aiogram.dispatcher:Sleep for 4.991293 seconds and try again... (tryings = 390, bot id = 8802005800)
ERROR:aiogram.dispatcher:Failed to fetch updates - TelegramConflictError: Telegram server says - Conflict: terminated by other getUpdates request; make sure that only one bot instance is running
WARNING:aiogram.dispatcher:Sleep for 4.929968 seconds and try again... (tryings = 391, bot id = 8802005800)
ERROR:aiogram.dispatcher:Failed to fetch updates - TelegramConflictError: Telegram server says - Conflict: terminated by other getUpdates request; make sure that only one bot instance is running
WARNING:aiogram.dispatcher:Sleep for 4.958243 seconds and try again... (tryings = 392, bot id = 8802005800)
ERROR:aiogram.dispatcher:Failed to fetch updates - TelegramConflictError: Telegram server says - Conflict: terminated by other getUpdates request; make sure that only one bot instance is running
WARNING:aiogram.dispatcher:Sleep for 5.171237 seconds and try again... (tryings = 393, bot id = 8802005800)
ERROR:aiogram.dispatcher:Failed to fetch updates - TelegramConflictError: Telegram server says - Conflict: terminated by other getUpdates request; make sure that only one bot instance is running
WARNING:aiogram.dispatcher:Sleep for 4.965260 seconds and try again... (tryings = 394, bot id = 8802005800)
ERROR:aiogram.dispatcher:Failed to fetch updates - TelegramConflictError: Telegram server says - Conflict: terminated by other getUpdates request; make sure that only one bot instance is running
WARNING:aiogram.dispatcher:Sleep for 4.966915 seconds and try again... (tryings = 395, bot id = 8802005800)
ERROR:aiogram.dispatcher:Failed to fetch updates - TelegramConflictError: Telegram server says - Conflict: terminated by other getUpdates request; make sure that only one bot instance is running
WARNING:aiogram.dispatcher:Sleep for 5.068082 seconds and try again... (tryings = 396, bot id = 8802005800)
ERROR:aiogram.dispatcher:Failed to fetch updates - TelegramConflictError: Telegram server says - Conflict: terminated by other getUpdates request; make sure that only one bot instance is running
WARNING:aiogram.dispatcher:Sleep for 5.014378 seconds and try again... (tryings = 397, bot id = 8802005800)
ERROR:aiogram.dispatcher:Failed to fetch updates - TelegramConflictError: Telegram server says - Conflict: terminated by other getUpdates request; make sure that only one bot instance is running
WARNING:aiogram.dispatcher:Sleep for 5.018922 seconds and try again... (tryings = 398, bot id = 8802005800)
ERROR:aiogram.dispatcher:Failed to fetch updates - TelegramConflictError: Telegram server says - Conflict: terminated by other getUpdates request; make sure that only one bot instance is running
WARNING:aiogram.dispatcher:Sleep for 5.055636 seconds and try again... (tryings = 399, bot id = 8802005800)
ERROR:aiogram.dispatcher:Failed to fetch updates - TelegramConflictError: Telegram server says - Conflict: terminated by other getUpdates request; make sure that only one bot instance is running
WARNING:aiogram.dispatcher:Sleep for 4.996886 seconds and try again... (tryings = 400, bot id = 8802005800)
ERROR:aiogram.dispatcher:Failed to fetch updates - TelegramConflictError: Telegram server says - Conflict: terminated by other getUpdates request; make sure that only one bot instance is running
WARNING:aiogram.dispatcher:Sleep for 4.843727 seconds and try again... (tryings = 401, bot id = 8802005800)
ERROR:aiogram.dispatcher:Failed to fetch updates - TelegramConflictError: Telegram server says - Conflict: terminated by other getUpdates request; make sure that only one bot instance is running
WARNING:aiogram.dispatcher:Sleep for 5.033002 seconds and try again... (tryings = 402, bot id = 8802005800)
ERROR:aiogram.dispatcher:Failed to fetch updates - TelegramConflictError: Telegram server says - Conflict: terminated by other getUpdates request; make sure that only one bot instance is running
WARNING:aiogram.dispatcher:Sleep for 5.092076 seconds and try again... (tryings = 403, bot id = 8802005800)
ERROR:aiogram.dispatcher:Failed to fetch updates - TelegramConflictError: Telegram server says - Conflict: terminated by other getUpdates request; make sure that only one bot instance is running
WARNING:aiogram.dispatcher:Sleep for 4.952841 seconds and try again... (tryings = 404, bot id = 8802005800)
ERROR:aiogram.dispatcher:Failed to fetch updates - TelegramConflictError: Telegram server says - Conflict: terminated by other getUpdates request; make sure that only one bot instance is running
WARNING:aiogram.dispatcher:Sleep for 4.928111 seconds and try again... (tryings = 405, bot id = 8802005800)
ERROR:aiogram.dispatcher:Failed to fetch updates - TelegramConflictError: Telegram server says - Conflict: terminated by other getUpdates request; make sure that only one bot instance is running
WARNING:aiogram.dispatcher:Sleep for 5.027549 seconds and try again... (tryings = 406, bot id = 8802005800)
ERROR:aiogram.dispatcher:Failed to fetch updates - TelegramConflictError: Telegram server says - Conflict: terminated by other getUpdates request; make sure that only one bot instance is running
WARNING:aiogram.dispatcher:Sleep for 5.018316 seconds and try again... (tryings = 407, bot id = 8802005800)
ERROR:aiogram.dispatcher:Failed to fetch updates - TelegramConflictError: Telegram server says - Conflict: terminated by other getUpdates request; make sure that only one bot instance is running
WARNING:aiogram.dispatcher:Sleep for 4.784815 seconds and try again... (tryings = 408, bot id = 8802005800)
ERROR:aiogram.dispatcher:Failed to fetch updates - TelegramConflictError: Telegram server says - Conflict: terminated by other getUpdates request; make sure that only one bot instance is running
WARNING:aiogram.dispatcher:Sleep for 4.929622 seconds and try again... (tryings = 409, bot id = 8802005800)
ERROR:aiogram.dispatcher:Failed to fetch updates - TelegramConflictError: Telegram server says - Conflict: terminated by other getUpdates request; make sure that only one bot instance is running
WARNING:aiogram.dispatcher:Sleep for 4.934357 seconds and try again... (tryings = 410, bot id = 8802005800)
ERROR:aiogram.dispatcher:Failed to fetch updates - TelegramConflictError: Telegram server says - Conflict: terminated by other getUpdates request; make sure that only one bot instance is running
WARNING:aiogram.dispatcher:Sleep for 5.091693 seconds and try again... (tryings = 411, bot id = 8802005800)
ERROR:aiogram.dispatcher:Failed to fetch updates - TelegramConflictError: Telegram server says - Conflict: terminated by other getUpdates request; make sure that only one bot instance is running
WARNING:aiogram.dispatcher:Sleep for 5.148302 seconds and try again... (tryings = 412, bot id = 8802005800)
ERROR:aiogram.dispatcher:Failed to fetch updates - TelegramConflictError: Telegram server says - Conflict: terminated by other getUpdates request; make sure that only one bot instance is running
WARNING:aiogram.dispatcher:Sleep for 5.088994 seconds and try again... (tryings = 413, bot id = 8802005800)
ERROR:aiogram.dispatcher:Failed to fetch updates - TelegramConflictError: Telegram server says - Conflict: terminated by other getUpdates request; make sure that only one bot instance is running
WARNING:aiogram.dispatcher:Sleep for 4.935617 seconds and try again... (tryings = 414, bot id = 8802005800)
ERROR:aiogram.dispatcher:Failed to fetch updates - TelegramConflictError: Telegram server says - Conflict: terminated by other getUpdates request; make sure that only one bot instance is running
WARNING:aiogram.dispatcher:Sleep for 4.961490 seconds and try again... (tryings = 415, bot id = 8802005800)
ERROR:aiogram.dispatcher:Failed to fetch updates - TelegramConflictError: Telegram server says - Conflict: terminated by other getUpdates request; make sure that only one bot instance is running
WARNING:aiogram.dispatcher:Sleep for 4.974843 seconds and try again... (tryings = 416, bot id = 8802005800)
ERROR:aiogram.dispatcher:Failed to fetch updates - TelegramConflictError: Telegram server says - Conflict: terminated by other getUpdates request; make sure that only one bot instance is running
WARNING:aiogram.dispatcher:Sleep for 5.065092 seconds and try again... (tryings = 417, bot id = 8802005800)
ERROR:aiogram.dispatcher:Failed to fetch updates - TelegramConflictError: Telegram server says - Conflict: terminated by other getUpdates request; make sure that only one bot instance is running
WARNING:aiogram.dispatcher:Sleep for 4.983612 seconds and try again... (tryings = 418, bot id = 8802005800)
ERROR:aiogram.dispatcher:Failed to fetch updates - TelegramConflictError: Telegram server says - Conflict: terminated by other getUpdates request; make sure that only one bot instance is running
WARNING:aiogram.dispatcher:Sleep for 4.905903 seconds and try again... (tryings = 419, bot id = 8802005800)
ERROR:aiogram.dispatcher:Failed to fetch updates - TelegramConflictError: Telegram server says - Conflict: terminated by other getUpdates request; make sure that only one bot instance is running
WARNING:aiogram.dispatcher:Sleep for 4.963209 seconds and try again... (tryings = 420, bot id = 8802005800)
ERROR:aiogram.dispatcher:Failed to fetch updates - TelegramConflictError: Telegram server says - Conflict: terminated by other getUpdates request; make sure that only one bot instance is running
WARNING:aiogram.dispatcher:Sleep for 4.763314 seconds and try again... (tryings = 421, bot id = 8802005800)
ERROR:aiogram.dispatcher:Failed to fetch updates - TelegramConflictError: Telegram server says - Conflict: terminated by other getUpdates request; make sure that only one bot instance is running
WARNING:aiogram.dispatcher:Sleep for 4.989509 seconds and try again... (tryings = 422, bot id = 8802005800)
ERROR:aiogram.dispatcher:Failed to fetch updates - TelegramConflictError: Telegram server says - Conflict: terminated by other getUpdates request; make sure that only one bot instance is running
WARNING:aiogram.dispatcher:Sleep for 4.976197 seconds and try again... (tryings = 423, bot id = 8802005800)
ERROR:aiogram.dispatcher:Failed to fetch updates - TelegramConflictError: Telegram server says - Conflict: terminated by other getUpdates request; make sure that only one bot instance is running
WARNING:aiogram.dispatcher:Sleep for 4.938699 seconds and try again... (tryings = 424, bot id = 8802005800)
ERROR:aiogram.dispatcher:Failed to fetch updates - TelegramConflictError: Telegram server says - Conflict: terminated by other getUpdates request; make sure that only one bot instance is running
WARNING:aiogram.dispatcher:Sleep for 5.280326 seconds and try again... (tryings = 425, bot id = 8802005800)
ERROR:aiogram.dispatcher:Failed to fetch updates - TelegramConflictError: Telegram server says - Conflict: terminated by other getUpdates request; make sure that only one bot instance is running
WARNING:aiogram.dispatcher:Sleep for 5.123641 seconds and try again... (tryings = 426, bot id = 8802005800)
ERROR:aiogram.dispatcher:Failed to fetch updates - TelegramConflictError: Telegram server says - Conflict: terminated by other getUpdates request; make sure that only one bot instance is running
WARNING:aiogram.dispatcher:Sleep for 4.906471 seconds and try again... (tryings = 427, bot id = 8802005800)
ERROR:aiogram.dispatcher:Failed to fetch updates - TelegramConflictError: Telegram server says - Conflict: terminated by other getUpdates request; make sure that only one bot instance is running
WARNING:aiogram.dispatcher:Sleep for 5.045284 seconds and try again... (tryings = 428, bot id = 8802005800)
ERROR:aiogram.dispatcher:Failed to fetch updates - TelegramConflictError: Telegram server says - Conflict: terminated by other getUpdates request; make sure that only one bot instance is running
WARNING:aiogram.dispatcher:Sleep for 4.994614 seconds and try again... (tryings = 429, bot id = 8802005800)
ERROR:aiogram.dispatcher:Failed to fetch updates - TelegramConflictError: Telegram server says - Conflict: terminated by other getUpdates request; make sure that only one bot instance is running
WARNING:aiogram.dispatcher:Sleep for 5.057692 seconds and try again... (tryings = 430, bot id = 8802005800)
ERROR:aiogram.dispatcher:Failed to fetch updates - TelegramConflictError: Telegram server says - Conflict: terminated by other getUpdates request; make sure that only one bot instance is running
WARNING:aiogram.dispatcher:Sleep for 4.924885 seconds and try again... (tryings = 431, bot id = 8802005800)
ERROR:aiogram.dispatcher:Failed to fetch updates - TelegramConflictError: Telegram server says - Conflict: terminated by other getUpdates request; make sure that only one bot instance is running
WARNING:aiogram.dispatcher:Sleep for 4.980213 seconds and try again... (tryings = 432, bot id = 8802005800)
ERROR:aiogram.dispatcher:Failed to fetch updates - TelegramConflictError: Telegram server says - Conflict: terminated by other getUpdates request; make sure that only one bot instance is running
WARNING:aiogram.dispatcher:Sleep for 5.021686 seconds and try again... (tryings = 433, bot id = 8802005800)
ERROR:aiogram.dispatcher:Failed to fetch updates - TelegramConflictError: Telegram server says - Conflict: terminated by other getUpdates request; make sure that only one bot instance is running
WARNING:aiogram.dispatcher:Sleep for 5.148345 seconds and try again... (tryings = 434, bot id = 8802005800)
ERROR:aiogram.dispatcher:Failed to fetch updates - TelegramConflictError: Telegram server says - Conflict: terminated by other getUpdates request; make sure that only one bot instance is running
WARNING:aiogram.dispatcher:Sleep for 5.207627 seconds and try again... (tryings = 435, bot id = 8802005800)
ERROR:aiogram.dispatcher:Failed to fetch updates - TelegramConflictError: Telegram server says - Conflict: terminated by other getUpdates request; make sure that only one bot instance is running
WARNING:aiogram.dispatcher:Sleep for 4.980292 seconds and try again... (tryings = 436, bot id = 8802005800)
ERROR:aiogram.dispatcher:Failed to fetch updates - TelegramConflictError: Telegram server says - Conflict: terminated by other getUpdates request; make sure that only one bot instance is running
WARNING:aiogram.dispatcher:Sleep for 4.974004 seconds and try again... (tryings = 437, bot id = 8802005800)
ERROR:aiogram.dispatcher:Failed to fetch updates - TelegramConflictError: Telegram server says - Conflict: terminated by other getUpdates request; make sure that only one bot instance is running
WARNING:aiogram.dispatcher:Sleep for 5.173173 seconds and try again... (tryings = 438, bot id = 8802005800)
ERROR:aiogram.dispatcher:Failed to fetch updates - TelegramConflictError: Telegram server says - Conflict: terminated by other getUpdates request; make sure that only one bot instance is running
WARNING:aiogram.dispatcher:Sleep for 5.361233 seconds and try again... (tryings = 439, bot id = 8802005800)
ERROR:aiogram.dispatcher:Failed to fetch updates - TelegramConflictError: Telegram server says - Conflict: terminated by other getUpdates request; make sure that only one bot instance is running
WARNING:aiogram.dispatcher:Sleep for 5.077999 seconds and try again... (tryings = 440, bot id = 8802005800)
ERROR:aiogram.dispatcher:Failed to fetch updates - TelegramConflictError: Telegram server says - Conflict: terminated by other getUpdates request; make sure that only one bot instance is running
WARNING:aiogram.dispatcher:Sleep for 5.100351 seconds and try again... (tryings = 441, bot id = 8802005800)
ERROR:aiogram.dispatcher:Failed to fetch updates - TelegramConflictError: Telegram server says - Conflict: terminated by other getUpdates request; make sure that only one bot instance is running
WARNING:aiogram.dispatcher:Sleep for 4.929259 seconds and try again... (tryings = 442, bot id = 8802005800)
ERROR:aiogram.dispatcher:Failed to fetch updates - TelegramConflictError: Telegram server says - Conflict: terminated by other getUpdates request; make sure that only one bot instance is running
WARNING:aiogram.dispatcher:Sleep for 5.041565 seconds and try again... (tryings = 443, bot id = 8802005800)
ERROR:aiogram.dispatcher:Failed to fetch updates - TelegramConflictError: Telegram server says - Conflict: terminated by other getUpdates request; make sure that only one bot instance is running
WARNING:aiogram.dispatcher:Sleep for 4.970196 seconds and try again... (tryings = 444, bot id = 8802005800)
ERROR:aiogram.dispatcher:Failed to fetch updates - TelegramConflictError: Telegram server says - Conflict: terminated by other getUpdates request; make sure that only one bot instance is running
WARNING:aiogram.dispatcher:Sleep for 4.966681 seconds and try again... (tryings = 445, bot id = 8802005800)
ERROR:aiogram.dispatcher:Failed to fetch updates - TelegramConflictError: Telegram server says - Conflict: terminated by other getUpdates request; make sure that only one bot instance is running
WARNING:aiogram.dispatcher:Sleep for 5.079523 seconds and try again... (tryings = 446, bot id = 8802005800)
ERROR:aiogram.dispatcher:Failed to fetch updates - TelegramConflictError: Telegram server says - Conflict: terminated by other getUpdates request; make sure that only one bot instance is running
WARNING:aiogram.dispatcher:Sleep for 5.028406 seconds and try again... (tryings = 447, bot id = 8802005800)
ERROR:aiogram.dispatcher:Failed to fetch updates - TelegramConflictError: Telegram server says - Conflict: terminated by other getUpdates request; make sure that only one bot instance is running
WARNING:aiogram.dispatcher:Sleep for 4.955594 seconds and try again... (tryings = 448, bot id = 8802005800)
ERROR:aiogram.dispatcher:Failed to fetch updates - TelegramConflictError: Telegram server says - Conflict: terminated by other getUpdates request; make sure that only one bot instance is running
WARNING:aiogram.dispatcher:Sleep for 4.984082 seconds and try again... (tryings = 449, bot id = 8802005800)
ERROR:aiogram.dispatcher:Failed to fetch updates - TelegramConflictError: Telegram server says - Conflict: terminated by other getUpdates request; make sure that only one bot instance is running
WARNING:aiogram.dispatcher:Sleep for 5.067492 seconds and try again... (tryings = 450, bot id = 8802005800)
ERROR:aiogram.dispatcher:Failed to fetch updates - TelegramConflictError: Telegram server says - Conflict: terminated by other getUpdates request; make sure that only one bot instance is running
WARNING:aiogram.dispatcher:Sleep for 4.987399 seconds and try again... (tryings = 451, bot id = 8802005800)
ERROR:aiogram.dispatcher:Failed to fetch updates - TelegramConflictError: Telegram server says - Conflict: terminated by other getUpdates request; make sure that only one bot instance is running
WARNING:aiogram.dispatcher:Sleep for 4.969140 seconds and try again... (tryings = 452, bot id = 8802005800)
ERROR:aiogram.dispatcher:Failed to fetch updates - TelegramConflictError: Telegram server says - Conflict: terminated by other getUpdates request; make sure that only one bot instance is running
WARNING:aiogram.dispatcher:Sleep for 4.914485 seconds and try again... (tryings = 453, bot id = 8802005800)
ERROR:aiogram.dispatcher:Failed to fetch updates - TelegramConflictError: Telegram server says - Conflict: terminated by other getUpdates request; make sure that only one bot instance is running
WARNING:aiogram.dispatcher:Sleep for 5.045389 seconds and try again... (tryings = 454, bot id = 8802005800)
ERROR:aiogram.dispatcher:Failed to fetch updates - TelegramConflictError: Telegram server says - Conflict: terminated by other getUpdates request; make sure that only one bot instance is running
WARNING:aiogram.dispatcher:Sleep for 5.080941 seconds and try again... (tryings = 455, bot id = 8802005800)
ERROR:aiogram.dispatcher:Failed to fetch updates - TelegramConflictError: Telegram server says - Conflict: terminated by other getUpdates request; make sure that only one bot instance is running
WARNING:aiogram.dispatcher:Sleep for 5.019612 seconds and try again... (tryings = 456, bot id = 8802005800)
ERROR:aiogram.dispatcher:Failed to fetch updates - TelegramConflictError: Telegram server says - Conflict: terminated by other getUpdates request; make sure that only one bot instance is running
WARNING:aiogram.dispatcher:Sleep for 5.012866 seconds and try again... (tryings = 457, bot id = 8802005800)
ERROR:aiogram.dispatcher:Failed to fetch updates - TelegramConflictError: Telegram server says - Conflict: terminated by other getUpdates request; make sure that only one bot instance is running
WARNING:aiogram.dispatcher:Sleep for 5.038680 seconds and try again... (tryings = 458, bot id = 8802005800)
ERROR:aiogram.dispatcher:Failed to fetch updates - TelegramConflictError: Telegram server says - Conflict: terminated by other getUpdates request; make sure that only one bot instance is running
WARNING:aiogram.dispatcher:Sleep for 4.984237 seconds and try again... (tryings = 459, bot id = 8802005800)
ERROR:aiogram.dispatcher:Failed to fetch updates - TelegramConflictError: Telegram server says - Conflict: terminated by other getUpdates request; make sure that only one bot instance is running
WARNING:aiogram.dispatcher:Sleep for 5.019408 seconds and try again... (tryings = 460, bot id = 8802005800)
ERROR:aiogram.dispatcher:Failed to fetch updates - TelegramConflictError: Telegram server says - Conflict: terminated by other getUpdates request; make sure that only one bot instance is running
WARNING:aiogram.dispatcher:Sleep for 4.947643 seconds and try again... (tryings = 461, bot id = 8802005800)
ERROR:aiogram.dispatcher:Failed to fetch updates - TelegramConflictError: Telegram server says - Conflict: terminated by other getUpdates request; make sure that only one bot instance is running
WARNING:aiogram.dispatcher:Sleep for 4.993517 seconds and try again... (tryings = 462, bot id = 8802005800)
ERROR:aiogram.dispatcher:Failed to fetch updates - TelegramConflictError: Telegram server says - Conflict: terminated by other getUpdates request; make sure that only one bot instance is running
WARNING:aiogram.dispatcher:Sleep for 4.954337 seconds and try again... (tryings = 463, bot id = 8802005800)
ERROR:aiogram.dispatcher:Failed to fetch updates - TelegramConflictError: Telegram server says - Conflict: terminated by other getUpdates request; make sure that only one bot instance is running
WARNING:aiogram.dispatcher:Sleep for 5.021453 seconds and try again... (tryings = 464, bot id = 8802005800)
ERROR:aiogram.dispatcher:Failed to fetch updates - TelegramConflictError: Telegram server says - Conflict: terminated by other getUpdates request; make sure that only one bot instance is running
WARNING:aiogram.dispatcher:Sleep for 4.979892 seconds and try again... (tryings = 465, bot id = 8802005800)
ERROR:aiogram.dispatcher:Failed to fetch updates - TelegramConflictError: Telegram server says - Conflict: terminated by other getUpdates request; make sure that only one bot instance is running
WARNING:aiogram.dispatcher:Sleep for 5.035391 seconds and try again... (tryings = 466, bot id = 8802005800)
ERROR:aiogram.dispatcher:Failed to fetch updates - TelegramConflictError: Telegram server says - Conflict: terminated by other getUpdates request; make sure that only one bot instance is running
WARNING:aiogram.dispatcher:Sleep for 4.969110 seconds and try again... (tryings = 467, bot id = 8802005800)
ERROR:aiogram.dispatcher:Failed to fetch updates - TelegramConflictError: Telegram server says - Conflict: terminated by other getUpdates request; make sure that only one bot instance is running
WARNING:aiogram.dispatcher:Sleep for 5.239189 seconds and try again... (tryings = 468, bot id = 8802005800)
ERROR:aiogram.dispatcher:Failed to fetch updates - TelegramConflictError: Telegram server says - Conflict: terminated by other getUpdates request; make sure that only one bot instance is running
WARNING:aiogram.dispatcher:Sleep for 5.057365 seconds and try again... (tryings = 469, bot id = 8802005800)
ERROR:aiogram.dispatcher:Failed to fetch updates - TelegramConflictError: Telegram server says - Conflict: terminated by other getUpdates request; make sure that only one bot instance is running
WARNING:aiogram.dispatcher:Sleep for 4.912574 seconds and try again... (tryings = 470, bot id = 8802005800)
ERROR:aiogram.dispatcher:Failed to fetch updates - TelegramConflictError: Telegram server says - Conflict: terminated by other getUpdates request; make sure that only one bot instance is running
WARNING:aiogram.dispatcher:Sleep for 5.210546 seconds and try again... (tryings = 471, bot id = 8802005800)
ERROR:aiogram.dispatcher:Failed to fetch updates - TelegramConflictError: Telegram server says - Conflict: terminated by other getUpdates request; make sure that only one bot instance is running
WARNING:aiogram.dispatcher:Sleep for 4.929395 seconds and try again... (tryings = 472, bot id = 8802005800)
ERROR:aiogram.dispatcher:Failed to fetch updates - TelegramConflictError: Telegram server says - Conflict: terminated by other getUpdates request; make sure that only one bot instance is running
WARNING:aiogram.dispatcher:Sleep for 5.054436 seconds and try again... (tryings = 473, bot id = 8802005800)
ERROR:aiogram.dispatcher:Failed to fetch updates - TelegramConflictError: Telegram server says - Conflict: terminated by other getUpdates request; make sure that only one bot instance is running
WARNING:aiogram.dispatcher:Sleep for 5.233225 seconds and try again... (tryings = 474, bot id = 8802005800)
ERROR:aiogram.dispatcher:Failed to fetch updates - TelegramConflictError: Telegram server says - Conflict: terminated by other getUpdates request; make sure that only one bot instance is running
WARNING:aiogram.dispatcher:Sleep for 4.927095 seconds and try again... (tryings = 475, bot id = 8802005800)
ERROR:aiogram.dispatcher:Failed to fetch updates - TelegramConflictError: Telegram server says - Conflict: terminated by other getUpdates request; make sure that only one bot instance is running
WARNING:aiogram.dispatcher:Sleep for 4.908374 seconds and try again... (tryings = 476, bot id = 8802005800)
ERROR:aiogram.dispatcher:Failed to fetch updates - TelegramConflictError: Telegram server says - Conflict: terminated by other getUpdates request; make sure that only one bot instance is running
WARNING:aiogram.dispatcher:Sleep for 4.976760 seconds and try again... (tryings = 477, bot id = 8802005800)
ERROR:aiogram.dispatcher:Failed to fetch updates - TelegramConflictError: Telegram server says - Conflict: terminated by other getUpdates request; make sure that only one bot instance is running
WARNING:aiogram.dispatcher:Sleep for 5.206082 seconds and try again... (tryings = 478, bot id = 8802005800)
ERROR:aiogram.dispatcher:Failed to fetch updates - TelegramConflictError: Telegram server says - Conflict: terminated by other getUpdates request; make sure that only one bot instance is running
WARNING:aiogram.dispatcher:Sleep for 5.111663 seconds and try again... (tryings = 479, bot id = 8802005800)
ERROR:aiogram.dispatcher:Failed to fetch updates - TelegramConflictError: Telegram server says - Conflict: terminated by other getUpdates request; make sure that only one bot instance is running
WARNING:aiogram.dispatcher:Sleep for 5.213188 seconds and try again... (tryings = 480, bot id = 8802005800)
ERROR:aiogram.dispatcher:Failed to fetch updates - TelegramConflictError: Telegram server says - Conflict: terminated by other getUpdates request; make sure that only one bot instance is running
WARNING:aiogram.dispatcher:Sleep for 5.021495 seconds and try again... (tryings = 481, bot id = 8802005800)
ERROR:aiogram.dispatcher:Failed to fetch updates - TelegramConflictError: Telegram server says - Conflict: terminated by other getUpdates request; make sure that only one bot instance is running
WARNING:aiogram.dispatcher:Sleep for 5.113946 seconds and try again... (tryings = 482, bot id = 8802005800)
ERROR:aiogram.dispatcher:Failed to fetch updates - TelegramConflictError: Telegram server says - Conflict: terminated by other getUpdates request; make sure that only one bot instance is running
WARNING:aiogram.dispatcher:Sleep for 5.066180 seconds and try again... (tryings = 483, bot id = 8802005800)
ERROR:aiogram.dispatcher:Failed to fetch updates - TelegramConflictError: Telegram server says - Conflict: terminated by other getUpdates request; make sure that only one bot instance is running
WARNING:aiogram.dispatcher:Sleep for 4.859271 seconds and try again... (tryings = 484, bot id = 8802005800)
ERROR:aiogram.dispatcher:Failed to fetch updates - TelegramConflictError: Telegram server says - Conflict: terminated by other getUpdates request; make sure that only one bot instance is running
WARNING:aiogram.dispatcher:Sleep for 4.966353 seconds and try again... (tryings = 485, bot id = 8802005800)
ERROR:aiogram.dispatcher:Failed to fetch updates - TelegramConflictError: Telegram server says - Conflict: terminated by other getUpdates request; make sure that only one bot instance is running
WARNING:aiogram.dispatcher:Sleep for 5.091475 seconds and try again... (tryings = 486, bot id = 8802005800)
ERROR:aiogram.dispatcher:Failed to fetch updates - TelegramConflictError: Telegram server says - Conflict: terminated by other getUpdates request; make sure that only one bot instance is running
WARNING:aiogram.dispatcher:Sleep for 4.975567 seconds and try again... (tryings = 487, bot id = 8802005800)
ERROR:aiogram.dispatcher:Failed to fetch updates - TelegramConflictError: Telegram server says - Conflict: terminated by other getUpdates request; make sure that only one bot instance is running
WARNING:aiogram.dispatcher:Sleep for 5.017310 seconds and try again... (tryings = 488, bot id = 8802005800)
ERROR:aiogram.dispatcher:Failed to fetch updates - TelegramConflictError: Telegram server says - Conflict: terminated by other getUpdates request; make sure that only one bot instance is running
WARNING:aiogram.dispatcher:Sleep for 4.904691 seconds and try again... (tryings = 489, bot id = 8802005800)
ERROR:aiogram.dispatcher:Failed to fetch updates - TelegramConflictError: Telegram server says - Conflict: terminated by other getUpdates request; make sure that only one bot instance is running
WARNING:aiogram.dispatcher:Sleep for 4.921808 seconds and try again... (tryings = 490, bot id = 8802005800)
ERROR:aiogram.dispatcher:Failed to fetch updates - TelegramConflictError: Telegram server says - Conflict: terminated by other getUpdates request; make sure that only one bot instance is running
WARNING:aiogram.dispatcher:Sleep for 5.044482 seconds and try again... (tryings = 491, bot id = 8802005800)
ERROR:aiogram.dispatcher:Failed to fetch updates - TelegramConflictError: Telegram server says - Conflict: terminated by other getUpdates request; make sure that only one bot instance is running
WARNING:aiogram.dispatcher:Sleep for 4.909900 seconds and try again... (tryings = 492, bot id = 8802005800)
ERROR:aiogram.dispatcher:Failed to fetch updates - TelegramConflictError: Telegram server says - Conflict: terminated by other getUpdates request; make sure that only one bot instance is running
WARNING:aiogram.dispatcher:Sleep for 4.824702 seconds and try again... (tryings = 493, bot id = 8802005800)
ERROR:aiogram.dispatcher:Failed to fetch updates - TelegramConflictError: Telegram server says - Conflict: terminated by other getUpdates request; make sure that only one bot instance is running
WARNING:aiogram.dispatcher:Sleep for 4.846482 seconds and try again... (tryings = 494, bot id = 8802005800)
ERROR:aiogram.dispatcher:Failed to fetch updates - TelegramConflictError: Telegram server says - Conflict: terminated by other getUpdates request; make sure that only one bot instance is running
WARNING:aiogram.dispatcher:Sleep for 4.977142 seconds and try again... (tryings = 495, bot id = 8802005800)
ERROR:aiogram.dispatcher:Failed to fetch updates - TelegramConflictError: Telegram server says - Conflict: terminated by other getUpdates request; make sure that only one bot instance is running
WARNING:aiogram.dispatcher:Sleep for 4.564764 seconds and try again... (tryings = 496, bot id = 8802005800)
ERROR:aiogram.dispatcher:Failed to fetch updates - TelegramConflictError: Telegram server says - Conflict: terminated by other getUpdates request; make sure that only one bot instance is running
WARNING:aiogram.dispatcher:Sleep for 5.169471 seconds and try again... (tryings = 497, bot id = 8802005800)
ERROR:aiogram.dispatcher:Failed to fetch updates - TelegramConflictError: Telegram server says - Conflict: terminated by other getUpdates request; make sure that only one bot instance is running
WARNING:aiogram.dispatcher:Sleep for 4.995055 seconds and try again... (tryings = 498, bot id = 8802005800)
ERROR:aiogram.dispatcher:Failed to fetch updates - TelegramConflictError: Telegram server says - Conflict: terminated by other getUpdates request; make sure that only one bot instance is running
WARNING:aiogram.dispatcher:Sleep for 4.884765 seconds and try again... (tryings = 499, bot id = 8802005800)
ERROR:aiogram.dispatcher:Failed to fetch updates - TelegramConflictError: Telegram server says - Conflict: terminated by other getUpdates request; make sure that only one bot instance is running
WARNING:aiogram.dispatcher:Sleep for 5.199493 seconds and try again... (tryings = 500, bot id = 8802005800)
ERROR:aiogram.dispatcher:Failed to fetch updates - TelegramConflictError: Telegram server says - Conflict: terminated by other getUpdates request; make sure that only one bot instance is running
WARNING:aiogram.dispatcher:Sleep for 5.093853 seconds and try again... (tryings = 501, bot id = 8802005800)
ERROR:aiogram.dispatcher:Failed to fetch updates - TelegramConflictError: Telegram server says - Conflict: terminated by other getUpdates request; make sure that only one bot instance is running
WARNING:aiogram.dispatcher:Sleep for 5.077015 seconds and try again... (tryings = 502, bot id = 8802005800)
ERROR:aiogram.dispatcher:Failed to fetch updates - TelegramConflictError: Telegram server says - Conflict: terminated by other getUpdates request; make sure that only one bot instance is running
WARNING:aiogram.dispatcher:Sleep for 4.846189 seconds and try again... (tryings = 503, bot id = 8802005800)
ERROR:aiogram.dispatcher:Failed to fetch updates - TelegramConflictError: Telegram server says - Conflict: terminated by other getUpdates request; make sure that only one bot instance is running
WARNING:aiogram.dispatcher:Sleep for 5.183194 seconds and try again... (tryings = 504, bot id = 8802005800)
ERROR:aiogram.dispatcher:Failed to fetch updates - TelegramConflictError: Telegram server says - Conflict: terminated by other getUpdates request; make sure that only one bot instance is running
WARNING:aiogram.dispatcher:Sleep for 5.007548 seconds and try again... (tryings = 505, bot id = 8802005800)
ERROR:aiogram.dispatcher:Failed to fetch updates - TelegramConflictError: Telegram server says - Conflict: terminated by other getUpdates request; make sure that only one bot instance is running
WARNING:aiogram.dispatcher:Sleep for 4.920718 seconds and try again... (tryings = 506, bot id = 8802005800)
ERROR:aiogram.dispatcher:Failed to fetch updates - TelegramConflictError: Telegram server says - Conflict: terminated by other getUpdates request; make sure that only one bot instance is running
WARNING:aiogram.dispatcher:Sleep for 4.849765 seconds and try again... (tryings = 507, bot id = 8802005800)
ERROR:aiogram.dispatcher:Failed to fetch updates - TelegramConflictError: Telegram server says - Conflict: terminated by other getUpdates request; make sure that only one bot instance is running
WARNING:aiogram.dispatcher:Sleep for 5.013384 seconds and try again... (tryings = 508, bot id = 8802005800)
ERROR:aiogram.dispatcher:Failed to fetch updates - TelegramConflictError: Telegram server says - Conflict: terminated by other getUpdates request; make sure that only one bot instance is running
WARNING:aiogram.dispatcher:Sleep for 4.892537 seconds and try again... (tryings = 509, bot id = 8802005800)
ERROR:aiogram.dispatcher:Failed to fetch updates - TelegramConflictError: Telegram server says - Conflict: terminated by other getUpdates request; make sure that only one bot instance is running
WARNING:aiogram.dispatcher:Sleep for 4.916358 seconds and try again... (tryings = 510, bot id = 8802005800)
ERROR:aiogram.dispatcher:Failed to fetch updates - TelegramConflictError: Telegram server says - Conflict: terminated by other getUpdates request; make sure that only one bot instance is running
WARNING:aiogram.dispatcher:Sleep for 4.994547 seconds and try again... (tryings = 511, bot id = 8802005800)
ERROR:aiogram.dispatcher:Failed to fetch updates - TelegramConflictError: Telegram server says - Conflict: terminated by other getUpdates request; make sure that only one bot instance is running
WARNING:aiogram.dispatcher:Sleep for 4.916536 seconds and try again... (tryings = 512, bot id = 8802005800)
ERROR:aiogram.dispatcher:Failed to fetch updates - TelegramConflictError: Telegram server says - Conflict: terminated by other getUpdates request; make sure that only one bot instance is running
WARNING:aiogram.dispatcher:Sleep for 4.845641 seconds and try again... (tryings = 513, bot id = 8802005800)
ERROR:aiogram.dispatcher:Failed to fetch updates - TelegramConflictError: Telegram server says - Conflict: terminated by other getUpdates request; make sure that only one bot instance is running
WARNING:aiogram.dispatcher:Sleep for 5.164065 seconds and try again... (tryings = 514, bot id = 8802005800)
ERROR:aiogram.dispatcher:Failed to fetch updates - TelegramConflictError: Telegram server says - Conflict: terminated by other getUpdates request; make sure that only one bot instance is running
WARNING:aiogram.dispatcher:Sleep for 5.127264 seconds and try again... (tryings = 515, bot id = 8802005800)
ERROR:aiogram.dispatcher:Failed to fetch updates - TelegramConflictError: Telegram server says - Conflict: terminated by other getUpdates request; make sure that only one bot instance is running
WARNING:aiogram.dispatcher:Sleep for 5.155719 seconds and try again... (tryings = 516, bot id = 8802005800)
ERROR:aiogram.dispatcher:Failed to fetch updates - TelegramConflictError: Telegram server says - Conflict: terminated by other getUpdates request; make sure that only one bot instance is running
WARNING:aiogram.dispatcher:Sleep for 4.990381 seconds and try again... (tryings = 517, bot id = 8802005800)
ERROR:aiogram.dispatcher:Failed to fetch updates - TelegramConflictError: Telegram server says - Conflict: terminated by other getUpdates request; make sure that only one bot instance is running
WARNING:aiogram.dispatcher:Sleep for 4.937081 seconds and try again... (tryings = 518, bot id = 8802005800)
ERROR:aiogram.dispatcher:Failed to fetch updates - TelegramConflictError: Telegram server says - Conflict: terminated by other getUpdates request; make sure that only one bot instance is running
WARNING:aiogram.dispatcher:Sleep for 4.999148 seconds and try again... (tryings = 519, bot id = 8802005800)
ERROR:aiogram.dispatcher:Failed to fetch updates - TelegramConflictError: Telegram server says - Conflict: terminated by other getUpdates request; make sure that only one bot instance is running
WARNING:aiogram.dispatcher:Sleep for 5.028107 seconds and try again... (tryings = 520, bot id = 8802005800)
ERROR:aiogram.dispatcher:Failed to fetch updates - TelegramConflictError: Telegram server says - Conflict: terminated by other getUpdates request; make sure that only one bot instance is running
WARNING:aiogram.dispatcher:Sleep for 4.810857 seconds and try again... (tryings = 521, bot id = 8802005800)
ERROR:aiogram.dispatcher:Failed to fetch updates - TelegramConflictError: Telegram server says - Conflict: terminated by other getUpdates request; make sure that only one bot instance is running
WARNING:aiogram.dispatcher:Sleep for 4.958379 seconds and try again... (tryings = 522, bot id = 8802005800)
ERROR:aiogram.dispatcher:Failed to fetch updates - TelegramConflictError: Telegram server says - Conflict: terminated by other getUpdates request; make sure that only one bot instance is running
WARNING:aiogram.dispatcher:Sleep for 5.102047 seconds and try again... (tryings = 523, bot id = 8802005800)
ERROR:aiogram.dispatcher:Failed to fetch updates - TelegramConflictError: Telegram server says - Conflict: terminated by other getUpdates request; make sure that only one bot instance is running
WARNING:aiogram.dispatcher:Sleep for 5.052967 seconds and try again... (tryings = 524, bot id = 8802005800)
ERROR:aiogram.dispatcher:Failed to fetch updates - TelegramConflictError: Telegram server says - Conflict: terminated by other getUpdates request; make sure that only one bot instance is running
WARNING:aiogram.dispatcher:Sleep for 5.010462 seconds and try again... (tryings = 525, bot id = 8802005800)
ERROR:aiogram.dispatcher:Failed to fetch updates - TelegramConflictError: Telegram server says - Conflict: terminated by other getUpdates request; make sure that only one bot instance is running
WARNING:aiogram.dispatcher:Sleep for 5.045525 seconds and try again... (tryings = 526, bot id = 8802005800)
ERROR:aiogram.dispatcher:Failed to fetch updates - TelegramConflictError: Telegram server says - Conflict: terminated by other getUpdates request; make sure that only one bot instance is running
WARNING:aiogram.dispatcher:Sleep for 5.059673 seconds and try again... (tryings = 527, bot id = 8802005800)
ERROR:aiogram.dispatcher:Failed to fetch updates - TelegramConflictError: Telegram server says - Conflict: terminated by other getUpdates request; make sure that only one bot instance is running
WARNING:aiogram.dispatcher:Sleep for 5.075891 seconds and try again... (tryings = 528, bot id = 8802005800)
ERROR:aiogram.dispatcher:Failed to fetch updates - TelegramConflictError: Telegram server says - Conflict: terminated by other getUpdates request; make sure that only one bot instance is running
WARNING:aiogram.dispatcher:Sleep for 5.012553 seconds and try again... (tryings = 529, bot id = 8802005800)
ERROR:aiogram.dispatcher:Failed to fetch updates - TelegramConflictError: Telegram server says - Conflict: terminated by other getUpdates request; make sure that only one bot instance is running
WARNING:aiogram.dispatcher:Sleep for 5.180630 seconds and try again... (tryings = 530, bot id = 8802005800)
ERROR:aiogram.dispatcher:Failed to fetch updates - TelegramConflictError: Telegram server says - Conflict: terminated by other getUpdates request; make sure that only one bot instance is running
WARNING:aiogram.dispatcher:Sleep for 4.812976 seconds and try again... (tryings = 531, bot id = 8802005800)
ERROR:aiogram.dispatcher:Failed to fetch updates - TelegramConflictError: Telegram server says - Conflict: terminated by other getUpdates request; make sure that only one bot instance is running
WARNING:aiogram.dispatcher:Sleep for 4.784873 seconds and try again... (tryings = 532, bot id = 8802005800)
ERROR:aiogram.dispatcher:Failed to fetch updates - TelegramConflictError: Telegram server says - Conflict: terminated by other getUpdates request; make sure that only one bot instance is running
WARNING:aiogram.dispatcher:Sleep for 5.045873 seconds and try again... (tryings = 533, bot id = 8802005800)
ERROR:aiogram.dispatcher:Failed to fetch updates - TelegramConflictError: Telegram server says - Conflict: terminated by other getUpdates request; make sure that only one bot instance is running
WARNING:aiogram.dispatcher:Sleep for 4.976363 seconds and try again... (tryings = 534, bot id = 8802005800)
ERROR:aiogram.dispatcher:Failed to fetch updates - TelegramConflictError: Telegram server says - Conflict: terminated by other getUpdates request; make sure that only one bot instance is running
WARNING:aiogram.dispatcher:Sleep for 5.034319 seconds and try again... (tryings = 535, bot id = 8802005800)
ERROR:aiogram.dispatcher:Failed to fetch updates - TelegramConflictError: Telegram server says - Conflict: terminated by other getUpdates request; make sure that only one bot instance is running
WARNING:aiogram.dispatcher:Sleep for 5.014789 seconds and try again... (tryings = 536, bot id = 8802005800)
ERROR:aiogram.dispatcher:Failed to fetch updates - TelegramConflictError: Telegram server says - Conflict: terminated by other getUpdates request; make sure that only one bot instance is running
WARNING:aiogram.dispatcher:Sleep for 5.001877 seconds and try again... (tryings = 537, bot id = 8802005800)
ERROR:aiogram.dispatcher:Failed to fetch updates - TelegramConflictError: Telegram server says - Conflict: terminated by other getUpdates request; make sure that only one bot instance is running
WARNING:aiogram.dispatcher:Sleep for 5.015938 seconds and try again... (tryings = 538, bot id = 8802005800)
ERROR:aiogram.dispatcher:Failed to fetch updates - TelegramConflictError: Telegram server says - Conflict: terminated by other getUpdates request; make sure that only one bot instance is running
WARNING:aiogram.dispatcher:Sleep for 4.968124 seconds and try again... (tryings = 539, bot id = 8802005800)
ERROR:aiogram.dispatcher:Failed to fetch updates - TelegramConflictError: Telegram server says - Conflict: terminated by other getUpdates request; make sure that only one bot instance is running
WARNING:aiogram.dispatcher:Sleep for 5.010951 seconds and try again... (tryings = 540, bot id = 8802005800)
ERROR:aiogram.dispatcher:Failed to fetch updates - TelegramConflictError: Telegram server says - Conflict: terminated by other getUpdates request; make sure that only one bot instance is running
WARNING:aiogram.dispatcher:Sleep for 4.926763 seconds and try again... (tryings = 541, bot id = 8802005800)
ERROR:aiogram.dispatcher:Failed to fetch updates - TelegramConflictError: Telegram server says - Conflict: terminated by other getUpdates request; make sure that only one bot instance is running
WARNING:aiogram.dispatcher:Sleep for 4.968340 seconds and try again... (tryings = 542, bot id = 8802005800)
ERROR:aiogram.dispatcher:Failed to fetch updates - TelegramConflictError: Telegram server says - Conflict: terminated by other getUpdates request; make sure that only one bot instance is running
WARNING:aiogram.dispatcher:Sleep for 4.971595 seconds and try again... (tryings = 543, bot id = 8802005800)
ERROR:aiogram.dispatcher:Failed to fetch updates - TelegramConflictError: Telegram server says - Conflict: terminated by other getUpdates request; make sure that only one bot instance is running
WARNING:aiogram.dispatcher:Sleep for 5.172733 seconds and try again... (tryings = 544, bot id = 8802005800)
ERROR:aiogram.dispatcher:Failed to fetch updates - TelegramConflictError: Telegram server says - Conflict: terminated by other getUpdates request; make sure that only one bot instance is running
WARNING:aiogram.dispatcher:Sleep for 4.908132 seconds and try again... (tryings = 545, bot id = 8802005800)
ERROR:aiogram.dispatcher:Failed to fetch updates - TelegramConflictError: Telegram server says - Conflict: terminated by other getUpdates request; make sure that only one bot instance is running
WARNING:aiogram.dispatcher:Sleep for 5.045123 seconds and try again... (tryings = 546, bot id = 8802005800)
ERROR:aiogram.dispatcher:Failed to fetch updates - TelegramConflictError: Telegram server says - Conflict: terminated by other getUpdates request; make sure that only one bot instance is running
WARNING:aiogram.dispatcher:Sleep for 5.099023 seconds and try again... (tryings = 547, bot id = 8802005800)
ERROR:aiogram.dispatcher:Failed to fetch updates - TelegramConflictError: Telegram server says - Conflict: terminated by other getUpdates request; make sure that only one bot instance is running
WARNING:aiogram.dispatcher:Sleep for 5.041988 seconds and try again... (tryings = 548, bot id = 8802005800)
ERROR:aiogram.dispatcher:Failed to fetch updates - TelegramConflictError: Telegram server says - Conflict: terminated by other getUpdates request; make sure that only one bot instance is running
WARNING:aiogram.dispatcher:Sleep for 4.940604 seconds and try again... (tryings = 549, bot id = 8802005800)
ERROR:aiogram.dispatcher:Failed to fetch updates - TelegramConflictError: Telegram server says - Conflict: terminated by other getUpdates request; make sure that only one bot instance is running
WARNING:aiogram.dispatcher:Sleep for 5.017769 seconds and try again... (tryings = 550, bot id = 8802005800)
ERROR:aiogram.dispatcher:Failed to fetch updates - TelegramConflictError: Telegram server says - Conflict: terminated by other getUpdates request; make sure that only one bot instance is running
WARNING:aiogram.dispatcher:Sleep for 4.963349 seconds and try again... (tryings = 551, bot id = 8802005800)
ERROR:aiogram.dispatcher:Failed to fetch updates - TelegramConflictError: Telegram server says - Conflict: terminated by other getUpdates request; make sure that only one bot instance is running
WARNING:aiogram.dispatcher:Sleep for 4.987255 seconds and try again... (tryings = 552, bot id = 8802005800)
ERROR:aiogram.dispatcher:Failed to fetch updates - TelegramConflictError: Telegram server says - Conflict: terminated by other getUpdates request; make sure that only one bot instance is running
WARNING:aiogram.dispatcher:Sleep for 4.897552 seconds and try again... (tryings = 553, bot id = 8802005800)
ERROR:aiogram.dispatcher:Failed to fetch updates - TelegramConflictError: Telegram server says - Conflict: terminated by other getUpdates request; make sure that only one bot instance is running
WARNING:aiogram.dispatcher:Sleep for 5.023284 seconds and try again... (tryings = 554, bot id = 8802005800)
ERROR:aiogram.dispatcher:Failed to fetch updates - TelegramConflictError: Telegram server says - Conflict: terminated by other getUpdates request; make sure that only one bot instance is running
WARNING:aiogram.dispatcher:Sleep for 4.810063 seconds and try again... (tryings = 555, bot id = 8802005800)
ERROR:aiogram.dispatcher:Failed to fetch updates - TelegramConflictError: Telegram server says - Conflict: terminated by other getUpdates request; make sure that only one bot instance is running
WARNING:aiogram.dispatcher:Sleep for 5.085090 seconds and try again... (tryings = 556, bot id = 8802005800)
ERROR:aiogram.dispatcher:Failed to fetch updates - TelegramConflictError: Telegram server says - Conflict: terminated by other getUpdates request; make sure that only one bot instance is running
WARNING:aiogram.dispatcher:Sleep for 4.894231 seconds and try again... (tryings = 557, bot id = 8802005800)
ERROR:aiogram.dispatcher:Failed to fetch updates - TelegramConflictError: Telegram server says - Conflict: terminated by other getUpdates request; make sure that only one bot instance is running
WARNING:aiogram.dispatcher:Sleep for 4.912475 seconds and try again... (tryings = 558, bot id = 8802005800)
ERROR:aiogram.dispatcher:Failed to fetch updates - TelegramConflictError: Telegram server says - Conflict: terminated by other getUpdates request; make sure that only one bot instance is running
WARNING:aiogram.dispatcher:Sleep for 5.017119 seconds and try again... (tryings = 559, bot id = 8802005800)
ERROR:aiogram.dispatcher:Failed to fetch updates - TelegramConflictError: Telegram server says - Conflict: terminated by other getUpdates request; make sure that only one bot instance is running
WARNING:aiogram.dispatcher:Sleep for 4.996157 seconds and try again... (tryings = 560, bot id = 8802005800)
ERROR:aiogram.dispatcher:Failed to fetch updates - TelegramConflictError: Telegram server says - Conflict: terminated by other getUpdates request; make sure that only one bot instance is running
WARNING:aiogram.dispatcher:Sleep for 5.068109 seconds and try again... (tryings = 561, bot id = 8802005800)
ERROR:aiogram.dispatcher:Failed to fetch updates - TelegramConflictError: Telegram server says - Conflict: terminated by other getUpdates request; make sure that only one bot instance is running
WARNING:aiogram.dispatcher:Sleep for 5.038042 seconds and try again... (tryings = 562, bot id = 8802005800)
ERROR:aiogram.dispatcher:Failed to fetch updates - TelegramConflictError: Telegram server says - Conflict: terminated by other getUpdates request; make sure that only one bot instance is running
WARNING:aiogram.dispatcher:Sleep for 4.934848 seconds and try again... (tryings = 563, bot id = 8802005800)
ERROR:aiogram.dispatcher:Failed to fetch updates - TelegramConflictError: Telegram server says - Conflict: terminated by other getUpdates request; make sure that only one bot instance is running
WARNING:aiogram.dispatcher:Sleep for 4.881815 seconds and try again... (tryings = 564, bot id = 8802005800)
ERROR:aiogram.dispatcher:Failed to fetch updates - TelegramConflictError: Telegram server says - Conflict: terminated by other getUpdates request; make sure that only one bot instance is running
WARNING:aiogram.dispatcher:Sleep for 5.034585 seconds and try again... (tryings = 565, bot id = 8802005800)
ERROR:aiogram.dispatcher:Failed to fetch updates - TelegramConflictError: Telegram server says - Conflict: terminated by other getUpdates request; make sure that only one bot instance is running
WARNING:aiogram.dispatcher:Sleep for 4.925867 seconds and try again... (tryings = 566, bot id = 8802005800)
ERROR:aiogram.dispatcher:Failed to fetch updates - TelegramConflictError: Telegram server says - Conflict: terminated by other getUpdates request; make sure that only one bot instance is running
WARNING:aiogram.dispatcher:Sleep for 5.159131 seconds and try again... (tryings = 567, bot id = 8802005800)
ERROR:aiogram.dispatcher:Failed to fetch updates - TelegramConflictError: Telegram server says - Conflict: terminated by other getUpdates request; make sure that only one bot instance is running
WARNING:aiogram.dispatcher:Sleep for 4.838553 seconds and try again... (tryings = 568, bot id = 8802005800)
ERROR:aiogram.dispatcher:Failed to fetch updates - TelegramConflictError: Telegram server says - Conflict: terminated by other getUpdates request; make sure that only one bot instance is running
WARNING:aiogram.dispatcher:Sleep for 5.166337 seconds and try again... (tryings = 569, bot id = 8802005800)
ERROR:aiogram.dispatcher:Failed to fetch updates - TelegramConflictError: Telegram server says - Conflict: terminated by other getUpdates request; make sure that only one bot instance is running
WARNING:aiogram.dispatcher:Sleep for 4.972822 seconds and try again... (tryings = 570, bot id = 8802005800)
ERROR:aiogram.dispatcher:Failed to fetch updates - TelegramConflictError: Telegram server says - Conflict: terminated by other getUpdates request; make sure that only one bot instance is running
WARNING:aiogram.dispatcher:Sleep for 5.025708 seconds and try again... (tryings = 571, bot id = 8802005800)
ERROR:aiogram.dispatcher:Failed to fetch updates - TelegramConflictError: Telegram server says - Conflict: terminated by other getUpdates request; make sure that only one bot instance is running
WARNING:aiogram.dispatcher:Sleep for 5.001974 seconds and try again... (tryings = 572, bot id = 8802005800)
ERROR:aiogram.dispatcher:Failed to fetch updates - TelegramConflictError: Telegram server says - Conflict: terminated by other getUpdates request; make sure that only one bot instance is running
WARNING:aiogram.dispatcher:Sleep for 4.958360 seconds and try again... (tryings = 573, bot id = 8802005800)
ERROR:aiogram.dispatcher:Failed to fetch updates - TelegramConflictError: Telegram server says - Conflict: terminated by other getUpdates request; make sure that only one bot instance is running
WARNING:aiogram.dispatcher:Sleep for 5.092477 seconds and try again... (tryings = 574, bot id = 8802005800)
ERROR:aiogram.dispatcher:Failed to fetch updates - TelegramConflictError: Telegram server says - Conflict: terminated by other getUpdates request; make sure that only one bot instance is running
WARNING:aiogram.dispatcher:Sleep for 5.183565 seconds and try again... (tryings = 575, bot id = 8802005800)
ERROR:aiogram.dispatcher:Failed to fetch updates - TelegramConflictError: Telegram server says - Conflict: terminated by other getUpdates request; make sure that only one bot instance is running
WARNING:aiogram.dispatcher:Sleep for 4.913567 seconds and try again... (tryings = 576, bot id = 8802005800)
ERROR:aiogram.dispatcher:Failed to fetch updates - TelegramConflictError: Telegram server says - Conflict: terminated by other getUpdates request; make sure that only one bot instance is running
WARNING:aiogram.dispatcher:Sleep for 5.223498 seconds and try again... (tryings = 577, bot id = 8802005800)
ERROR:aiogram.dispatcher:Failed to fetch updates - TelegramConflictError: Telegram server says - Conflict: terminated by other getUpdates request; make sure that only one bot instance is running
WARNING:aiogram.dispatcher:Sleep for 5.002396 seconds and try again... (tryings = 578, bot id = 8802005800)
ERROR:aiogram.dispatcher:Failed to fetch updates - TelegramConflictError: Telegram server says - Conflict: terminated by other getUpdates request; make sure that only one bot instance is running
WARNING:aiogram.dispatcher:Sleep for 4.969698 seconds and try again... (tryings = 579, bot id = 8802005800)
ERROR:aiogram.dispatcher:Failed to fetch updates - TelegramConflictError: Telegram server says - Conflict: terminated by other getUpdates request; make sure that only one bot instance is running
WARNING:aiogram.dispatcher:Sleep for 4.935897 seconds and try again... (tryings = 580, bot id = 8802005800)
ERROR:aiogram.dispatcher:Failed to fetch updates - TelegramConflictError: Telegram server says - Conflict: terminated by other getUpdates request; make sure that only one bot instance is running
WARNING:aiogram.dispatcher:Sleep for 4.875582 seconds and try again... (tryings = 581, bot id = 8802005800)
ERROR:aiogram.dispatcher:Failed to fetch updates - TelegramConflictError: Telegram server says - Conflict: terminated by other getUpdates request; make sure that only one bot instance is running
WARNING:aiogram.dispatcher:Sleep for 5.009233 seconds and try again... (tryings = 582, bot id = 8802005800)
ERROR:aiogram.dispatcher:Failed to fetch updates - TelegramConflictError: Telegram server says - Conflict: terminated by other getUpdates request; make sure that only one bot instance is running
WARNING:aiogram.dispatcher:Sleep for 5.063159 seconds and try again... (tryings = 583, bot id = 8802005800)
ERROR:aiogram.dispatcher:Failed to fetch updates - TelegramConflictError: Telegram server says - Conflict: terminated by other getUpdates request; make sure that only one bot instance is running
WARNING:aiogram.dispatcher:Sleep for 5.022918 seconds and try again... (tryings = 584, bot id = 8802005800)
ERROR:aiogram.dispatcher:Failed to fetch updates - TelegramConflictError: Telegram server says - Conflict: terminated by other getUpdates request; make sure that only one bot instance is running
WARNING:aiogram.dispatcher:Sleep for 5.063191 seconds and try again... (tryings = 585, bot id = 8802005800)
ERROR:aiogram.dispatcher:Failed to fetch updates - TelegramConflictError: Telegram server says - Conflict: terminated by other getUpdates request; make sure that only one bot instance is running
WARNING:aiogram.dispatcher:Sleep for 4.952321 seconds and try again... (tryings = 586, bot id = 8802005800)
ERROR:aiogram.dispatcher:Failed to fetch updates - TelegramConflictError: Telegram server says - Conflict: terminated by other getUpdates request; make sure that only one bot instance is running
WARNING:aiogram.dispatcher:Sleep for 4.996900 seconds and try again... (tryings = 587, bot id = 8802005800)
ERROR:aiogram.dispatcher:Failed to fetch updates - TelegramConflictError: Telegram server says - Conflict: terminated by other getUpdates request; make sure that only one bot instance is running
WARNING:aiogram.dispatcher:Sleep for 5.008897 seconds and try again... (tryings = 588, bot id = 8802005800)
ERROR:aiogram.dispatcher:Failed to fetch updates - TelegramConflictError: Telegram server says - Conflict: terminated by other getUpdates request; make sure that only one bot instance is running
WARNING:aiogram.dispatcher:Sleep for 4.922439 seconds and try again... (tryings = 589, bot id = 8802005800)
ERROR:aiogram.dispatcher:Failed to fetch updates - TelegramConflictError: Telegram server says - Conflict: terminated by other getUpdates request; make sure that only one bot instance is running
WARNING:aiogram.dispatcher:Sleep for 4.860211 seconds and try again... (tryings = 590, bot id = 8802005800)
ERROR:aiogram.dispatcher:Failed to fetch updates - TelegramConflictError: Telegram server says - Conflict: terminated by other getUpdates request; make sure that only one bot instance is running
WARNING:aiogram.dispatcher:Sleep for 5.084043 seconds and try again... (tryings = 591, bot id = 8802005800)
ERROR:aiogram.dispatcher:Failed to fetch updates - TelegramConflictError: Telegram server says - Conflict: terminated by other getUpdates request; make sure that only one bot instance is running
WARNING:aiogram.dispatcher:Sleep for 4.948078 seconds and try again... (tryings = 592, bot id = 8802005800)
ERROR:aiogram.dispatcher:Failed to fetch updates - TelegramConflictError: Telegram server says - Conflict: terminated by other getUpdates request; make sure that only one bot instance is running
WARNING:aiogram.dispatcher:Sleep for 5.081299 seconds and try again... (tryings = 593, bot id = 8802005800)
ERROR:aiogram.dispatcher:Failed to fetch updates - TelegramConflictError: Telegram server says - Conflict: terminated by other getUpdates request; make sure that only one bot instance is running
WARNING:aiogram.dispatcher:Sleep for 5.050662 seconds and try again... (tryings = 594, bot id = 8802005800)
ERROR:aiogram.dispatcher:Failed to fetch updates - TelegramConflictError: Telegram server says - Conflict: terminated by other getUpdates request; make sure that only one bot instance is running
WARNING:aiogram.dispatcher:Sleep for 5.165167 seconds and try again... (tryings = 595, bot id = 8802005800)
ERROR:aiogram.dispatcher:Failed to fetch updates - TelegramConflictError: Telegram server says - Conflict: terminated by other getUpdates request; make sure that only one bot instance is running
WARNING:aiogram.dispatcher:Sleep for 5.178109 seconds and try again... (tryings = 596, bot id = 8802005800)
ERROR:aiogram.dispatcher:Failed to fetch updates - TelegramConflictError: Telegram server says - Conflict: terminated by other getUpdates request; make sure that only one bot instance is running
WARNING:aiogram.dispatcher:Sleep for 5.111148 seconds and try again... (tryings = 597, bot id = 8802005800)
ERROR:aiogram.dispatcher:Failed to fetch updates - TelegramConflictError: Telegram server says - Conflict: terminated by other getUpdates request; make sure that only one bot instance is running
WARNING:aiogram.dispatcher:Sleep for 5.050305 seconds and try again... (tryings = 598, bot id = 8802005800)
ERROR:aiogram.dispatcher:Failed to fetch updates - TelegramConflictError: Telegram server says - Conflict: terminated by other getUpdates request; make sure that only one bot instance is running
WARNING:aiogram.dispatcher:Sleep for 4.937183 seconds and try again... (tryings = 599, bot id = 8802005800)
ERROR:aiogram.dispatcher:Failed to fetch updates - TelegramConflictError: Telegram server says - Conflict: terminated by other getUpdates request; make sure that only one bot instance is running
WARNING:aiogram.dispatcher:Sleep for 5.012636 seconds and try again... (tryings = 600, bot id = 8802005800)
ERROR:aiogram.dispatcher:Failed to fetch updates - TelegramConflictError: Telegram server says - Conflict: terminated by other getUpdates request; make sure that only one bot instance is running
WARNING:aiogram.dispatcher:Sleep for 5.029250 seconds and try again... (tryings = 601, bot id = 8802005800)
ERROR:aiogram.dispatcher:Failed to fetch updates - TelegramConflictError: Telegram server says - Conflict: terminated by other getUpdates request; make sure that only one bot instance is running
WARNING:aiogram.dispatcher:Sleep for 5.024576 seconds and try again... (tryings = 602, bot id = 8802005800)
ERROR:aiogram.dispatcher:Failed to fetch updates - TelegramConflictError: Telegram server says - Conflict: terminated by other getUpdates request; make sure that only one bot instance is running
WARNING:aiogram.dispatcher:Sleep for 5.067150 seconds and try again... (tryings = 603, bot id = 8802005800)
ERROR:aiogram.dispatcher:Failed to fetch updates - TelegramConflictError: Telegram server says - Conflict: terminated by other getUpdates request; make sure that only one bot instance is running
WARNING:aiogram.dispatcher:Sleep for 4.996114 seconds and try again... (tryings = 604, bot id = 8802005800)
ERROR:aiogram.dispatcher:Failed to fetch updates - TelegramConflictError: Telegram server says - Conflict: terminated by other getUpdates request; make sure that only one bot instance is running
WARNING:aiogram.dispatcher:Sleep for 4.939998 seconds and try again... (tryings = 605, bot id = 8802005800)
ERROR:aiogram.dispatcher:Failed to fetch updates - TelegramConflictError: Telegram server says - Conflict: terminated by other getUpdates request; make sure that only one bot instance is running
WARNING:aiogram.dispatcher:Sleep for 5.079922 seconds and try again... (tryings = 606, bot id = 8802005800)
ERROR:aiogram.dispatcher:Failed to fetch updates - TelegramConflictError: Telegram server says - Conflict: terminated by other getUpdates request; make sure that only one bot instance is running
WARNING:aiogram.dispatcher:Sleep for 4.916498 seconds and try again... (tryings = 607, bot id = 8802005800)
ERROR:aiogram.dispatcher:Failed to fetch updates - TelegramConflictError: Telegram server says - Conflict: terminated by other getUpdates request; make sure that only one bot instance is running
WARNING:aiogram.dispatcher:Sleep for 4.915356 seconds and try again... (tryings = 608, bot id = 8802005800)
ERROR:aiogram.dispatcher:Failed to fetch updates - TelegramConflictError: Telegram server says - Conflict: terminated by other getUpdates request; make sure that only one bot instance is running
WARNING:aiogram.dispatcher:Sleep for 4.937988 seconds and try again... (tryings = 609, bot id = 8802005800)
ERROR:aiogram.dispatcher:Failed to fetch updates - TelegramConflictError: Telegram server says - Conflict: terminated by other getUpdates request; make sure that only one bot instance is running
WARNING:aiogram.dispatcher:Sleep for 4.941127 seconds and try again... (tryings = 610, bot id = 8802005800)
ERROR:aiogram.dispatcher:Failed to fetch updates - TelegramConflictError: Telegram server says - Conflict: terminated by other getUpdates request; make sure that only one bot instance is running
WARNING:aiogram.dispatcher:Sleep for 5.051548 seconds and try again... (tryings = 611, bot id = 8802005800)
ERROR:aiogram.dispatcher:Failed to fetch updates - TelegramConflictError: Telegram server says - Conflict: terminated by other getUpdates request; make sure that only one bot instance is running
WARNING:aiogram.dispatcher:Sleep for 4.984134 seconds and try again... (tryings = 612, bot id = 8802005800)
ERROR:aiogram.dispatcher:Failed to fetch updates - TelegramConflictError: Telegram server says - Conflict: terminated by other getUpdates request; make sure that only one bot instance is running
WARNING:aiogram.dispatcher:Sleep for 5.055603 seconds and try again... (tryings = 613, bot id = 8802005800)
ERROR:aiogram.dispatcher:Failed to fetch updates - TelegramConflictError: Telegram server says - Conflict: terminated by other getUpdates request; make sure that only one bot instance is running
WARNING:aiogram.dispatcher:Sleep for 5.005760 seconds and try again... (tryings = 614, bot id = 8802005800)
ERROR:aiogram.dispatcher:Failed to fetch updates - TelegramConflictError: Telegram server says - Conflict: terminated by other getUpdates request; make sure that only one bot instance is running
WARNING:aiogram.dispatcher:Sleep for 4.894900 seconds and try again... (tryings = 615, bot id = 8802005800)
ERROR:aiogram.dispatcher:Failed to fetch updates - TelegramConflictError: Telegram server says - Conflict: terminated by other getUpdates request; make sure that only one bot instance is running
WARNING:aiogram.dispatcher:Sleep for 4.984808 seconds and try again... (tryings = 616, bot id = 8802005800)
ERROR:aiogram.dispatcher:Failed to fetch updates - TelegramConflictError: Telegram server says - Conflict: terminated by other getUpdates request; make sure that only one bot instance is running
WARNING:aiogram.dispatcher:Sleep for 4.796378 seconds and try again... (tryings = 617, bot id = 8802005800)
ERROR:aiogram.dispatcher:Failed to fetch updates - TelegramConflictError: Telegram server says - Conflict: terminated by other getUpdates request; make sure that only one bot instance is running
WARNING:aiogram.dispatcher:Sleep for 4.800220 seconds and try again... (tryings = 618, bot id = 8802005800)
ERROR:aiogram.dispatcher:Failed to fetch updates - TelegramConflictError: Telegram server says - Conflict: terminated by other getUpdates request; make sure that only one bot instance is running
WARNING:aiogram.dispatcher:Sleep for 4.838282 seconds and try again... (tryings = 619, bot id = 8802005800)
ERROR:aiogram.dispatcher:Failed to fetch updates - TelegramConflictError: Telegram server says - Conflict: terminated by other getUpdates request; make sure that only one bot instance is running
WARNING:aiogram.dispatcher:Sleep for 4.744790 seconds and try again... (tryings = 620, bot id = 8802005800)
ERROR:aiogram.dispatcher:Failed to fetch updates - TelegramConflictError: Telegram server says - Conflict: terminated by other getUpdates request; make sure that only one bot instance is running
WARNING:aiogram.dispatcher:Sleep for 4.948306 seconds and try again... (tryings = 621, bot id = 8802005800)
ERROR:aiogram.dispatcher:Failed to fetch updates - TelegramConflictError: Telegram server says - Conflict: terminated by other getUpdates request; make sure that only one bot instance is running
WARNING:aiogram.dispatcher:Sleep for 5.161758 seconds and try again... (tryings = 622, bot id = 8802005800)
ERROR:aiogram.dispatcher:Failed to fetch updates - TelegramConflictError: Telegram server says - Conflict: terminated by other getUpdates request; make sure that only one bot instance is running
WARNING:aiogram.dispatcher:Sleep for 5.105515 seconds and try again... (tryings = 623, bot id = 8802005800)
ERROR:aiogram.dispatcher:Failed to fetch updates - TelegramConflictError: Telegram server says - Conflict: terminated by other getUpdates request; make sure that only one bot instance is running
WARNING:aiogram.dispatcher:Sleep for 4.953790 seconds and try again... (tryings = 624, bot id = 8802005800)
ERROR:aiogram.dispatcher:Failed to fetch updates - TelegramConflictError: Telegram server says - Conflict: terminated by other getUpdates request; make sure that only one bot instance is running
WARNING:aiogram.dispatcher:Sleep for 4.814614 seconds and try again... (tryings = 625, bot id = 8802005800)
ERROR:aiogram.dispatcher:Failed to fetch updates - TelegramConflictError: Telegram server says - Conflict: terminated by other getUpdates request; make sure that only one bot instance is running
WARNING:aiogram.dispatcher:Sleep for 5.091957 seconds and try again... (tryings = 626, bot id = 8802005800)
ERROR:aiogram.dispatcher:Failed to fetch updates - TelegramConflictError: Telegram server says - Conflict: terminated by other getUpdates request; make sure that only one bot instance is running
WARNING:aiogram.dispatcher:Sleep for 4.937013 seconds and try again... (tryings = 627, bot id = 8802005800)
ERROR:aiogram.dispatcher:Failed to fetch updates - TelegramConflictError: Telegram server says - Conflict: terminated by other getUpdates request; make sure that only one bot instance is running
WARNING:aiogram.dispatcher:Sleep for 4.980913 seconds and try again... (tryings = 628, bot id = 8802005800)
ERROR:aiogram.dispatcher:Failed to fetch updates - TelegramConflictError: Telegram server says - Conflict: terminated by other getUpdates request; make sure that only one bot instance is running
WARNING:aiogram.dispatcher:Sleep for 4.974508 seconds and try again... (tryings = 629, bot id = 8802005800)
ERROR:aiogram.dispatcher:Failed to fetch updates - TelegramConflictError: Telegram server says - Conflict: terminated by other getUpdates request; make sure that only one bot instance is running
WARNING:aiogram.dispatcher:Sleep for 4.752278 seconds and try again... (tryings = 630, bot id = 8802005800)
ERROR:aiogram.dispatcher:Failed to fetch updates - TelegramConflictError: Telegram server says - Conflict: terminated by other getUpdates request; make sure that only one bot instance is running
WARNING:aiogram.dispatcher:Sleep for 5.038019 seconds and try again... (tryings = 631, bot id = 8802005800)
ERROR:aiogram.dispatcher:Failed to fetch updates - TelegramConflictError: Telegram server says - Conflict: terminated by other getUpdates request; make sure that only one bot instance is running
WARNING:aiogram.dispatcher:Sleep for 4.936383 seconds and try again... (tryings = 632, bot id = 8802005800)
ERROR:aiogram.dispatcher:Failed to fetch updates - TelegramConflictError: Telegram server says - Conflict: terminated by other getUpdates request; make sure that only one bot instance is running
WARNING:aiogram.dispatcher:Sleep for 4.847428 seconds and try again... (tryings = 633, bot id = 8802005800)
ERROR:aiogram.dispatcher:Failed to fetch updates - TelegramConflictError: Telegram server says - Conflict: terminated by other getUpdates request; make sure that only one bot instance is running
WARNING:aiogram.dispatcher:Sleep for 5.224352 seconds and try again... (tryings = 634, bot id = 8802005800)
ERROR:aiogram.dispatcher:Failed to fetch updates - TelegramConflictError: Telegram server says - Conflict: terminated by other getUpdates request; make sure that only one bot instance is running
WARNING:aiogram.dispatcher:Sleep for 4.870221 seconds and try again... (tryings = 635, bot id = 8802005800)
ERROR:aiogram.dispatcher:Failed to fetch updates - TelegramConflictError: Telegram server says - Conflict: terminated by other getUpdates request; make sure that only one bot instance is running
WARNING:aiogram.dispatcher:Sleep for 5.031471 seconds and try again... (tryings = 636, bot id = 8802005800)
ERROR:aiogram.dispatcher:Failed to fetch updates - TelegramNetworkError: HTTP Client says - Request timeout error
WARNING:aiogram.dispatcher:Sleep for 5.043391 seconds and try again... (tryings = 637, bot id = 8802005800)
ERROR:aiogram.dispatcher:Failed to fetch updates - TelegramConflictError: Telegram server says - Conflict: terminated by other getUpdates request; make sure that only one bot instance is running
WARNING:aiogram.dispatcher:Sleep for 4.856703 seconds and try again... (tryings = 638, bot id = 8802005800)
ERROR:aiogram.dispatcher:Failed to fetch updates - TelegramConflictError: Telegram server says - Conflict: terminated by other getUpdates request; make sure that only one bot instance is running
WARNING:aiogram.dispatcher:Sleep for 4.922621 seconds and try again... (tryings = 639, bot id = 8802005800)
ERROR:aiogram.dispatcher:Failed to fetch updates - TelegramConflictError: Telegram server says - Conflict: terminated by other getUpdates request; make sure that only one bot instance is running
WARNING:aiogram.dispatcher:Sleep for 4.749453 seconds and try again... (tryings = 640, bot id = 8802005800)
ERROR:aiogram.dispatcher:Failed to fetch updates - TelegramConflictError: Telegram server says - Conflict: terminated by other getUpdates request; make sure that only one bot instance is running
WARNING:aiogram.dispatcher:Sleep for 4.885077 seconds and try again... (tryings = 641, bot id = 8802005800)
ERROR:aiogram.dispatcher:Failed to fetch updates - TelegramConflictError: Telegram server says - Conflict: terminated by other getUpdates request; make sure that only one bot instance is running
WARNING:aiogram.dispatcher:Sleep for 5.103729 seconds and try again... (tryings = 642, bot id = 8802005800)
ERROR:aiogram.dispatcher:Failed to fetch updates - TelegramConflictError: Telegram server says - Conflict: terminated by other getUpdates request; make sure that only one bot instance is running
WARNING:aiogram.dispatcher:Sleep for 4.988589 seconds and try again... (tryings = 643, bot id = 8802005800)
ERROR:aiogram.dispatcher:Failed to fetch updates - TelegramConflictError: Telegram server says - Conflict: terminated by other getUpdates request; make sure that only one bot instance is running
WARNING:aiogram.dispatcher:Sleep for 5.074233 seconds and try again... (tryings = 644, bot id = 8802005800)
ERROR:aiogram.dispatcher:Failed to fetch updates - TelegramConflictError: Telegram server says - Conflict: terminated by other getUpdates request; make sure that only one bot instance is running
WARNING:aiogram.dispatcher:Sleep for 4.913866 seconds and try again... (tryings = 645, bot id = 8802005800)
ERROR:aiogram.dispatcher:Failed to fetch updates - TelegramConflictError: Telegram server says - Conflict: terminated by other getUpdates request; make sure that only one bot instance is running
WARNING:aiogram.dispatcher:Sleep for 4.940535 seconds and try again... (tryings = 646, bot id = 8802005800)
ERROR:aiogram.dispatcher:Failed to fetch updates - TelegramConflictError: Telegram server says - Conflict: terminated by other getUpdates request; make sure that only one bot instance is running
WARNING:aiogram.dispatcher:Sleep for 5.051858 seconds and try again... (tryings = 647, bot id = 8802005800)
ERROR:aiogram.dispatcher:Failed to fetch updates - TelegramConflictError: Telegram server says - Conflict: terminated by other getUpdates request; make sure that only one bot instance is running
WARNING:aiogram.dispatcher:Sleep for 4.987734 seconds and try again... (tryings = 648, bot id = 8802005800)
ERROR:aiogram.dispatcher:Failed to fetch updates - TelegramConflictError: Telegram server says - Conflict: terminated by other getUpdates request; make sure that only one bot instance is running
WARNING:aiogram.dispatcher:Sleep for 4.997081 seconds and try again... (tryings = 649, bot id = 8802005800)
ERROR:aiogram.dispatcher:Failed to fetch updates - TelegramConflictError: Telegram server says - Conflict: terminated by other getUpdates request; make sure that only one bot instance is running
WARNING:aiogram.dispatcher:Sleep for 5.037847 seconds and try again... (tryings = 650, bot id = 8802005800)
ERROR:aiogram.dispatcher:Failed to fetch updates - TelegramConflictError: Telegram server says - Conflict: terminated by other getUpdates request; make sure that only one bot instance is running
WARNING:aiogram.dispatcher:Sleep for 5.047774 seconds and try again... (tryings = 651, bot id = 8802005800)
ERROR:aiogram.dispatcher:Failed to fetch updates - TelegramConflictError: Telegram server says - Conflict: terminated by other getUpdates request; make sure that only one bot instance is running
WARNING:aiogram.dispatcher:Sleep for 4.884962 seconds and try again... (tryings = 652, bot id = 8802005800)
ERROR:aiogram.dispatcher:Failed to fetch updates - TelegramConflictError: Telegram server says - Conflict: terminated by other getUpdates request; make sure that only one bot instance is running
WARNING:aiogram.dispatcher:Sleep for 5.094036 seconds and try again... (tryings = 653, bot id = 8802005800)
ERROR:aiogram.dispatcher:Failed to fetch updates - TelegramConflictError: Telegram server says - Conflict: terminated by other getUpdates request; make sure that only one bot instance is running
WARNING:aiogram.dispatcher:Sleep for 5.128807 seconds and try again... (tryings = 654, bot id = 8802005800)
ERROR:aiogram.dispatcher:Failed to fetch updates - TelegramConflictError: Telegram server says - Conflict: terminated by other getUpdates request; make sure that only one bot instance is running
WARNING:aiogram.dispatcher:Sleep for 4.905609 seconds and try again... (tryings = 655, bot id = 8802005800)
ERROR:aiogram.dispatcher:Failed to fetch updates - TelegramConflictError: Telegram server says - Conflict: terminated by other getUpdates request; make sure that only one bot instance is running
WARNING:aiogram.dispatcher:Sleep for 5.122643 seconds and try again... (tryings = 656, bot id = 8802005800)
ERROR:aiogram.dispatcher:Failed to fetch updates - TelegramConflictError: Telegram server says - Conflict: terminated by other getUpdates request; make sure that only one bot instance is running
WARNING:aiogram.dispatcher:Sleep for 4.928067 seconds and try again... (tryings = 657, bot id = 8802005800)
ERROR:aiogram.dispatcher:Failed to fetch updates - TelegramConflictError: Telegram server says - Conflict: terminated by other getUpdates request; make sure that only one bot instance is running
WARNING:aiogram.dispatcher:Sleep for 4.942099 seconds and try again... (tryings = 658, bot id = 8802005800)
ERROR:aiogram.dispatcher:Failed to fetch updates - TelegramConflictError: Telegram server says - Conflict: terminated by other getUpdates request; make sure that only one bot instance is running
WARNING:aiogram.dispatcher:Sleep for 4.922188 seconds and try again... (tryings = 659, bot id = 8802005800)
ERROR:aiogram.dispatcher:Failed to fetch updates - TelegramConflictError: Telegram server says - Conflict: terminated by other getUpdates request; make sure that only one bot instance is running
WARNING:aiogram.dispatcher:Sleep for 5.036343 seconds and try again... (tryings = 660, bot id = 8802005800)
ERROR:aiogram.dispatcher:Failed to fetch updates - TelegramConflictError: Telegram server says - Conflict: terminated by other getUpdates request; make sure that only one bot instance is running
WARNING:aiogram.dispatcher:Sleep for 5.093599 seconds and try again... (tryings = 661, bot id = 8802005800)
ERROR:aiogram.dispatcher:Failed to fetch updates - TelegramConflictError: Telegram server says - Conflict: terminated by other getUpdates request; make sure that only one bot instance is running
WARNING:aiogram.dispatcher:Sleep for 4.946957 seconds and try again... (tryings = 662, bot id = 8802005800)
ERROR:aiogram.dispatcher:Failed to fetch updates - TelegramConflictError: Telegram server says - Conflict: terminated by other getUpdates request; make sure that only one bot instance is running
WARNING:aiogram.dispatcher:Sleep for 4.972603 seconds and try again... (tryings = 663, bot id = 8802005800)
ERROR:aiogram.dispatcher:Failed to fetch updates - TelegramConflictError: Telegram server says - Conflict: terminated by other getUpdates request; make sure that only one bot instance is running
WARNING:aiogram.dispatcher:Sleep for 4.948783 seconds and try again... (tryings = 664, bot id = 8802005800)
ERROR:aiogram.dispatcher:Failed to fetch updates - TelegramConflictError: Telegram server says - Conflict: terminated by other getUpdates request; make sure that only one bot instance is running
WARNING:aiogram.dispatcher:Sleep for 5.091560 seconds and try again... (tryings = 665, bot id = 8802005800)
ERROR:aiogram.dispatcher:Failed to fetch updates - TelegramConflictError: Telegram server says - Conflict: terminated by other getUpdates request; make sure that only one bot instance is running
WARNING:aiogram.dispatcher:Sleep for 4.961234 seconds and try again... (tryings = 666, bot id = 8802005800)
ERROR:aiogram.dispatcher:Failed to fetch updates - TelegramConflictError: Telegram server says - Conflict: terminated by other getUpdates request; make sure that only one bot instance is running
WARNING:aiogram.dispatcher:Sleep for 5.078553 seconds and try again... (tryings = 667, bot id = 8802005800)
ERROR:aiogram.dispatcher:Failed to fetch updates - TelegramConflictError: Telegram server says - Conflict: terminated by other getUpdates request; make sure that only one bot instance is running
WARNING:aiogram.dispatcher:Sleep for 4.895635 seconds and try again... (tryings = 668, bot id = 8802005800)
ERROR:aiogram.dispatcher:Failed to fetch updates - TelegramConflictError: Telegram server says - Conflict: terminated by other getUpdates request; make sure that only one bot instance is running
WARNING:aiogram.dispatcher:Sleep for 5.079148 seconds and try again... (tryings = 669, bot id = 8802005800)
ERROR:aiogram.dispatcher:Failed to fetch updates - TelegramConflictError: Telegram server says - Conflict: terminated by other getUpdates request; make sure that only one bot instance is running
WARNING:aiogram.dispatcher:Sleep for 5.016719 seconds and try again... (tryings = 670, bot id = 8802005800)
ERROR:aiogram.dispatcher:Failed to fetch updates - TelegramConflictError: Telegram server says - Conflict: terminated by other getUpdates request; make sure that only one bot instance is running
WARNING:aiogram.dispatcher:Sleep for 5.024352 seconds and try again... (tryings = 671, bot id = 8802005800)
ERROR:aiogram.dispatcher:Failed to fetch updates - TelegramConflictError: Telegram server says - Conflict: terminated by other getUpdates request; make sure that only one bot instance is running
WARNING:aiogram.dispatcher:Sleep for 5.056032 seconds and try again... (tryings = 672, bot id = 8802005800)
ERROR:aiogram.dispatcher:Failed to fetch updates - TelegramConflictError: Telegram server says - Conflict: terminated by other getUpdates request; make sure that only one bot instance is running
WARNING:aiogram.dispatcher:Sleep for 5.085388 seconds and try again... (tryings = 673, bot id = 8802005800)
ERROR:aiogram.dispatcher:Failed to fetch updates - TelegramConflictError: Telegram server says - Conflict: terminated by other getUpdates request; make sure that only one bot instance is running
WARNING:aiogram.dispatcher:Sleep for 5.162146 seconds and try again... (tryings = 674, bot id = 8802005800)
ERROR:aiogram.dispatcher:Failed to fetch updates - TelegramConflictError: Telegram server says - Conflict: terminated by other getUpdates request; make sure that only one bot instance is running
WARNING:aiogram.dispatcher:Sleep for 5.070905 seconds and try again... (tryings = 675, bot id = 8802005800)
ERROR:aiogram.dispatcher:Failed to fetch updates - TelegramConflictError: Telegram server says - Conflict: terminated by other getUpdates request; make sure that only one bot instance is running
WARNING:aiogram.dispatcher:Sleep for 5.100164 seconds and try again... (tryings = 676, bot id = 8802005800)
ERROR:aiogram.dispatcher:Failed to fetch updates - TelegramConflictError: Telegram server says - Conflict: terminated by other getUpdates request; make sure that only one bot instance is running
WARNING:aiogram.dispatcher:Sleep for 5.050818 seconds and try again... (tryings = 677, bot id = 8802005800)
ERROR:aiogram.dispatcher:Failed to fetch updates - TelegramConflictError: Telegram server says - Conflict: terminated by other getUpdates request; make sure that only one bot instance is running
WARNING:aiogram.dispatcher:Sleep for 5.078191 seconds and try again... (tryings = 678, bot id = 8802005800)
ERROR:aiogram.dispatcher:Failed to fetch updates - TelegramConflictError: Telegram server says - Conflict: terminated by other getUpdates request; make sure that only one bot instance is running
WARNING:aiogram.dispatcher:Sleep for 4.968359 seconds and try again... (tryings = 679, bot id = 8802005800)
ERROR:aiogram.dispatcher:Failed to fetch updates - TelegramConflictError: Telegram server says - Conflict: terminated by other getUpdates request; make sure that only one bot instance is running
WARNING:aiogram.dispatcher:Sleep for 5.086600 seconds and try again... (tryings = 680, bot id = 8802005800)
ERROR:aiogram.dispatcher:Failed to fetch updates - TelegramConflictError: Telegram server says - Conflict: terminated by other getUpdates request; make sure that only one bot instance is running
WARNING:aiogram.dispatcher:Sleep for 4.909100 seconds and try again... (tryings = 681, bot id = 8802005800)
ERROR:aiogram.dispatcher:Failed to fetch updates - TelegramConflictError: Telegram server says - Conflict: terminated by other getUpdates request; make sure that only one bot instance is running
WARNING:aiogram.dispatcher:Sleep for 4.817882 seconds and try again... (tryings = 682, bot id = 8802005800)
ERROR:aiogram.dispatcher:Failed to fetch updates - TelegramConflictError: Telegram server says - Conflict: terminated by other getUpdates request; make sure that only one bot instance is running
WARNING:aiogram.dispatcher:Sleep for 4.999760 seconds and try again... (tryings = 683, bot id = 8802005800)
ERROR:aiogram.dispatcher:Failed to fetch updates - TelegramConflictError: Telegram server says - Conflict: terminated by other getUpdates request; make sure that only one bot instance is running
WARNING:aiogram.dispatcher:Sleep for 5.082732 seconds and try again... (tryings = 684, bot id = 8802005800)
ERROR:aiogram.dispatcher:Failed to fetch updates - TelegramConflictError: Telegram server says - Conflict: terminated by other getUpdates request; make sure that only one bot instance is running
WARNING:aiogram.dispatcher:Sleep for 4.932390 seconds and try again... (tryings = 685, bot id = 8802005800)
ERROR:aiogram.dispatcher:Failed to fetch updates - TelegramConflictError: Telegram server says - Conflict: terminated by other getUpdates request; make sure that only one bot instance is running
WARNING:aiogram.dispatcher:Sleep for 4.996905 seconds and try again... (tryings = 686, bot id = 8802005800)
ERROR:aiogram.dispatcher:Failed to fetch updates - TelegramConflictError: Telegram server says - Conflict: terminated by other getUpdates request; make sure that only one bot instance is running
WARNING:aiogram.dispatcher:Sleep for 4.946840 seconds and try again... (tryings = 687, bot id = 8802005800)
ERROR:aiogram.dispatcher:Failed to fetch updates - TelegramConflictError: Telegram server says - Conflict: terminated by other getUpdates request; make sure that only one bot instance is running
WARNING:aiogram.dispatcher:Sleep for 5.079881 seconds and try again... (tryings = 688, bot id = 8802005800)
ERROR:aiogram.dispatcher:Failed to fetch updates - TelegramConflictError: Telegram server says - Conflict: terminated by other getUpdates request; make sure that only one bot instance is running
WARNING:aiogram.dispatcher:Sleep for 5.141587 seconds and try again... (tryings = 689, bot id = 8802005800)
ERROR:aiogram.dispatcher:Failed to fetch updates - TelegramConflictError: Telegram server says - Conflict: terminated by other getUpdates request; make sure that only one bot instance is running
WARNING:aiogram.dispatcher:Sleep for 4.893642 seconds and try again... (tryings = 690, bot id = 8802005800)
ERROR:aiogram.dispatcher:Failed to fetch updates - TelegramConflictError: Telegram server says - Conflict: terminated by other getUpdates request; make sure that only one bot instance is running
WARNING:aiogram.dispatcher:Sleep for 5.212176 seconds and try again... (tryings = 691, bot id = 8802005800)
ERROR:aiogram.dispatcher:Failed to fetch updates - TelegramConflictError: Telegram server says - Conflict: terminated by other getUpdates request; make sure that only one bot instance is running
WARNING:aiogram.dispatcher:Sleep for 4.850911 seconds and try again... (tryings = 692, bot id = 8802005800)
ERROR:aiogram.dispatcher:Failed to fetch updates - TelegramConflictError: Telegram server says - Conflict: terminated by other getUpdates request; make sure that only one bot instance is running
WARNING:aiogram.dispatcher:Sleep for 4.841459 seconds and try again... (tryings = 693, bot id = 8802005800)
ERROR:aiogram.dispatcher:Failed to fetch updates - TelegramConflictError: Telegram server says - Conflict: terminated by other getUpdates request; make sure that only one bot instance is running
WARNING:aiogram.dispatcher:Sleep for 4.960489 seconds and try again... (tryings = 694, bot id = 8802005800)
ERROR:aiogram.dispatcher:Failed to fetch updates - TelegramConflictError: Telegram server says - Conflict: terminated by other getUpdates request; make sure that only one bot instance is running
WARNING:aiogram.dispatcher:Sleep for 4.765301 seconds and try again... (tryings = 695, bot id = 8802005800)
ERROR:aiogram.dispatcher:Failed to fetch updates - TelegramConflictError: Telegram server says - Conflict: terminated by other getUpdates request; make sure that only one bot instance is running
WARNING:aiogram.dispatcher:Sleep for 5.089963 seconds and try again... (tryings = 696, bot id = 8802005800)
ERROR:aiogram.dispatcher:Failed to fetch updates - TelegramConflictError: Telegram server says - Conflict: terminated by other getUpdates request; make sure that only one bot instance is running
WARNING:aiogram.dispatcher:Sleep for 5.008801 seconds and try again... (tryings = 697, bot id = 8802005800)
ERROR:aiogram.dispatcher:Failed to fetch updates - TelegramConflictError: Telegram server says - Conflict: terminated by other getUpdates request; make sure that only one bot instance is running
WARNING:aiogram.dispatcher:Sleep for 5.000218 seconds and try again... (tryings = 698, bot id = 8802005800)
ERROR:aiogram.dispatcher:Failed to fetch updates - TelegramConflictError: Telegram server says - Conflict: terminated by other getUpdates request; make sure that only one bot instance is running
WARNING:aiogram.dispatcher:Sleep for 5.122922 seconds and try again... (tryings = 699, bot id = 8802005800)
ERROR:aiogram.dispatcher:Failed to fetch updates - TelegramConflictError: Telegram server says - Conflict: terminated by other getUpdates request; make sure that only one bot instance is running
WARNING:aiogram.dispatcher:Sleep for 4.976688 seconds and try again... (tryings = 700, bot id = 8802005800)
ERROR:aiogram.dispatcher:Failed to fetch updates - TelegramConflictError: Telegram server says - Conflict: terminated by other getUpdates request; make sure that only one bot instance is running
WARNING:aiogram.dispatcher:Sleep for 4.911762 seconds and try again... (tryings = 701, bot id = 8802005800)
ERROR:aiogram.dispatcher:Failed to fetch updates - TelegramConflictError: Telegram server says - Conflict: terminated by other getUpdates request; make sure that only one bot instance is running
WARNING:aiogram.dispatcher:Sleep for 4.982589 seconds and try again... (tryings = 702, bot id = 8802005800)
ERROR:aiogram.dispatcher:Failed to fetch updates - TelegramConflictError: Telegram server says - Conflict: terminated by other getUpdates request; make sure that only one bot instance is running
WARNING:aiogram.dispatcher:Sleep for 5.035508 seconds and try again... (tryings = 703, bot id = 8802005800)
ERROR:aiogram.dispatcher:Failed to fetch updates - TelegramConflictError: Telegram server says - Conflict: terminated by other getUpdates request; make sure that only one bot instance is running
WARNING:aiogram.dispatcher:Sleep for 5.057555 seconds and try again... (tryings = 704, bot id = 8802005800)
ERROR:aiogram.dispatcher:Failed to fetch updates - TelegramConflictError: Telegram server says - Conflict: terminated by other getUpdates request; make sure that only one bot instance is running
WARNING:aiogram.dispatcher:Sleep for 4.868476 seconds and try again... (tryings = 705, bot id = 8802005800)
ERROR:aiogram.dispatcher:Failed to fetch updates - TelegramConflictError: Telegram server says - Conflict: terminated by other getUpdates request; make sure that only one bot instance is running
WARNING:aiogram.dispatcher:Sleep for 5.081454 seconds and try again... (tryings = 706, bot id = 8802005800)
ERROR:aiogram.dispatcher:Failed to fetch updates - TelegramConflictError: Telegram server says - Conflict: terminated by other getUpdates request; make sure that only one bot instance is running
WARNING:aiogram.dispatcher:Sleep for 4.986566 seconds and try again... (tryings = 707, bot id = 8802005800)
ERROR:aiogram.dispatcher:Failed to fetch updates - TelegramConflictError: Telegram server says - Conflict: terminated by other getUpdates request; make sure that only one bot instance is running
WARNING:aiogram.dispatcher:Sleep for 5.143565 seconds and try again... (tryings = 708, bot id = 8802005800)
ERROR:aiogram.dispatcher:Failed to fetch updates - TelegramConflictError: Telegram server says - Conflict: terminated by other getUpdates request; make sure that only one bot instance is running
WARNING:aiogram.dispatcher:Sleep for 4.935567 seconds and try again... (tryings = 709, bot id = 8802005800)
ERROR:aiogram.dispatcher:Failed to fetch updates - TelegramConflictError: Telegram server says - Conflict: terminated by other getUpdates request; make sure that only one bot instance is running
WARNING:aiogram.dispatcher:Sleep for 5.024010 seconds and try again... (tryings = 710, bot id = 8802005800)
ERROR:aiogram.dispatcher:Failed to fetch updates - TelegramConflictError: Telegram server says - Conflict: terminated by other getUpdates request; make sure that only one bot instance is running
WARNING:aiogram.dispatcher:Sleep for 5.036154 seconds and try again... (tryings = 711, bot id = 8802005800)
ERROR:aiogram.dispatcher:Failed to fetch updates - TelegramConflictError: Telegram server says - Conflict: terminated by other getUpdates request; make sure that only one bot instance is running
WARNING:aiogram.dispatcher:Sleep for 5.036051 seconds and try again... (tryings = 712, bot id = 8802005800)
ERROR:aiogram.dispatcher:Failed to fetch updates - TelegramConflictError: Telegram server says - Conflict: terminated by other getUpdates request; make sure that only one bot instance is running
WARNING:aiogram.dispatcher:Sleep for 5.171070 seconds and try again... (tryings = 713, bot id = 8802005800)
ERROR:aiogram.dispatcher:Failed to fetch updates - TelegramConflictError: Telegram server says - Conflict: terminated by other getUpdates request; make sure that only one bot instance is running
WARNING:aiogram.dispatcher:Sleep for 4.935190 seconds and try again... (tryings = 714, bot id = 8802005800)
ERROR:aiogram.dispatcher:Failed to fetch updates - TelegramConflictError: Telegram server says - Conflict: terminated by other getUpdates request; make sure that only one bot instance is running
WARNING:aiogram.dispatcher:Sleep for 4.828691 seconds and try again... (tryings = 715, bot id = 8802005800)
ERROR:aiogram.dispatcher:Failed to fetch updates - TelegramConflictError: Telegram server says - Conflict: terminated by other getUpdates request; make sure that only one bot instance is running
WARNING:aiogram.dispatcher:Sleep for 5.050755 seconds and try again... (tryings = 716, bot id = 8802005800)
ERROR:aiogram.dispatcher:Failed to fetch updates - TelegramConflictError: Telegram server says - Conflict: terminated by other getUpdates request; make sure that only one bot instance is running
WARNING:aiogram.dispatcher:Sleep for 5.062302 seconds and try again... (tryings = 717, bot id = 8802005800)
ERROR:aiogram.dispatcher:Failed to fetch updates - TelegramConflictError: Telegram server says - Conflict: terminated by other getUpdates request; make sure that only one bot instance is running
WARNING:aiogram.dispatcher:Sleep for 5.003887 seconds and try again... (tryings = 718, bot id = 8802005800)
ERROR:aiogram.dispatcher:Failed to fetch updates - TelegramConflictError: Telegram server says - Conflict: terminated by other getUpdates request; make sure that only one bot instance is running
WARNING:aiogram.dispatcher:Sleep for 4.996502 seconds and try again... (tryings = 719, bot id = 8802005800)
ERROR:aiogram.dispatcher:Failed to fetch updates - TelegramConflictError: Telegram server says - Conflict: terminated by other getUpdates request; make sure that only one bot instance is running
WARNING:aiogram.dispatcher:Sleep for 4.942306 seconds and try again... (tryings = 720, bot id = 8802005800)
ERROR:aiogram.dispatcher:Failed to fetch updates - TelegramConflictError: Telegram server says - Conflict: terminated by other getUpdates request; make sure that only one bot instance is running
WARNING:aiogram.dispatcher:Sleep for 4.949629 seconds and try again... (tryings = 721, bot id = 8802005800)
ERROR:aiogram.dispatcher:Failed to fetch updates - TelegramConflictError: Telegram server says - Conflict: terminated by other getUpdates request; make sure that only one bot instance is running
WARNING:aiogram.dispatcher:Sleep for 5.065790 seconds and try again... (tryings = 722, bot id = 8802005800)
ERROR:aiogram.dispatcher:Failed to fetch updates - TelegramConflictError: Telegram server says - Conflict: terminated by other getUpdates request; make sure that only one bot instance is running
WARNING:aiogram.dispatcher:Sleep for 4.985320 seconds and try again... (tryings = 723, bot id = 8802005800)
ERROR:aiogram.dispatcher:Failed to fetch updates - TelegramConflictError: Telegram server says - Conflict: terminated by other getUpdates request; make sure that only one bot instance is running
WARNING:aiogram.dispatcher:Sleep for 5.041974 seconds and try again... (tryings = 724, bot id = 8802005800)
ERROR:aiogram.dispatcher:Failed to fetch updates - TelegramConflictError: Telegram server says - Conflict: terminated by other getUpdates request; make sure that only one bot instance is running
WARNING:aiogram.dispatcher:Sleep for 5.020331 seconds and try again... (tryings = 725, bot id = 8802005800)
ERROR:aiogram.dispatcher:Failed to fetch updates - TelegramConflictError: Telegram server says - Conflict: terminated by other getUpdates request; make sure that only one bot instance is running
WARNING:aiogram.dispatcher:Sleep for 5.119327 seconds and try again... (tryings = 726, bot id = 8802005800)
ERROR:aiogram.dispatcher:Failed to fetch updates - TelegramConflictError: Telegram server says - Conflict: terminated by other getUpdates request; make sure that only one bot instance is running
WARNING:aiogram.dispatcher:Sleep for 5.010820 seconds and try again... (tryings = 727, bot id = 8802005800)
ERROR:aiogram.dispatcher:Failed to fetch updates - TelegramConflictError: Telegram server says - Conflict: terminated by other getUpdates request; make sure that only one bot instance is running
WARNING:aiogram.dispatcher:Sleep for 5.095242 seconds and try again... (tryings = 728, bot id = 8802005800)
ERROR:aiogram.dispatcher:Failed to fetch updates - TelegramConflictError: Telegram server says - Conflict: terminated by other getUpdates request; make sure that only one bot instance is running
WARNING:aiogram.dispatcher:Sleep for 5.009064 seconds and try again... (tryings = 729, bot id = 8802005800)
ERROR:aiogram.dispatcher:Failed to fetch updates - TelegramConflictError: Telegram server says - Conflict: terminated by other getUpdates request; make sure that only one bot instance is running
WARNING:aiogram.dispatcher:Sleep for 4.932999 seconds and try again... (tryings = 730, bot id = 8802005800)
ERROR:aiogram.dispatcher:Failed to fetch updates - TelegramConflictError: Telegram server says - Conflict: terminated by other getUpdates request; make sure that only one bot instance is running
WARNING:aiogram.dispatcher:Sleep for 4.974049 seconds and try again... (tryings = 731, bot id = 8802005800)
ERROR:aiogram.dispatcher:Failed to fetch updates - TelegramConflictError: Telegram server says - Conflict: terminated by other getUpdates request; make sure that only one bot instance is running
WARNING:aiogram.dispatcher:Sleep for 5.048449 seconds and try again... (tryings = 732, bot id = 8802005800)
ERROR:aiogram.dispatcher:Failed to fetch updates - TelegramConflictError: Telegram server says - Conflict: terminated by other getUpdates request; make sure that only one bot instance is running
WARNING:aiogram.dispatcher:Sleep for 4.979149 seconds and try again... (tryings = 733, bot id = 8802005800)
ERROR:aiogram.dispatcher:Failed to fetch updates - TelegramConflictError: Telegram server says - Conflict: terminated by other getUpdates request; make sure that only one bot instance is running
WARNING:aiogram.dispatcher:Sleep for 5.120965 seconds and try again... (tryings = 734, bot id = 8802005800)
ERROR:aiogram.dispatcher:Failed to fetch updates - TelegramConflictError: Telegram server says - Conflict: terminated by other getUpdates request; make sure that only one bot instance is running
WARNING:aiogram.dispatcher:Sleep for 5.011615 seconds and try again... (tryings = 735, bot id = 8802005800)
ERROR:aiogram.dispatcher:Failed to fetch updates - TelegramConflictError: Telegram server says - Conflict: terminated by other getUpdates request; make sure that only one bot instance is running
WARNING:aiogram.dispatcher:Sleep for 5.064795 seconds and try again... (tryings = 736, bot id = 8802005800)
ERROR:aiogram.dispatcher:Failed to fetch updates - TelegramConflictError: Telegram server says - Conflict: terminated by other getUpdates request; make sure that only one bot instance is running
WARNING:aiogram.dispatcher:Sleep for 5.058439 seconds and try again... (tryings = 737, bot id = 8802005800)
ERROR:aiogram.dispatcher:Failed to fetch updates - TelegramConflictError: Telegram server says - Conflict: terminated by other getUpdates request; make sure that only one bot instance is running
WARNING:aiogram.dispatcher:Sleep for 4.972716 seconds and try again... (tryings = 738, bot id = 8802005800)
ERROR:aiogram.dispatcher:Failed to fetch updates - TelegramConflictError: Telegram server says - Conflict: terminated by other getUpdates request; make sure that only one bot instance is running
WARNING:aiogram.dispatcher:Sleep for 4.937550 seconds and try again... (tryings = 739, bot id = 8802005800)
ERROR:aiogram.dispatcher:Failed to fetch updates - TelegramConflictError: Telegram server says - Conflict: terminated by other getUpdates request; make sure that only one bot instance is running
WARNING:aiogram.dispatcher:Sleep for 4.959316 seconds and try again... (tryings = 740, bot id = 8802005800)
ERROR:aiogram.dispatcher:Failed to fetch updates - TelegramConflictError: Telegram server says - Conflict: terminated by other getUpdates request; make sure that only one bot instance is running
WARNING:aiogram.dispatcher:Sleep for 4.963762 seconds and try again... (tryings = 741, bot id = 8802005800)
ERROR:aiogram.dispatcher:Failed to fetch updates - TelegramConflictError: Telegram server says - Conflict: terminated by other getUpdates request; make sure that only one bot instance is running
WARNING:aiogram.dispatcher:Sleep for 5.072252 seconds and try again... (tryings = 742, bot id = 8802005800)
ERROR:aiogram.dispatcher:Failed to fetch updates - TelegramConflictError: Telegram server says - Conflict: terminated by other getUpdates request; make sure that only one bot instance is running
WARNING:aiogram.dispatcher:Sleep for 4.756116 seconds and try again... (tryings = 743, bot id = 8802005800)
ERROR:aiogram.dispatcher:Failed to fetch updates - TelegramConflictError: Telegram server says - Conflict: terminated by other getUpdates request; make sure that only one bot instance is running
WARNING:aiogram.dispatcher:Sleep for 5.121274 seconds and try again... (tryings = 744, bot id = 8802005800)
ERROR:aiogram.dispatcher:Failed to fetch updates - TelegramConflictError: Telegram server says - Conflict: terminated by other getUpdates request; make sure that only one bot instance is running
WARNING:aiogram.dispatcher:Sleep for 5.033718 seconds and try again... (tryings = 745, bot id = 8802005800)
ERROR:aiogram.dispatcher:Failed to fetch updates - TelegramConflictError: Telegram server says - Conflict: terminated by other getUpdates request; make sure that only one bot instance is running
WARNING:aiogram.dispatcher:Sleep for 5.084448 seconds and try again... (tryings = 746, bot id = 8802005800)
ERROR:aiogram.dispatcher:Failed to fetch updates - TelegramConflictError: Telegram server says - Conflict: terminated by other getUpdates request; make sure that only one bot instance is running
WARNING:aiogram.dispatcher:Sleep for 5.102352 seconds and try again... (tryings = 747, bot id = 8802005800)
ERROR:aiogram.dispatcher:Failed to fetch updates - TelegramConflictError: Telegram server says - Conflict: terminated by other getUpdates request; make sure that only one bot instance is running
WARNING:aiogram.dispatcher:Sleep for 4.903731 seconds and try again... (tryings = 748, bot id = 8802005800)
ERROR:aiogram.dispatcher:Failed to fetch updates - TelegramConflictError: Telegram server says - Conflict: terminated by other getUpdates request; make sure that only one bot instance is running
WARNING:aiogram.dispatcher:Sleep for 4.935334 seconds and try again... (tryings = 749, bot id = 8802005800)
ERROR:aiogram.dispatcher:Failed to fetch updates - TelegramConflictError: Telegram server says - Conflict: terminated by other getUpdates request; make sure that only one bot instance is running
WARNING:aiogram.dispatcher:Sleep for 4.885059 seconds and try again... (tryings = 750, bot id = 8802005800)
ERROR:aiogram.dispatcher:Failed to fetch updates - TelegramConflictError: Telegram server says - Conflict: terminated by other getUpdates request; make sure that only one bot instance is running
WARNING:aiogram.dispatcher:Sleep for 4.979167 seconds and try again... (tryings = 751, bot id = 8802005800)
ERROR:aiogram.dispatcher:Failed to fetch updates - TelegramConflictError: Telegram server says - Conflict: terminated by other getUpdates request; make sure that only one bot instance is running
WARNING:aiogram.dispatcher:Sleep for 4.941827 seconds and try again... (tryings = 752, bot id = 8802005800)
ERROR:aiogram.dispatcher:Failed to fetch updates - TelegramConflictError: Telegram server says - Conflict: terminated by other getUpdates request; make sure that only one bot instance is running
WARNING:aiogram.dispatcher:Sleep for 5.101809 seconds and try again... (tryings = 753, bot id = 8802005800)
ERROR:aiogram.dispatcher:Failed to fetch updates - TelegramConflictError: Telegram server says - Conflict: terminated by other getUpdates request; make sure that only one bot instance is running
WARNING:aiogram.dispatcher:Sleep for 5.227982 seconds and try again... (tryings = 754, bot id = 8802005800)
ERROR:aiogram.dispatcher:Failed to fetch updates - TelegramConflictError: Telegram server says - Conflict: terminated by other getUpdates request; make sure that only one bot instance is running
WARNING:aiogram.dispatcher:Sleep for 4.931304 seconds and try again... (tryings = 755, bot id = 8802005800)
ERROR:aiogram.dispatcher:Failed to fetch updates - TelegramConflictError: Telegram server says - Conflict: terminated by other getUpdates request; make sure that only one bot instance is running
WARNING:aiogram.dispatcher:Sleep for 4.887338 seconds and try again... (tryings = 756, bot id = 8802005800)
ERROR:aiogram.dispatcher:Failed to fetch updates - TelegramConflictError: Telegram server says - Conflict: terminated by other getUpdates request; make sure that only one bot instance is running
WARNING:aiogram.dispatcher:Sleep for 5.118744 seconds and try again... (tryings = 757, bot id = 8802005800)
ERROR:aiogram.dispatcher:Failed to fetch updates - TelegramConflictError: Telegram server says - Conflict: terminated by other getUpdates request; make sure that only one bot instance is running
WARNING:aiogram.dispatcher:Sleep for 4.950650 seconds and try again... (tryings = 758, bot id = 8802005800)
ERROR:aiogram.dispatcher:Failed to fetch updates - TelegramConflictError: Telegram server says - Conflict: terminated by other getUpdates request; make sure that only one bot instance is running
WARNING:aiogram.dispatcher:Sleep for 4.848375 seconds and try again... (tryings = 759, bot id = 8802005800)
ERROR:aiogram.dispatcher:Failed to fetch updates - TelegramConflictError: Telegram server says - Conflict: terminated by other getUpdates request; make sure that only one bot instance is running
WARNING:aiogram.dispatcher:Sleep for 5.023108 seconds and try again... (tryings = 760, bot id = 8802005800)
ERROR:aiogram.dispatcher:Failed to fetch updates - TelegramConflictError: Telegram server says - Conflict: terminated by other getUpdates request; make sure that only one bot instance is running
WARNING:aiogram.dispatcher:Sleep for 4.794819 seconds and try again... (tryings = 761, bot id = 8802005800)
ERROR:aiogram.dispatcher:Failed to fetch updates - TelegramConflictError: Telegram server says - Conflict: terminated by other getUpdates request; make sure that only one bot instance is running
WARNING:aiogram.dispatcher:Sleep for 4.921696 seconds and try again... (tryings = 762, bot id = 8802005800)
ERROR:aiogram.dispatcher:Failed to fetch updates - TelegramConflictError: Telegram server says - Conflict: terminated by other getUpdates request; make sure that only one bot instance is running
WARNING:aiogram.dispatcher:Sleep for 4.936996 seconds and try again... (tryings = 763, bot id = 8802005800)
ERROR:aiogram.dispatcher:Failed to fetch updates - TelegramConflictError: Telegram server says - Conflict: terminated by other getUpdates request; make sure that only one bot instance is running
WARNING:aiogram.dispatcher:Sleep for 4.989029 seconds and try again... (tryings = 764, bot id = 8802005800)
ERROR:aiogram.dispatcher:Failed to fetch updates - TelegramConflictError: Telegram server says - Conflict: terminated by other getUpdates request; make sure that only one bot instance is running
WARNING:aiogram.dispatcher:Sleep for 5.028287 seconds and try again... (tryings = 765, bot id = 8802005800)
ERROR:aiogram.dispatcher:Failed to fetch updates - TelegramConflictError: Telegram server says - Conflict: terminated by other getUpdates request; make sure that only one bot instance is running
WARNING:aiogram.dispatcher:Sleep for 5.064749 seconds and try again... (tryings = 766, bot id = 8802005800)
ERROR:aiogram.dispatcher:Failed to fetch updates - TelegramConflictError: Telegram server says - Conflict: terminated by other getUpdates request; make sure that only one bot instance is running
WARNING:aiogram.dispatcher:Sleep for 5.028570 seconds and try again... (tryings = 767, bot id = 8802005800)
ERROR:aiogram.dispatcher:Failed to fetch updates - TelegramConflictError: Telegram server says - Conflict: terminated by other getUpdates request; make sure that only one bot instance is running
WARNING:aiogram.dispatcher:Sleep for 4.990328 seconds and try again... (tryings = 768, bot id = 8802005800)
ERROR:aiogram.dispatcher:Failed to fetch updates - TelegramConflictError: Telegram server says - Conflict: terminated by other getUpdates request; make sure that only one bot instance is running
WARNING:aiogram.dispatcher:Sleep for 4.991648 seconds and try again... (tryings = 769, bot id = 8802005800)
ERROR:aiogram.dispatcher:Failed to fetch updates - TelegramConflictError: Telegram server says - Conflict: terminated by other getUpdates request; make sure that only one bot instance is running
WARNING:aiogram.dispatcher:Sleep for 5.064811 seconds and try again... (tryings = 770, bot id = 8802005800)
ERROR:aiogram.dispatcher:Failed to fetch updates - TelegramConflictError: Telegram server says - Conflict: terminated by other getUpdates request; make sure that only one bot instance is running
WARNING:aiogram.dispatcher:Sleep for 5.070116 seconds and try again... (tryings = 771, bot id = 8802005800)
ERROR:aiogram.dispatcher:Failed to fetch updates - TelegramConflictError: Telegram server says - Conflict: terminated by other getUpdates request; make sure that only one bot instance is running
WARNING:aiogram.dispatcher:Sleep for 5.083466 seconds and try again... (tryings = 772, bot id = 8802005800)
ERROR:aiogram.dispatcher:Failed to fetch updates - TelegramConflictError: Telegram server says - Conflict: terminated by other getUpdates request; make sure that only one bot instance is running
WARNING:aiogram.dispatcher:Sleep for 5.069533 seconds and try again... (tryings = 773, bot id = 8802005800)
ERROR:aiogram.dispatcher:Failed to fetch updates - TelegramConflictError: Telegram server says - Conflict: terminated by other getUpdates request; make sure that only one bot instance is running
WARNING:aiogram.dispatcher:Sleep for 4.998796 seconds and try again... (tryings = 774, bot id = 8802005800)
ERROR:aiogram.dispatcher:Failed to fetch updates - TelegramConflictError: Telegram server says - Conflict: terminated by other getUpdates request; make sure that only one bot instance is running
WARNING:aiogram.dispatcher:Sleep for 4.993591 seconds and try again... (tryings = 775, bot id = 8802005800)
ERROR:aiogram.dispatcher:Failed to fetch updates - TelegramConflictError: Telegram server says - Conflict: terminated by other getUpdates request; make sure that only one bot instance is running
WARNING:aiogram.dispatcher:Sleep for 4.883538 seconds and try again... (tryings = 776, bot id = 8802005800)
ERROR:aiogram.dispatcher:Failed to fetch updates - TelegramConflictError: Telegram server says - Conflict: terminated by other getUpdates request; make sure that only one bot instance is running
WARNING:aiogram.dispatcher:Sleep for 4.870063 seconds and try again... (tryings = 777, bot id = 8802005800)
ERROR:aiogram.dispatcher:Failed to fetch updates - TelegramConflictError: Telegram server says - Conflict: terminated by other getUpdates request; make sure that only one bot instance is running
WARNING:aiogram.dispatcher:Sleep for 4.996381 seconds and try again... (tryings = 778, bot id = 8802005800)
ERROR:aiogram.dispatcher:Failed to fetch updates - TelegramConflictError: Telegram server says - Conflict: terminated by other getUpdates request; make sure that only one bot instance is running
WARNING:aiogram.dispatcher:Sleep for 5.152617 seconds and try again... (tryings = 779, bot id = 8802005800)
ERROR:aiogram.dispatcher:Failed to fetch updates - TelegramConflictError: Telegram server says - Conflict: terminated by other getUpdates request; make sure that only one bot instance is running
WARNING:aiogram.dispatcher:Sleep for 5.107220 seconds and try again... (tryings = 780, bot id = 8802005800)
ERROR:aiogram.dispatcher:Failed to fetch updates - TelegramConflictError: Telegram server says - Conflict: terminated by other getUpdates request; make sure that only one bot instance is running
WARNING:aiogram.dispatcher:Sleep for 5.043395 seconds and try again... (tryings = 781, bot id = 8802005800)
ERROR:aiogram.dispatcher:Failed to fetch updates - TelegramConflictError: Telegram server says - Conflict: terminated by other getUpdates request; make sure that only one bot instance is running
WARNING:aiogram.dispatcher:Sleep for 5.019374 seconds and try again... (tryings = 782, bot id = 8802005800)
ERROR:aiogram.dispatcher:Failed to fetch updates - TelegramConflictError: Telegram server says - Conflict: terminated by other getUpdates request; make sure that only one bot instance is running
WARNING:aiogram.dispatcher:Sleep for 4.933198 seconds and try again... (tryings = 783, bot id = 8802005800)
ERROR:aiogram.dispatcher:Failed to fetch updates - TelegramConflictError: Telegram server says - Conflict: terminated by other getUpdates request; make sure that only one bot instance is running
WARNING:aiogram.dispatcher:Sleep for 5.193898 seconds and try again... (tryings = 784, bot id = 8802005800)
ERROR:aiogram.dispatcher:Failed to fetch updates - TelegramConflictError: Telegram server says - Conflict: terminated by other getUpdates request; make sure that only one bot instance is running
WARNING:aiogram.dispatcher:Sleep for 4.964621 seconds and try again... (tryings = 785, bot id = 8802005800)
ERROR:aiogram.dispatcher:Failed to fetch updates - TelegramConflictError: Telegram server says - Conflict: terminated by other getUpdates request; make sure that only one bot instance is running
WARNING:aiogram.dispatcher:Sleep for 5.043651 seconds and try again... (tryings = 786, bot id = 8802005800)
ERROR:aiogram.dispatcher:Failed to fetch updates - TelegramConflictError: Telegram server says - Conflict: terminated by other getUpdates request; make sure that only one bot instance is running
WARNING:aiogram.dispatcher:Sleep for 5.209862 seconds and try again... (tryings = 787, bot id = 8802005800)
ERROR:aiogram.dispatcher:Failed to fetch updates - TelegramConflictError: Telegram server says - Conflict: terminated by other getUpdates request; make sure that only one bot instance is running
WARNING:aiogram.dispatcher:Sleep for 4.886763 seconds and try again... (tryings = 788, bot id = 8802005800)
ERROR:aiogram.dispatcher:Failed to fetch updates - TelegramConflictError: Telegram server says - Conflict: terminated by other getUpdates request; make sure that only one bot instance is running
WARNING:aiogram.dispatcher:Sleep for 5.003683 seconds and try again... (tryings = 789, bot id = 8802005800)
ERROR:aiogram.dispatcher:Failed to fetch updates - TelegramConflictError: Telegram server says - Conflict: terminated by other getUpdates request; make sure that only one bot instance is running
WARNING:aiogram.dispatcher:Sleep for 4.977112 seconds and try again... (tryings = 790, bot id = 8802005800)
ERROR:aiogram.dispatcher:Failed to fetch updates - TelegramConflictError: Telegram server says - Conflict: terminated by other getUpdates request; make sure that only one bot instance is running
WARNING:aiogram.dispatcher:Sleep for 4.999594 seconds and try again... (tryings = 791, bot id = 8802005800)
ERROR:aiogram.dispatcher:Failed to fetch updates - TelegramConflictError: Telegram server says - Conflict: terminated by other getUpdates request; make sure that only one bot instance is running
WARNING:aiogram.dispatcher:Sleep for 4.992576 seconds and try again... (tryings = 792, bot id = 8802005800)
ERROR:aiogram.dispatcher:Failed to fetch updates - TelegramConflictError: Telegram server says - Conflict: terminated by other getUpdates request; make sure that only one bot instance is running
WARNING:aiogram.dispatcher:Sleep for 4.995802 seconds and try again... (tryings = 793, bot id = 8802005800)
ERROR:aiogram.dispatcher:Failed to fetch updates - TelegramConflictError: Telegram server says - Conflict: terminated by other getUpdates request; make sure that only one bot instance is running
WARNING:aiogram.dispatcher:Sleep for 5.021594 seconds and try again... (tryings = 794, bot id = 8802005800)
ERROR:aiogram.dispatcher:Failed to fetch updates - TelegramConflictError: Telegram server says - Conflict: terminated by other getUpdates request; make sure that only one bot instance is running
WARNING:aiogram.dispatcher:Sleep for 5.050289 seconds and try again... (tryings = 795, bot id = 8802005800)
ERROR:aiogram.dispatcher:Failed to fetch updates - TelegramConflictError: Telegram server says - Conflict: terminated by other getUpdates request; make sure that only one bot instance is running
WARNING:aiogram.dispatcher:Sleep for 5.143868 seconds and try again... (tryings = 796, bot id = 8802005800)
ERROR:aiogram.dispatcher:Failed to fetch updates - TelegramConflictError: Telegram server says - Conflict: terminated by other getUpdates request; make sure that only one bot instance is running
WARNING:aiogram.dispatcher:Sleep for 4.918000 seconds and try again... (tryings = 797, bot id = 8802005800)
ERROR:aiogram.dispatcher:Failed to fetch updates - TelegramConflictError: Telegram server says - Conflict: terminated by other getUpdates request; make sure that only one bot instance is running
WARNING:aiogram.dispatcher:Sleep for 4.895356 seconds and try again... (tryings = 798, bot id = 8802005800)
ERROR:aiogram.dispatcher:Failed to fetch updates - TelegramConflictError: Telegram server says - Conflict: terminated by other getUpdates request; make sure that only one bot instance is running
WARNING:aiogram.dispatcher:Sleep for 4.835070 seconds and try again... (tryings = 799, bot id = 8802005800)
ERROR:aiogram.dispatcher:Failed to fetch updates - TelegramConflictError: Telegram server says - Conflict: terminated by other getUpdates request; make sure that only one bot instance is running
WARNING:aiogram.dispatcher:Sleep for 4.971729 seconds and try again... (tryings = 800, bot id = 8802005800)
ERROR:aiogram.dispatcher:Failed to fetch updates - TelegramConflictError: Telegram server says - Conflict: terminated by other getUpdates request; make sure that only one bot instance is running
WARNING:aiogram.dispatcher:Sleep for 5.080240 seconds and try again... (tryings = 801, bot id = 8802005800)
ERROR:aiogram.dispatcher:Failed to fetch updates - TelegramConflictError: Telegram server says - Conflict: terminated by other getUpdates request; make sure that only one bot instance is running
WARNING:aiogram.dispatcher:Sleep for 5.064475 seconds and try again... (tryings = 802, bot id = 8802005800)
ERROR:aiogram.dispatcher:Failed to fetch updates - TelegramConflictError: Telegram server says - Conflict: terminated by other getUpdates request; make sure that only one bot instance is running
WARNING:aiogram.dispatcher:Sleep for 5.048230 seconds and try again... (tryings = 803, bot id = 8802005800)
ERROR:aiogram.dispatcher:Failed to fetch updates - TelegramConflictError: Telegram server says - Conflict: terminated by other getUpdates request; make sure that only one bot instance is running
WARNING:aiogram.dispatcher:Sleep for 5.103529 seconds and try again... (tryings = 804, bot id = 8802005800)
ERROR:aiogram.dispatcher:Failed to fetch updates - TelegramConflictError: Telegram server says - Conflict: terminated by other getUpdates request; make sure that only one bot instance is running
WARNING:aiogram.dispatcher:Sleep for 5.153418 seconds and try again... (tryings = 805, bot id = 8802005800)
ERROR:aiogram.dispatcher:Failed to fetch updates - TelegramConflictError: Telegram server says - Conflict: terminated by other getUpdates request; make sure that only one bot instance is running
WARNING:aiogram.dispatcher:Sleep for 4.865981 seconds and try again... (tryings = 806, bot id = 8802005800)
ERROR:aiogram.dispatcher:Failed to fetch updates - TelegramConflictError: Telegram server says - Conflict: terminated by other getUpdates request; make sure that only one bot instance is running
WARNING:aiogram.dispatcher:Sleep for 4.918352 seconds and try again... (tryings = 807, bot id = 8802005800)
ERROR:aiogram.dispatcher:Failed to fetch updates - TelegramConflictError: Telegram server says - Conflict: terminated by other getUpdates request; make sure that only one bot instance is running
WARNING:aiogram.dispatcher:Sleep for 5.026449 seconds and try again... (tryings = 808, bot id = 8802005800)
ERROR:aiogram.dispatcher:Failed to fetch updates - TelegramConflictError: Telegram server says - Conflict: terminated by other getUpdates request; make sure that only one bot instance is running
WARNING:aiogram.dispatcher:Sleep for 5.027877 seconds and try again... (tryings = 809, bot id = 8802005800)
ERROR:aiogram.dispatcher:Failed to fetch updates - TelegramConflictError: Telegram server says - Conflict: terminated by other getUpdates request; make sure that only one bot instance is running
WARNING:aiogram.dispatcher:Sleep for 4.886311 seconds and try again... (tryings = 810, bot id = 8802005800)
ERROR:aiogram.dispatcher:Failed to fetch updates - TelegramConflictError: Telegram server says - Conflict: terminated by other getUpdates request; make sure that only one bot instance is running
WARNING:aiogram.dispatcher:Sleep for 5.125240 seconds and try again... (tryings = 811, bot id = 8802005800)
ERROR:aiogram.dispatcher:Failed to fetch updates - TelegramConflictError: Telegram server says - Conflict: terminated by other getUpdates request; make sure that only one bot instance is running
WARNING:aiogram.dispatcher:Sleep for 4.942111 seconds and try again... (tryings = 812, bot id = 8802005800)
ERROR:aiogram.dispatcher:Failed to fetch updates - TelegramConflictError: Telegram server says - Conflict: terminated by other getUpdates request; make sure that only one bot instance is running
WARNING:aiogram.dispatcher:Sleep for 5.055667 seconds and try again... (tryings = 813, bot id = 8802005800)
ERROR:aiogram.dispatcher:Failed to fetch updates - TelegramConflictError: Telegram server says - Conflict: terminated by other getUpdates request; make sure that only one bot instance is running
WARNING:aiogram.dispatcher:Sleep for 4.744351 seconds and try again... (tryings = 814, bot id = 8802005800)
ERROR:aiogram.dispatcher:Failed to fetch updates - TelegramConflictError: Telegram server says - Conflict: terminated by other getUpdates request; make sure that only one bot instance is running
WARNING:aiogram.dispatcher:Sleep for 4.854392 seconds and try again... (tryings = 815, bot id = 8802005800)
ERROR:aiogram.dispatcher:Failed to fetch updates - TelegramConflictError: Telegram server says - Conflict: terminated by other getUpdates request; make sure that only one bot instance is running
WARNING:aiogram.dispatcher:Sleep for 5.122819 seconds and try again... (tryings = 816, bot id = 8802005800)
ERROR:aiogram.dispatcher:Failed to fetch updates - TelegramConflictError: Telegram server says - Conflict: terminated by other getUpdates request; make sure that only one bot instance is running
WARNING:aiogram.dispatcher:Sleep for 4.787140 seconds and try again... (tryings = 817, bot id = 8802005800)
ERROR:aiogram.dispatcher:Failed to fetch updates - TelegramConflictError: Telegram server says - Conflict: terminated by other getUpdates request; make sure that only one bot instance is running
WARNING:aiogram.dispatcher:Sleep for 4.987324 seconds and try again... (tryings = 818, bot id = 8802005800)
ERROR:aiogram.dispatcher:Failed to fetch updates - TelegramConflictError: Telegram server says - Conflict: terminated by other getUpdates request; make sure that only one bot instance is running
WARNING:aiogram.dispatcher:Sleep for 4.998870 seconds and try again... (tryings = 819, bot id = 8802005800)
ERROR:aiogram.dispatcher:Failed to fetch updates - TelegramConflictError: Telegram server says - Conflict: terminated by other getUpdates request; make sure that only one bot instance is running
WARNING:aiogram.dispatcher:Sleep for 4.916163 seconds and try again... (tryings = 820, bot id = 8802005800)
ERROR:aiogram.dispatcher:Failed to fetch updates - TelegramConflictError: Telegram server says - Conflict: terminated by other getUpdates request; make sure that only one bot instance is running
WARNING:aiogram.dispatcher:Sleep for 4.821815 seconds and try again... (tryings = 821, bot id = 8802005800)
ERROR:aiogram.dispatcher:Failed to fetch updates - TelegramConflictError: Telegram server says - Conflict: terminated by other getUpdates request; make sure that only one bot instance is running
WARNING:aiogram.dispatcher:Sleep for 4.827687 seconds and try again... (tryings = 822, bot id = 8802005800)
ERROR:aiogram.dispatcher:Failed to fetch updates - TelegramConflictError: Telegram server says - Conflict: terminated by other getUpdates request; make sure that only one bot instance is running
WARNING:aiogram.dispatcher:Sleep for 5.008351 seconds and try again... (tryings = 823, bot id = 8802005800)
ERROR:aiogram.dispatcher:Failed to fetch updates - TelegramConflictError: Telegram server says - Conflict: terminated by other getUpdates request; make sure that only one bot instance is running
WARNING:aiogram.dispatcher:Sleep for 4.937497 seconds and try again... (tryings = 824, bot id = 8802005800)
ERROR:aiogram.dispatcher:Failed to fetch updates - TelegramConflictError: Telegram server says - Conflict: terminated by other getUpdates request; make sure that only one bot instance is running
WARNING:aiogram.dispatcher:Sleep for 4.946042 seconds and try again... (tryings = 825, bot id = 8802005800)
ERROR:aiogram.dispatcher:Failed to fetch updates - TelegramConflictError: Telegram server says - Conflict: terminated by other getUpdates request; make sure that only one bot instance is running
WARNING:aiogram.dispatcher:Sleep for 5.019052 seconds and try again... (tryings = 826, bot id = 8802005800)
ERROR:aiogram.dispatcher:Failed to fetch updates - TelegramConflictError: Telegram server says - Conflict: terminated by other getUpdates request; make sure that only one bot instance is running
WARNING:aiogram.dispatcher:Sleep for 5.035707 seconds and try again... (tryings = 827, bot id = 8802005800)
ERROR:aiogram.dispatcher:Failed to fetch updates - TelegramConflictError: Telegram server says - Conflict: terminated by other getUpdates request; make sure that only one bot instance is running
WARNING:aiogram.dispatcher:Sleep for 5.091760 seconds and try again... (tryings = 828, bot id = 8802005800)
ERROR:aiogram.dispatcher:Failed to fetch updates - TelegramConflictError: Telegram server says - Conflict: terminated by other getUpdates request; make sure that only one bot instance is running
WARNING:aiogram.dispatcher:Sleep for 5.087345 seconds and try again... (tryings = 829, bot id = 8802005800)
ERROR:aiogram.dispatcher:Failed to fetch updates - TelegramConflictError: Telegram server says - Conflict: terminated by other getUpdates request; make sure that only one bot instance is running
WARNING:aiogram.dispatcher:Sleep for 5.121346 seconds and try again... (tryings = 830, bot id = 8802005800)
ERROR:aiogram.dispatcher:Failed to fetch updates - TelegramConflictError: Telegram server says - Conflict: terminated by other getUpdates request; make sure that only one bot instance is running
WARNING:aiogram.dispatcher:Sleep for 4.837145 seconds and try again... (tryings = 831, bot id = 8802005800)
ERROR:aiogram.dispatcher:Failed to fetch updates - TelegramConflictError: Telegram server says - Conflict: terminated by other getUpdates request; make sure that only one bot instance is running
WARNING:aiogram.dispatcher:Sleep for 4.921199 seconds and try again... (tryings = 832, bot id = 8802005800)
ERROR:aiogram.dispatcher:Failed to fetch updates - TelegramConflictError: Telegram server says - Conflict: terminated by other getUpdates request; make sure that only one bot instance is running
WARNING:aiogram.dispatcher:Sleep for 5.056229 seconds and try again... (tryings = 833, bot id = 8802005800)
ERROR:aiogram.dispatcher:Failed to fetch updates - TelegramConflictError: Telegram server says - Conflict: terminated by other getUpdates request; make sure that only one bot instance is running
WARNING:aiogram.dispatcher:Sleep for 4.911003 seconds and try again... (tryings = 834, bot id = 8802005800)
ERROR:aiogram.dispatcher:Failed to fetch updates - TelegramConflictError: Telegram server says - Conflict: terminated by other getUpdates request; make sure that only one bot instance is running
WARNING:aiogram.dispatcher:Sleep for 4.944434 seconds and try again... (tryings = 835, bot id = 8802005800)
ERROR:aiogram.dispatcher:Failed to fetch updates - TelegramConflictError: Telegram server says - Conflict: terminated by other getUpdates request; make sure that only one bot instance is running
WARNING:aiogram.dispatcher:Sleep for 4.893872 seconds and try again... (tryings = 836, bot id = 8802005800)
ERROR:aiogram.dispatcher:Failed to fetch updates - TelegramConflictError: Telegram server says - Conflict: terminated by other getUpdates request; make sure that only one bot instance is running
WARNING:aiogram.dispatcher:Sleep for 4.979908 seconds and try again... (tryings = 837, bot id = 8802005800)
ERROR:aiogram.dispatcher:Failed to fetch updates - TelegramConflictError: Telegram server says - Conflict: terminated by other getUpdates request; make sure that only one bot instance is running
WARNING:aiogram.dispatcher:Sleep for 4.939889 seconds and try again... (tryings = 838, bot id = 8802005800)
ERROR:aiogram.dispatcher:Failed to fetch updates - TelegramConflictError: Telegram server says - Conflict: terminated by other getUpdates request; make sure that only one bot instance is running
WARNING:aiogram.dispatcher:Sleep for 5.096368 seconds and try again... (tryings = 839, bot id = 8802005800)
ERROR:aiogram.dispatcher:Failed to fetch updates - TelegramConflictError: Telegram server says - Conflict: terminated by other getUpdates request; make sure that only one bot instance is running
WARNING:aiogram.dispatcher:Sleep for 4.817128 seconds and try again... (tryings = 840, bot id = 8802005800)
ERROR:aiogram.dispatcher:Failed to fetch updates - TelegramConflictError: Telegram server says - Conflict: terminated by other getUpdates request; make sure that only one bot instance is running
WARNING:aiogram.dispatcher:Sleep for 5.012649 seconds and try again... (tryings = 841, bot id = 8802005800)
ERROR:aiogram.dispatcher:Failed to fetch updates - TelegramConflictError: Telegram server says - Conflict: terminated by other getUpdates request; make sure that only one bot instance is running
WARNING:aiogram.dispatcher:Sleep for 4.898304 seconds and try again... (tryings = 842, bot id = 8802005800)
ERROR:aiogram.dispatcher:Failed to fetch updates - TelegramConflictError: Telegram server says - Conflict: terminated by other getUpdates request; make sure that only one bot instance is running
WARNING:aiogram.dispatcher:Sleep for 4.912962 seconds and try again... (tryings = 843, bot id = 8802005800)
ERROR:aiogram.dispatcher:Failed to fetch updates - TelegramConflictError: Telegram server says - Conflict: terminated by other getUpdates request; make sure that only one bot instance is running
WARNING:aiogram.dispatcher:Sleep for 5.179394 seconds and try again... (tryings = 844, bot id = 8802005800)
ERROR:aiogram.dispatcher:Failed to fetch updates - TelegramConflictError: Telegram server says - Conflict: terminated by other getUpdates request; make sure that only one bot instance is running
WARNING:aiogram.dispatcher:Sleep for 4.779145 seconds and try again... (tryings = 845, bot id = 8802005800)
ERROR:aiogram.dispatcher:Failed to fetch updates - TelegramConflictError: Telegram server says - Conflict: terminated by other getUpdates request; make sure that only one bot instance is running
WARNING:aiogram.dispatcher:Sleep for 4.823263 seconds and try again... (tryings = 846, bot id = 8802005800)
ERROR:aiogram.dispatcher:Failed to fetch updates - TelegramConflictError: Telegram server says - Conflict: terminated by other getUpdates request; make sure that only one bot instance is running
WARNING:aiogram.dispatcher:Sleep for 4.983792 seconds and try again... (tryings = 847, bot id = 8802005800)
ERROR:aiogram.dispatcher:Failed to fetch updates - TelegramConflictError: Telegram server says - Conflict: terminated by other getUpdates request; make sure that only one bot instance is running
WARNING:aiogram.dispatcher:Sleep for 5.181832 seconds and try again... (tryings = 848, bot id = 8802005800)
ERROR:aiogram.dispatcher:Failed to fetch updates - TelegramConflictError: Telegram server says - Conflict: terminated by other getUpdates request; make sure that only one bot instance is running
WARNING:aiogram.dispatcher:Sleep for 4.925325 seconds and try again... (tryings = 849, bot id = 8802005800)
ERROR:aiogram.dispatcher:Failed to fetch updates - TelegramConflictError: Telegram server says - Conflict: terminated by other getUpdates request; make sure that only one bot instance is running
WARNING:aiogram.dispatcher:Sleep for 5.286489 seconds and try again... (tryings = 850, bot id = 8802005800)
ERROR:aiogram.dispatcher:Failed to fetch updates - TelegramConflictError: Telegram server says - Conflict: terminated by other getUpdates request; make sure that only one bot instance is running
WARNING:aiogram.dispatcher:Sleep for 4.955247 seconds and try again... (tryings = 851, bot id = 8802005800)
ERROR:aiogram.dispatcher:Failed to fetch updates - TelegramConflictError: Telegram server says - Conflict: terminated by other getUpdates request; make sure that only one bot instance is running
WARNING:aiogram.dispatcher:Sleep for 5.022468 seconds and try again... (tryings = 852, bot id = 8802005800)
ERROR:aiogram.dispatcher:Failed to fetch updates - TelegramConflictError: Telegram server says - Conflict: terminated by other getUpdates request; make sure that only one bot instance is running
WARNING:aiogram.dispatcher:Sleep for 5.038754 seconds and try again... (tryings = 853, bot id = 8802005800)
ERROR:aiogram.dispatcher:Failed to fetch updates - TelegramConflictError: Telegram server says - Conflict: terminated by other getUpdates request; make sure that only one bot instance is running
WARNING:aiogram.dispatcher:Sleep for 5.016725 seconds and try again... (tryings = 854, bot id = 8802005800)
ERROR:aiogram.dispatcher:Failed to fetch updates - TelegramConflictError: Telegram server says - Conflict: terminated by other getUpdates request; make sure that only one bot instance is running
WARNING:aiogram.dispatcher:Sleep for 5.157018 seconds and try again... (tryings = 855, bot id = 8802005800)
ERROR:aiogram.dispatcher:Failed to fetch updates - TelegramConflictError: Telegram server says - Conflict: terminated by other getUpdates request; make sure that only one bot instance is running
WARNING:aiogram.dispatcher:Sleep for 4.981210 seconds and try again... (tryings = 856, bot id = 8802005800)
ERROR:aiogram.dispatcher:Failed to fetch updates - TelegramConflictError: Telegram server says - Conflict: terminated by other getUpdates request; make sure that only one bot instance is running
WARNING:aiogram.dispatcher:Sleep for 5.024787 seconds and try again... (tryings = 857, bot id = 8802005800)
ERROR:aiogram.dispatcher:Failed to fetch updates - TelegramConflictError: Telegram server says - Conflict: terminated by other getUpdates request; make sure that only one bot instance is running
WARNING:aiogram.dispatcher:Sleep for 5.056263 seconds and try again... (tryings = 858, bot id = 8802005800)
ERROR:aiogram.dispatcher:Failed to fetch updates - TelegramConflictError: Telegram server says - Conflict: terminated by other getUpdates request; make sure that only one bot instance is running
WARNING:aiogram.dispatcher:Sleep for 4.879370 seconds and try again... (tryings = 859, bot id = 8802005800)
ERROR:aiogram.dispatcher:Failed to fetch updates - TelegramConflictError: Telegram server says - Conflict: terminated by other getUpdates request; make sure that only one bot instance is running
WARNING:aiogram.dispatcher:Sleep for 5.120118 seconds and try again... (tryings = 860, bot id = 8802005800)
ERROR:aiogram.dispatcher:Failed to fetch updates - TelegramConflictError: Telegram server says - Conflict: terminated by other getUpdates request; make sure that only one bot instance is running
WARNING:aiogram.dispatcher:Sleep for 5.015771 seconds and try again... (tryings = 861, bot id = 8802005800)
ERROR:aiogram.dispatcher:Failed to fetch updates - TelegramConflictError: Telegram server says - Conflict: terminated by other getUpdates request; make sure that only one bot instance is running
WARNING:aiogram.dispatcher:Sleep for 4.958448 seconds and try again... (tryings = 862, bot id = 8802005800)
ERROR:aiogram.dispatcher:Failed to fetch updates - TelegramConflictError: Telegram server says - Conflict: terminated by other getUpdates request; make sure that only one bot instance is running
WARNING:aiogram.dispatcher:Sleep for 4.975582 seconds and try again... (tryings = 863, bot id = 8802005800)
ERROR:aiogram.dispatcher:Failed to fetch updates - TelegramConflictError: Telegram server says - Conflict: terminated by other getUpdates request; make sure that only one bot instance is running
WARNING:aiogram.dispatcher:Sleep for 5.091236 seconds and try again... (tryings = 864, bot id = 8802005800)
ERROR:aiogram.dispatcher:Failed to fetch updates - TelegramConflictError: Telegram server says - Conflict: terminated by other getUpdates request; make sure that only one bot instance is running
WARNING:aiogram.dispatcher:Sleep for 5.030755 seconds and try again... (tryings = 865, bot id = 8802005800)
ERROR:aiogram.dispatcher:Failed to fetch updates - TelegramConflictError: Telegram server says - Conflict: terminated by other getUpdates request; make sure that only one bot instance is running
WARNING:aiogram.dispatcher:Sleep for 4.938434 seconds and try again... (tryings = 866, bot id = 8802005800)
ERROR:aiogram.dispatcher:Failed to fetch updates - TelegramConflictError: Telegram server says - Conflict: terminated by other getUpdates request; make sure that only one bot instance is running
WARNING:aiogram.dispatcher:Sleep for 4.971448 seconds and try again... (tryings = 867, bot id = 8802005800)
ERROR:aiogram.dispatcher:Failed to fetch updates - TelegramConflictError: Telegram server says - Conflict: terminated by other getUpdates request; make sure that only one bot instance is running
WARNING:aiogram.dispatcher:Sleep for 5.022588 seconds and try again... (tryings = 868, bot id = 8802005800)
ERROR:aiogram.dispatcher:Failed to fetch updates - TelegramConflictError: Telegram server says - Conflict: terminated by other getUpdates request; make sure that only one bot instance is running
WARNING:aiogram.dispatcher:Sleep for 5.059508 seconds and try again... (tryings = 869, bot id = 8802005800)
ERROR:aiogram.dispatcher:Failed to fetch updates - TelegramConflictError: Telegram server says - Conflict: terminated by other getUpdates request; make sure that only one bot instance is running
WARNING:aiogram.dispatcher:Sleep for 4.838354 seconds and try again... (tryings = 870, bot id = 8802005800)
ERROR:aiogram.dispatcher:Failed to fetch updates - TelegramConflictError: Telegram server says - Conflict: terminated by other getUpdates request; make sure that only one bot instance is running
WARNING:aiogram.dispatcher:Sleep for 4.958703 seconds and try again... (tryings = 871, bot id = 8802005800)
ERROR:aiogram.dispatcher:Failed to fetch updates - TelegramConflictError: Telegram server says - Conflict: terminated by other getUpdates request; make sure that only one bot instance is running
WARNING:aiogram.dispatcher:Sleep for 5.249792 seconds and try again... (tryings = 872, bot id = 8802005800)
ERROR:aiogram.dispatcher:Failed to fetch updates - TelegramConflictError: Telegram server says - Conflict: terminated by other getUpdates request; make sure that only one bot instance is running
WARNING:aiogram.dispatcher:Sleep for 5.053354 seconds and try again... (tryings = 873, bot id = 8802005800)
ERROR:aiogram.dispatcher:Failed to fetch updates - TelegramConflictError: Telegram server says - Conflict: terminated by other getUpdates request; make sure that only one bot instance is running
WARNING:aiogram.dispatcher:Sleep for 4.909412 seconds and try again... (tryings = 874, bot id = 8802005800)
ERROR:aiogram.dispatcher:Failed to fetch updates - TelegramConflictError: Telegram server says - Conflict: terminated by other getUpdates request; make sure that only one bot instance is running
WARNING:aiogram.dispatcher:Sleep for 4.984014 seconds and try again... (tryings = 875, bot id = 8802005800)
ERROR:aiogram.dispatcher:Failed to fetch updates - TelegramConflictError: Telegram server says - Conflict: terminated by other getUpdates request; make sure that only one bot instance is running
WARNING:aiogram.dispatcher:Sleep for 5.106284 seconds and try again... (tryings = 876, bot id = 8802005800)
ERROR:aiogram.dispatcher:Failed to fetch updates - TelegramConflictError: Telegram server says - Conflict: terminated by other getUpdates request; make sure that only one bot instance is running
WARNING:aiogram.dispatcher:Sleep for 5.117516 seconds and try again... (tryings = 877, bot id = 8802005800)
ERROR:aiogram.dispatcher:Failed to fetch updates - TelegramConflictError: Telegram server says - Conflict: terminated by other getUpdates request; make sure that only one bot instance is running
WARNING:aiogram.dispatcher:Sleep for 5.069594 seconds and try again... (tryings = 878, bot id = 8802005800)
ERROR:aiogram.dispatcher:Failed to fetch updates - TelegramConflictError: Telegram server says - Conflict: terminated by other getUpdates request; make sure that only one bot instance is running
WARNING:aiogram.dispatcher:Sleep for 4.979757 seconds and try again... (tryings = 879, bot id = 8802005800)
ERROR:aiogram.dispatcher:Failed to fetch updates - TelegramConflictError: Telegram server says - Conflict: terminated by other getUpdates request; make sure that only one bot instance is running
WARNING:aiogram.dispatcher:Sleep for 4.864717 seconds and try again... (tryings = 880, bot id = 8802005800)
ERROR:aiogram.dispatcher:Failed to fetch updates - TelegramConflictError: Telegram server says - Conflict: terminated by other getUpdates request; make sure that only one bot instance is running
WARNING:aiogram.dispatcher:Sleep for 4.957352 seconds and try again... (tryings = 881, bot id = 8802005800)
ERROR:aiogram.dispatcher:Failed to fetch updates - TelegramConflictError: Telegram server says - Conflict: terminated by other getUpdates request; make sure that only one bot instance is running
WARNING:aiogram.dispatcher:Sleep for 4.993628 seconds and try again... (tryings = 882, bot id = 8802005800)
ERROR:aiogram.dispatcher:Failed to fetch updates - TelegramConflictError: Telegram server says - Conflict: terminated by other getUpdates request; make sure that only one bot instance is running
WARNING:aiogram.dispatcher:Sleep for 5.070151 seconds and try again... (tryings = 883, bot id = 8802005800)
ERROR:aiogram.dispatcher:Failed to fetch updates - TelegramConflictError: Telegram server says - Conflict: terminated by other getUpdates request; make sure that only one bot instance is running
WARNING:aiogram.dispatcher:Sleep for 4.981608 seconds and try again... (tryings = 884, bot id = 8802005800)
ERROR:aiogram.dispatcher:Failed to fetch updates - TelegramConflictError: Telegram server says - Conflict: terminated by other getUpdates request; make sure that only one bot instance is running
WARNING:aiogram.dispatcher:Sleep for 5.057945 seconds and try again... (tryings = 885, bot id = 8802005800)
ERROR:aiogram.dispatcher:Failed to fetch updates - TelegramConflictError: Telegram server says - Conflict: terminated by other getUpdates request; make sure that only one bot instance is running
WARNING:aiogram.dispatcher:Sleep for 5.043233 seconds and try again... (tryings = 886, bot id = 8802005800)
ERROR:aiogram.dispatcher:Failed to fetch updates - TelegramConflictError: Telegram server says - Conflict: terminated by other getUpdates request; make sure that only one bot instance is running
WARNING:aiogram.dispatcher:Sleep for 4.955875 seconds and try again... (tryings = 887, bot id = 8802005800)
ERROR:aiogram.dispatcher:Failed to fetch updates - TelegramConflictError: Telegram server says - Conflict: terminated by other getUpdates request; make sure that only one bot instance is running
WARNING:aiogram.dispatcher:Sleep for 5.083352 seconds and try again... (tryings = 888, bot id = 8802005800)
ERROR:aiogram.dispatcher:Failed to fetch updates - TelegramConflictError: Telegram server says - Conflict: terminated by other getUpdates request; make sure that only one bot instance is running
WARNING:aiogram.dispatcher:Sleep for 5.046285 seconds and try again... (tryings = 889, bot id = 8802005800)
ERROR:aiogram.dispatcher:Failed to fetch updates - TelegramConflictError: Telegram server says - Conflict: terminated by other getUpdates request; make sure that only one bot instance is running
WARNING:aiogram.dispatcher:Sleep for 4.822643 seconds and try again... (tryings = 890, bot id = 8802005800)
ERROR:aiogram.dispatcher:Failed to fetch updates - TelegramConflictError: Telegram server says - Conflict: terminated by other getUpdates request; make sure that only one bot instance is running
WARNING:aiogram.dispatcher:Sleep for 5.011536 seconds and try again... (tryings = 891, bot id = 8802005800)
ERROR:aiogram.dispatcher:Failed to fetch updates - TelegramConflictError: Telegram server says - Conflict: terminated by other getUpdates request; make sure that only one bot instance is running
WARNING:aiogram.dispatcher:Sleep for 4.933552 seconds and try again... (tryings = 892, bot id = 8802005800)
ERROR:aiogram.dispatcher:Failed to fetch updates - TelegramConflictError: Telegram server says - Conflict: terminated by other getUpdates request; make sure that only one bot instance is running
WARNING:aiogram.dispatcher:Sleep for 4.943148 seconds and try again... (tryings = 893, bot id = 8802005800)
ERROR:aiogram.dispatcher:Failed to fetch updates - TelegramConflictError: Telegram server says - Conflict: terminated by other getUpdates request; make sure that only one bot instance is running
WARNING:aiogram.dispatcher:Sleep for 4.939564 seconds and try again... (tryings = 894, bot id = 8802005800)
ERROR:aiogram.dispatcher:Failed to fetch updates - TelegramConflictError: Telegram server says - Conflict: terminated by other getUpdates request; make sure that only one bot instance is running
WARNING:aiogram.dispatcher:Sleep for 5.043839 seconds and try again... (tryings = 895, bot id = 8802005800)
ERROR:aiogram.dispatcher:Failed to fetch updates - TelegramConflictError: Telegram server says - Conflict: terminated by other getUpdates request; make sure that only one bot instance is running
WARNING:aiogram.dispatcher:Sleep for 5.037336 seconds and try again... (tryings = 896, bot id = 8802005800)
ERROR:aiogram.dispatcher:Failed to fetch updates - TelegramConflictError: Telegram server says - Conflict: terminated by other getUpdates request; make sure that only one bot instance is running
WARNING:aiogram.dispatcher:Sleep for 4.908006 seconds and try again... (tryings = 897, bot id = 8802005800)
ERROR:aiogram.dispatcher:Failed to fetch updates - TelegramConflictError: Telegram server says - Conflict: terminated by other getUpdates request; make sure that only one bot instance is running
WARNING:aiogram.dispatcher:Sleep for 4.885034 seconds and try again... (tryings = 898, bot id = 8802005800)
ERROR:aiogram.dispatcher:Failed to fetch updates - TelegramConflictError: Telegram server says - Conflict: terminated by other getUpdates request; make sure that only one bot instance is running
WARNING:aiogram.dispatcher:Sleep for 4.798080 seconds and try again... (tryings = 899, bot id = 8802005800)
ERROR:aiogram.dispatcher:Failed to fetch updates - TelegramConflictError: Telegram server says - Conflict: terminated by other getUpdates request; make sure that only one bot instance is running
WARNING:aiogram.dispatcher:Sleep for 4.975084 seconds and try again... (tryings = 900, bot id = 8802005800)
ERROR:aiogram.dispatcher:Failed to fetch updates - TelegramConflictError: Telegram server says - Conflict: terminated by other getUpdates request; make sure that only one bot instance is running
WARNING:aiogram.dispatcher:Sleep for 4.897660 seconds and try again... (tryings = 901, bot id = 8802005800)
ERROR:aiogram.dispatcher:Failed to fetch updates - TelegramConflictError: Telegram server says - Conflict: terminated by other getUpdates request; make sure that only one bot instance is running
WARNING:aiogram.dispatcher:Sleep for 4.865676 seconds and try again... (tryings = 902, bot id = 8802005800)
ERROR:aiogram.dispatcher:Failed to fetch updates - TelegramConflictError: Telegram server says - Conflict: terminated by other getUpdates request; make sure that only one bot instance is running
WARNING:aiogram.dispatcher:Sleep for 5.008585 seconds and try again... (tryings = 903, bot id = 8802005800)
ERROR:aiogram.dispatcher:Failed to fetch updates - TelegramConflictError: Telegram server says - Conflict: terminated by other getUpdates request; make sure that only one bot instance is running
WARNING:aiogram.dispatcher:Sleep for 5.151247 seconds and try again... (tryings = 904, bot id = 8802005800)
ERROR:aiogram.dispatcher:Failed to fetch updates - TelegramConflictError: Telegram server says - Conflict: terminated by other getUpdates request; make sure that only one bot instance is running
WARNING:aiogram.dispatcher:Sleep for 4.829631 seconds and try again... (tryings = 905, bot id = 8802005800)
ERROR:aiogram.dispatcher:Failed to fetch updates - TelegramConflictError: Telegram server says - Conflict: terminated by other getUpdates request; make sure that only one bot instance is running
WARNING:aiogram.dispatcher:Sleep for 5.088251 seconds and try again... (tryings = 906, bot id = 8802005800)
ERROR:aiogram.dispatcher:Failed to fetch updates - TelegramConflictError: Telegram server says - Conflict: terminated by other getUpdates request; make sure that only one bot instance is running
WARNING:aiogram.dispatcher:Sleep for 4.964344 seconds and try again... (tryings = 907, bot id = 8802005800)
ERROR:aiogram.dispatcher:Failed to fetch updates - TelegramConflictError: Telegram server says - Conflict: terminated by other getUpdates request; make sure that only one bot instance is running
WARNING:aiogram.dispatcher:Sleep for 4.911123 seconds and try again... (tryings = 908, bot id = 8802005800)
ERROR:aiogram.dispatcher:Failed to fetch updates - TelegramConflictError: Telegram server says - Conflict: terminated by other getUpdates request; make sure that only one bot instance is running
WARNING:aiogram.dispatcher:Sleep for 5.082326 seconds and try again... (tryings = 909, bot id = 8802005800)
ERROR:aiogram.dispatcher:Failed to fetch updates - TelegramConflictError: Telegram server says - Conflict: terminated by other getUpdates request; make sure that only one bot instance is running
WARNING:aiogram.dispatcher:Sleep for 5.086530 seconds and try again... (tryings = 910, bot id = 8802005800)
ERROR:aiogram.dispatcher:Failed to fetch updates - TelegramConflictError: Telegram server says - Conflict: terminated by other getUpdates request; make sure that only one bot instance is running
WARNING:aiogram.dispatcher:Sleep for 5.163069 seconds and try again... (tryings = 911, bot id = 8802005800)
ERROR:aiogram.dispatcher:Failed to fetch updates - TelegramConflictError: Telegram server says - Conflict: terminated by other getUpdates request; make sure that only one bot instance is running
WARNING:aiogram.dispatcher:Sleep for 4.924870 seconds and try again... (tryings = 912, bot id = 8802005800)
ERROR:aiogram.dispatcher:Failed to fetch updates - TelegramConflictError: Telegram server says - Conflict: terminated by other getUpdates request; make sure that only one bot instance is running
WARNING:aiogram.dispatcher:Sleep for 4.845167 seconds and try again... (tryings = 913, bot id = 8802005800)
ERROR:aiogram.dispatcher:Failed to fetch updates - TelegramConflictError: Telegram server says - Conflict: terminated by other getUpdates request; make sure that only one bot instance is running
WARNING:aiogram.dispatcher:Sleep for 5.080567 seconds and try again... (tryings = 914, bot id = 8802005800)
ERROR:aiogram.dispatcher:Failed to fetch updates - TelegramConflictError: Telegram server says - Conflict: terminated by other getUpdates request; make sure that only one bot instance is running
WARNING:aiogram.dispatcher:Sleep for 4.917902 seconds and try again... (tryings = 915, bot id = 8802005800)
ERROR:aiogram.dispatcher:Failed to fetch updates - TelegramConflictError: Telegram server says - Conflict: terminated by other getUpdates request; make sure that only one bot instance is running
WARNING:aiogram.dispatcher:Sleep for 4.826400 seconds and try again... (tryings = 916, bot id = 8802005800)
ERROR:aiogram.dispatcher:Failed to fetch updates - TelegramConflictError: Telegram server says - Conflict: terminated by other getUpdates request; make sure that only one bot instance is running
WARNING:aiogram.dispatcher:Sleep for 4.907681 seconds and try again... (tryings = 917, bot id = 8802005800)
ERROR:aiogram.dispatcher:Failed to fetch updates - TelegramConflictError: Telegram server says - Conflict: terminated by other getUpdates request; make sure that only one bot instance is running
WARNING:aiogram.dispatcher:Sleep for 5.096450 seconds and try again... (tryings = 918, bot id = 8802005800)
ERROR:aiogram.dispatcher:Failed to fetch updates - TelegramConflictError: Telegram server says - Conflict: terminated by other getUpdates request; make sure that only one bot instance is running
WARNING:aiogram.dispatcher:Sleep for 5.240718 seconds and try again... (tryings = 919, bot id = 8802005800)
ERROR:aiogram.dispatcher:Failed to fetch updates - TelegramConflictError: Telegram server says - Conflict: terminated by other getUpdates request; make sure that only one bot instance is running
WARNING:aiogram.dispatcher:Sleep for 5.135233 seconds and try again... (tryings = 920, bot id = 8802005800)
ERROR:aiogram.dispatcher:Failed to fetch updates - TelegramConflictError: Telegram server says - Conflict: terminated by other getUpdates request; make sure that only one bot instance is running
WARNING:aiogram.dispatcher:Sleep for 4.837139 seconds and try again... (tryings = 921, bot id = 8802005800)
ERROR:aiogram.dispatcher:Failed to fetch updates - TelegramConflictError: Telegram server says - Conflict: terminated by other getUpdates request; make sure that only one bot instance is running
WARNING:aiogram.dispatcher:Sleep for 4.806661 seconds and try again... (tryings = 922, bot id = 8802005800)
ERROR:aiogram.dispatcher:Failed to fetch updates - TelegramConflictError: Telegram server says - Conflict: terminated by other getUpdates request; make sure that only one bot instance is running
WARNING:aiogram.dispatcher:Sleep for 5.020392 seconds and try again... (tryings = 923, bot id = 8802005800)
ERROR:aiogram.dispatcher:Failed to fetch updates - TelegramConflictError: Telegram server says - Conflict: terminated by other getUpdates request; make sure that only one bot instance is running
WARNING:aiogram.dispatcher:Sleep for 4.975293 seconds and try again... (tryings = 924, bot id = 8802005800)
ERROR:aiogram.dispatcher:Failed to fetch updates - TelegramConflictError: Telegram server says - Conflict: terminated by other getUpdates request; make sure that only one bot instance is running
WARNING:aiogram.dispatcher:Sleep for 5.090465 seconds and try again... (tryings = 925, bot id = 8802005800)
ERROR:aiogram.dispatcher:Failed to fetch updates - TelegramConflictError: Telegram server says - Conflict: terminated by other getUpdates request; make sure that only one bot instance is running
WARNING:aiogram.dispatcher:Sleep for 4.991220 seconds and try again... (tryings = 926, bot id = 8802005800)
ERROR:aiogram.dispatcher:Failed to fetch updates - TelegramConflictError: Telegram server says - Conflict: terminated by other getUpdates request; make sure that only one bot instance is running
WARNING:aiogram.dispatcher:Sleep for 4.968680 seconds and try again... (tryings = 927, bot id = 8802005800)
ERROR:aiogram.dispatcher:Failed to fetch updates - TelegramConflictError: Telegram server says - Conflict: terminated by other getUpdates request; make sure that only one bot instance is running
WARNING:aiogram.dispatcher:Sleep for 4.942893 seconds and try again... (tryings = 928, bot id = 8802005800)
ERROR:aiogram.dispatcher:Failed to fetch updates - TelegramConflictError: Telegram server says - Conflict: terminated by other getUpdates request; make sure that only one bot instance is running
WARNING:aiogram.dispatcher:Sleep for 4.870367 seconds and try again... (tryings = 929, bot id = 8802005800)
ERROR:aiogram.dispatcher:Failed to fetch updates - TelegramConflictError: Telegram server says - Conflict: terminated by other getUpdates request; make sure that only one bot instance is running
WARNING:aiogram.dispatcher:Sleep for 5.183767 seconds and try again... (tryings = 930, bot id = 8802005800)
ERROR:aiogram.dispatcher:Failed to fetch updates - TelegramConflictError: Telegram server says - Conflict: terminated by other getUpdates request; make sure that only one bot instance is running
WARNING:aiogram.dispatcher:Sleep for 5.041445 seconds and try again... (tryings = 931, bot id = 8802005800)
ERROR:aiogram.dispatcher:Failed to fetch updates - TelegramConflictError: Telegram server says - Conflict: terminated by other getUpdates request; make sure that only one bot instance is running
WARNING:aiogram.dispatcher:Sleep for 5.036647 seconds and try again... (tryings = 932, bot id = 8802005800)
ERROR:aiogram.dispatcher:Failed to fetch updates - TelegramConflictError: Telegram server says - Conflict: terminated by other getUpdates request; make sure that only one bot instance is running
WARNING:aiogram.dispatcher:Sleep for 4.782373 seconds and try again... (tryings = 933, bot id = 8802005800)
ERROR:aiogram.dispatcher:Failed to fetch updates - TelegramConflictError: Telegram server says - Conflict: terminated by other getUpdates request; make sure that only one bot instance is running
WARNING:aiogram.dispatcher:Sleep for 5.147607 seconds and try again... (tryings = 934, bot id = 8802005800)
ERROR:aiogram.dispatcher:Failed to fetch updates - TelegramConflictError: Telegram server says - Conflict: terminated by other getUpdates request; make sure that only one bot instance is running
WARNING:aiogram.dispatcher:Sleep for 5.046353 seconds and try again... (tryings = 935, bot id = 8802005800)
ERROR:aiogram.dispatcher:Failed to fetch updates - TelegramConflictError: Telegram server says - Conflict: terminated by other getUpdates request; make sure that only one bot instance is running
WARNING:aiogram.dispatcher:Sleep for 4.926558 seconds and try again... (tryings = 936, bot id = 8802005800)
ERROR:aiogram.dispatcher:Failed to fetch updates - TelegramConflictError: Telegram server says - Conflict: terminated by other getUpdates request; make sure that only one bot instance is running
WARNING:aiogram.dispatcher:Sleep for 4.870992 seconds and try again... (tryings = 937, bot id = 8802005800)
ERROR:aiogram.dispatcher:Failed to fetch updates - TelegramConflictError: Telegram server says - Conflict: terminated by other getUpdates request; make sure that only one bot instance is running
WARNING:aiogram.dispatcher:Sleep for 4.963403 seconds and try again... (tryings = 938, bot id = 8802005800)
ERROR:aiogram.dispatcher:Failed to fetch updates - TelegramConflictError: Telegram server says - Conflict: terminated by other getUpdates request; make sure that only one bot instance is running
WARNING:aiogram.dispatcher:Sleep for 5.082313 seconds and try again... (tryings = 939, bot id = 8802005800)
ERROR:aiogram.dispatcher:Failed to fetch updates - TelegramConflictError: Telegram server says - Conflict: terminated by other getUpdates request; make sure that only one bot instance is running
WARNING:aiogram.dispatcher:Sleep for 5.063889 seconds and try again... (tryings = 940, bot id = 8802005800)
ERROR:aiogram.dispatcher:Failed to fetch updates - TelegramConflictError: Telegram server says - Conflict: terminated by other getUpdates request; make sure that only one bot instance is running
WARNING:aiogram.dispatcher:Sleep for 4.979132 seconds and try again... (tryings = 941, bot id = 8802005800)
ERROR:aiogram.dispatcher:Failed to fetch updates - TelegramConflictError: Telegram server says - Conflict: terminated by other getUpdates request; make sure that only one bot instance is running
WARNING:aiogram.dispatcher:Sleep for 5.126664 seconds and try again... (tryings = 942, bot id = 8802005800)
ERROR:aiogram.dispatcher:Failed to fetch updates - TelegramConflictError: Telegram server says - Conflict: terminated by other getUpdates request; make sure that only one bot instance is running
WARNING:aiogram.dispatcher:Sleep for 4.964061 seconds and try again... (tryings = 943, bot id = 8802005800)
ERROR:aiogram.dispatcher:Failed to fetch updates - TelegramConflictError: Telegram server says - Conflict: terminated by other getUpdates request; make sure that only one bot instance is running
WARNING:aiogram.dispatcher:Sleep for 4.929876 seconds and try again... (tryings = 944, bot id = 8802005800)
ERROR:aiogram.dispatcher:Failed to fetch updates - TelegramConflictError: Telegram server says - Conflict: terminated by other getUpdates request; make sure that only one bot instance is running
WARNING:aiogram.dispatcher:Sleep for 5.106041 seconds and try again... (tryings = 945, bot id = 8802005800)
ERROR:aiogram.dispatcher:Failed to fetch updates - TelegramConflictError: Telegram server says - Conflict: terminated by other getUpdates request; make sure that only one bot instance is running
WARNING:aiogram.dispatcher:Sleep for 5.077202 seconds and try again... (tryings = 946, bot id = 8802005800)
ERROR:aiogram.dispatcher:Failed to fetch updates - TelegramConflictError: Telegram server says - Conflict: terminated by other getUpdates request; make sure that only one bot instance is running
WARNING:aiogram.dispatcher:Sleep for 4.918034 seconds and try again... (tryings = 947, bot id = 8802005800)
ERROR:aiogram.dispatcher:Failed to fetch updates - TelegramConflictError: Telegram server says - Conflict: terminated by other getUpdates request; make sure that only one bot instance is running
WARNING:aiogram.dispatcher:Sleep for 5.145628 seconds and try again... (tryings = 948, bot id = 8802005800)
ERROR:aiogram.dispatcher:Failed to fetch updates - TelegramConflictError: Telegram server says - Conflict: terminated by other getUpdates request; make sure that only one bot instance is running
WARNING:aiogram.dispatcher:Sleep for 4.999051 seconds and try again... (tryings = 949, bot id = 8802005800)
ERROR:aiogram.dispatcher:Failed to fetch updates - TelegramConflictError: Telegram server says - Conflict: terminated by other getUpdates request; make sure that only one bot instance is running
WARNING:aiogram.dispatcher:Sleep for 5.031822 seconds and try again... (tryings = 950, bot id = 8802005800)
ERROR:aiogram.dispatcher:Failed to fetch updates - TelegramConflictError: Telegram server says - Conflict: terminated by other getUpdates request; make sure that only one bot instance is running
WARNING:aiogram.dispatcher:Sleep for 4.966321 seconds and try again... (tryings = 951, bot id = 8802005800)
ERROR:aiogram.dispatcher:Failed to fetch updates - TelegramConflictError: Telegram server says - Conflict: terminated by other getUpdates request; make sure that only one bot instance is running
WARNING:aiogram.dispatcher:Sleep for 5.009884 seconds and try again... (tryings = 952, bot id = 8802005800)
ERROR:aiogram.dispatcher:Failed to fetch updates - TelegramConflictError: Telegram server says - Conflict: terminated by other getUpdates request; make sure that only one bot instance is running
WARNING:aiogram.dispatcher:Sleep for 4.991184 seconds and try again... (tryings = 953, bot id = 8802005800)
ERROR:aiogram.dispatcher:Failed to fetch updates - TelegramConflictError: Telegram server says - Conflict: terminated by other getUpdates request; make sure that only one bot instance is running
WARNING:aiogram.dispatcher:Sleep for 5.063900 seconds and try again... (tryings = 954, bot id = 8802005800)
ERROR:aiogram.dispatcher:Failed to fetch updates - TelegramConflictError: Telegram server says - Conflict: terminated by other getUpdates request; make sure that only one bot instance is running
WARNING:aiogram.dispatcher:Sleep for 4.985924 seconds and try again... (tryings = 955, bot id = 8802005800)
ERROR:aiogram.dispatcher:Failed to fetch updates - TelegramConflictError: Telegram server says - Conflict: terminated by other getUpdates request; make sure that only one bot instance is running
WARNING:aiogram.dispatcher:Sleep for 5.117519 seconds and try again... (tryings = 956, bot id = 8802005800)
ERROR:aiogram.dispatcher:Failed to fetch updates - TelegramConflictError: Telegram server says - Conflict: terminated by other getUpdates request; make sure that only one bot instance is running
WARNING:aiogram.dispatcher:Sleep for 5.045887 seconds and try again... (tryings = 957, bot id = 8802005800)
ERROR:aiogram.dispatcher:Failed to fetch updates - TelegramConflictError: Telegram server says - Conflict: terminated by other getUpdates request; make sure that only one bot instance is running
WARNING:aiogram.dispatcher:Sleep for 4.981763 seconds and try again... (tryings = 958, bot id = 8802005800)
ERROR:aiogram.dispatcher:Failed to fetch updates - TelegramConflictError: Telegram server says - Conflict: terminated by other getUpdates request; make sure that only one bot instance is running
WARNING:aiogram.dispatcher:Sleep for 4.769009 seconds and try again... (tryings = 959, bot id = 8802005800)
ERROR:aiogram.dispatcher:Failed to fetch updates - TelegramConflictError: Telegram server says - Conflict: terminated by other getUpdates request; make sure that only one bot instance is running
WARNING:aiogram.dispatcher:Sleep for 5.000547 seconds and try again... (tryings = 960, bot id = 8802005800)
ERROR:aiogram.dispatcher:Failed to fetch updates - TelegramConflictError: Telegram server says - Conflict: terminated by other getUpdates request; make sure that only one bot instance is running
WARNING:aiogram.dispatcher:Sleep for 5.109664 seconds and try again... (tryings = 961, bot id = 8802005800)
ERROR:aiogram.dispatcher:Failed to fetch updates - TelegramConflictError: Telegram server says - Conflict: terminated by other getUpdates request; make sure that only one bot instance is running
WARNING:aiogram.dispatcher:Sleep for 4.901517 seconds and try again... (tryings = 962, bot id = 8802005800)
ERROR:aiogram.dispatcher:Failed to fetch updates - TelegramConflictError: Telegram server says - Conflict: terminated by other getUpdates request; make sure that only one bot instance is running
WARNING:aiogram.dispatcher:Sleep for 4.966929 seconds and try again... (tryings = 963, bot id = 8802005800)
ERROR:aiogram.dispatcher:Failed to fetch updates - TelegramConflictError: Telegram server says - Conflict: terminated by other getUpdates request; make sure that only one bot instance is running
WARNING:aiogram.dispatcher:Sleep for 4.970767 seconds and try again... (tryings = 964, bot id = 8802005800)
ERROR:aiogram.dispatcher:Failed to fetch updates - TelegramConflictError: Telegram server says - Conflict: terminated by other getUpdates request; make sure that only one bot instance is running
WARNING:aiogram.dispatcher:Sleep for 4.883074 seconds and try again... (tryings = 965, bot id = 8802005800)
ERROR:aiogram.dispatcher:Failed to fetch updates - TelegramConflictError: Telegram server says - Conflict: terminated by other getUpdates request; make sure that only one bot instance is running
WARNING:aiogram.dispatcher:Sleep for 4.969559 seconds and try again... (tryings = 966, bot id = 8802005800)
ERROR:aiogram.dispatcher:Failed to fetch updates - TelegramConflictError: Telegram server says - Conflict: terminated by other getUpdates request; make sure that only one bot instance is running
WARNING:aiogram.dispatcher:Sleep for 4.910753 seconds and try again... (tryings = 967, bot id = 8802005800)
ERROR:aiogram.dispatcher:Failed to fetch updates - TelegramConflictError: Telegram server says - Conflict: terminated by other getUpdates request; make sure that only one bot instance is running
WARNING:aiogram.dispatcher:Sleep for 4.971308 seconds and try again... (tryings = 968, bot id = 8802005800)
ERROR:aiogram.dispatcher:Failed to fetch updates - TelegramConflictError: Telegram server says - Conflict: terminated by other getUpdates request; make sure that only one bot instance is running
WARNING:aiogram.dispatcher:Sleep for 5.108588 seconds and try again... (tryings = 969, bot id = 8802005800)
ERROR:aiogram.dispatcher:Failed to fetch updates - TelegramConflictError: Telegram server says - Conflict: terminated by other getUpdates request; make sure that only one bot instance is running
WARNING:aiogram.dispatcher:Sleep for 4.937856 seconds and try again... (tryings = 970, bot id = 8802005800)
ERROR:aiogram.dispatcher:Failed to fetch updates - TelegramConflictError: Telegram server says - Conflict: terminated by other getUpdates request; make sure that only one bot instance is running
WARNING:aiogram.dispatcher:Sleep for 5.002877 seconds and try again... (tryings = 971, bot id = 8802005800)
ERROR:aiogram.dispatcher:Failed to fetch updates - TelegramConflictError: Telegram server says - Conflict: terminated by other getUpdates request; make sure that only one bot instance is running
WARNING:aiogram.dispatcher:Sleep for 4.900868 seconds and try again... (tryings = 972, bot id = 8802005800)
ERROR:aiogram.dispatcher:Failed to fetch updates - TelegramConflictError: Telegram server says - Conflict: terminated by other getUpdates request; make sure that only one bot instance is running
WARNING:aiogram.dispatcher:Sleep for 4.859517 seconds and try again... (tryings = 973, bot id = 8802005800)
ERROR:aiogram.dispatcher:Failed to fetch updates - TelegramConflictError: Telegram server says - Conflict: terminated by other getUpdates request; make sure that only one bot instance is running
WARNING:aiogram.dispatcher:Sleep for 4.996362 seconds and try again... (tryings = 974, bot id = 8802005800)
ERROR:aiogram.dispatcher:Failed to fetch updates - TelegramConflictError: Telegram server says - Conflict: terminated by other getUpdates request; make sure that only one bot instance is running
WARNING:aiogram.dispatcher:Sleep for 5.073020 seconds and try again... (tryings = 975, bot id = 8802005800)
ERROR:aiogram.dispatcher:Failed to fetch updates - TelegramConflictError: Telegram server says - Conflict: terminated by other getUpdates request; make sure that only one bot instance is running
WARNING:aiogram.dispatcher:Sleep for 5.105890 seconds and try again... (tryings = 976, bot id = 8802005800)
ERROR:aiogram.dispatcher:Failed to fetch updates - TelegramConflictError: Telegram server says - Conflict: terminated by other getUpdates request; make sure that only one bot instance is running
WARNING:aiogram.dispatcher:Sleep for 4.929696 seconds and try again... (tryings = 977, bot id = 8802005800)
ERROR:aiogram.dispatcher:Failed to fetch updates - TelegramConflictError: Telegram server says - Conflict: terminated by other getUpdates request; make sure that only one bot instance is running
WARNING:aiogram.dispatcher:Sleep for 4.821239 seconds and try again... (tryings = 978, bot id = 8802005800)
ERROR:aiogram.dispatcher:Failed to fetch updates - TelegramConflictError: Telegram server says - Conflict: terminated by other getUpdates request; make sure that only one bot instance is running
WARNING:aiogram.dispatcher:Sleep for 4.993383 seconds and try again... (tryings = 979, bot id = 8802005800)
ERROR:aiogram.dispatcher:Failed to fetch updates - TelegramConflictError: Telegram server says - Conflict: terminated by other getUpdates request; make sure that only one bot instance is running
WARNING:aiogram.dispatcher:Sleep for 5.025689 seconds and try again... (tryings = 980, bot id = 8802005800)
ERROR:aiogram.dispatcher:Failed to fetch updates - TelegramConflictError: Telegram server says - Conflict: terminated by other getUpdates request; make sure that only one bot instance is running
WARNING:aiogram.dispatcher:Sleep for 4.967706 seconds and try again... (tryings = 981, bot id = 8802005800)
ERROR:aiogram.dispatcher:Failed to fetch updates - TelegramConflictError: Telegram server says - Conflict: terminated by other getUpdates request; make sure that only one bot instance is running
WARNING:aiogram.dispatcher:Sleep for 5.170005 seconds and try again... (tryings = 982, bot id = 8802005800)
ERROR:aiogram.dispatcher:Failed to fetch updates - TelegramConflictError: Telegram server says - Conflict: terminated by other getUpdates request; make sure that only one bot instance is running
WARNING:aiogram.dispatcher:Sleep for 5.139988 seconds and try again... (tryings = 983, bot id = 8802005800)
ERROR:aiogram.dispatcher:Failed to fetch updates - TelegramConflictError: Telegram server says - Conflict: terminated by other getUpdates request; make sure that only one bot instance is running
WARNING:aiogram.dispatcher:Sleep for 4.988725 seconds and try again... (tryings = 984, bot id = 8802005800)
ERROR:aiogram.dispatcher:Failed to fetch updates - TelegramConflictError: Telegram server says - Conflict: terminated by other getUpdates request; make sure that only one bot instance is running
WARNING:aiogram.dispatcher:Sleep for 5.058271 seconds and try again... (tryings = 985, bot id = 8802005800)
ERROR:aiogram.dispatcher:Failed to fetch updates - TelegramConflictError: Telegram server says - Conflict: terminated by other getUpdates request; make sure that only one bot instance is running
WARNING:aiogram.dispatcher:Sleep for 4.901827 seconds and try again... (tryings = 986, bot id = 8802005800)
ERROR:aiogram.dispatcher:Failed to fetch updates - TelegramConflictError: Telegram server says - Conflict: terminated by other getUpdates request; make sure that only one bot instance is running
WARNING:aiogram.dispatcher:Sleep for 4.851698 seconds and try again... (tryings = 987, bot id = 8802005800)
ERROR:aiogram.dispatcher:Failed to fetch updates - TelegramConflictError: Telegram server says - Conflict: terminated by other getUpdates request; make sure that only one bot instance is running
WARNING:aiogram.dispatcher:Sleep for 4.922892 seconds and try again... (tryings = 988, bot id = 8802005800)
ERROR:aiogram.dispatcher:Failed to fetch updates - TelegramConflictError: Telegram server says - Conflict: terminated by other getUpdates request; make sure that only one bot instance is running
WARNING:aiogram.dispatcher:Sleep for 4.955579 seconds and try again... (tryings = 989, bot id = 8802005800)
ERROR:aiogram.dispatcher:Failed to fetch updates - TelegramConflictError: Telegram server says - Conflict: terminated by other getUpdates request; make sure that only one bot instance is running
WARNING:aiogram.dispatcher:Sleep for 5.030943 seconds and try again... (tryings = 990, bot id = 8802005800)
ERROR:aiogram.dispatcher:Failed to fetch updates - TelegramConflictError: Telegram server says - Conflict: terminated by other getUpdates request; make sure that only one bot instance is running
WARNING:aiogram.dispatcher:Sleep for 4.892960 seconds and try again... (tryings = 991, bot id = 8802005800)
ERROR:aiogram.dispatcher:Failed to fetch updates - TelegramConflictError: Telegram server says - Conflict: terminated by other getUpdates request; make sure that only one bot instance is running
WARNING:aiogram.dispatcher:Sleep for 4.892386 seconds and try again... (tryings = 992, bot id = 8802005800)
ERROR:aiogram.dispatcher:Failed to fetch updates - TelegramConflictError: Telegram server says - Conflict: terminated by other getUpdates request; make sure that only one bot instance is running
WARNING:aiogram.dispatcher:Sleep for 4.966045 seconds and try again... (tryings = 993, bot id = 8802005800)
ERROR:aiogram.dispatcher:Failed to fetch updates - TelegramConflictError: Telegram server says - Conflict: terminated by other getUpdates request; make sure that only one bot instance is running
WARNING:aiogram.dispatcher:Sleep for 5.137256 seconds and try again... (tryings = 994, bot id = 8802005800)
ERROR:aiogram.dispatcher:Failed to fetch updates - TelegramConflictError: Telegram server says - Conflict: terminated by other getUpdates request; make sure that only one bot instance is running
WARNING:aiogram.dispatcher:Sleep for 5.106135 seconds and try again... (tryings = 995, bot id = 8802005800)
ERROR:aiogram.dispatcher:Failed to fetch updates - TelegramConflictError: Telegram server says - Conflict: terminated by other getUpdates request; make sure that only one bot instance is running
WARNING:aiogram.dispatcher:Sleep for 4.930320 seconds and try again... (tryings = 996, bot id = 8802005800)
ERROR:aiogram.dispatcher:Failed to fetch updates - TelegramConflictError: Telegram server says - Conflict: terminated by other getUpdates request; make sure that only one bot instance is running
WARNING:aiogram.dispatcher:Sleep for 5.064677 seconds and try again... (tryings = 997, bot id = 8802005800)
ERROR:aiogram.dispatcher:Failed to fetch updates - TelegramConflictError: Telegram server says - Conflict: terminated by other getUpdates request; make sure that only one bot instance is running
WARNING:aiogram.dispatcher:Sleep for 4.925803 seconds and try again... (tryings = 998, bot id = 8802005800)
ERROR:aiogram.dispatcher:Failed to fetch updates - TelegramConflictError: Telegram server says - Conflict: terminated by other getUpdates request; make sure that only one bot instance is running
WARNING:aiogram.dispatcher:Sleep for 5.156071 seconds and try again... (tryings = 999, bot id = 8802005800)
ERROR:aiogram.dispatcher:Failed to fetch updates - TelegramConflictError: Telegram server says - Conflict: terminated by other getUpdates request; make sure that only one bot instance is running
WARNING:aiogram.dispatcher:Sleep for 5.082594 seconds and try again... (tryings = 1000, bot id = 8802005800)
ERROR:aiogram.dispatcher:Failed to fetch updates - TelegramConflictError: Telegram server says - Conflict: terminated by other getUpdates request; make sure that only one bot instance is running
WARNING:aiogram.dispatcher:Sleep for 5.092159 seconds and try again... (tryings = 1001, bot id = 8802005800)
ERROR:aiogram.dispatcher:Failed to fetch updates - TelegramConflictError: Telegram server says - Conflict: terminated by other getUpdates request; make sure that only one bot instance is running
WARNING:aiogram.dispatcher:Sleep for 4.891266 seconds and try again... (tryings = 1002, bot id = 8802005800)
ERROR:aiogram.dispatcher:Failed to fetch updates - TelegramConflictError: Telegram server says - Conflict: terminated by other getUpdates request; make sure that only one bot instance is running
WARNING:aiogram.dispatcher:Sleep for 4.934956 seconds and try again... (tryings = 1003, bot id = 8802005800)
ERROR:aiogram.dispatcher:Failed to fetch updates - TelegramConflictError: Telegram server says - Conflict: terminated by other getUpdates request; make sure that only one bot instance is running
WARNING:aiogram.dispatcher:Sleep for 5.085572 seconds and try again... (tryings = 1004, bot id = 8802005800)
ERROR:aiogram.dispatcher:Failed to fetch updates - TelegramConflictError: Telegram server says - Conflict: terminated by other getUpdates request; make sure that only one bot instance is running
WARNING:aiogram.dispatcher:Sleep for 4.983596 seconds and try again... (tryings = 1005, bot id = 8802005800)
ERROR:aiogram.dispatcher:Failed to fetch updates - TelegramConflictError: Telegram server says - Conflict: terminated by other getUpdates request; make sure that only one bot instance is running
WARNING:aiogram.dispatcher:Sleep for 5.140447 seconds and try again... (tryings = 1006, bot id = 8802005800)
ERROR:aiogram.dispatcher:Failed to fetch updates - TelegramConflictError: Telegram server says - Conflict: terminated by other getUpdates request; make sure that only one bot instance is running
WARNING:aiogram.dispatcher:Sleep for 4.878099 seconds and try again... (tryings = 1007, bot id = 8802005800)
ERROR:aiogram.dispatcher:Failed to fetch updates - TelegramConflictError: Telegram server says - Conflict: terminated by other getUpdates request; make sure that only one bot instance is running
WARNING:aiogram.dispatcher:Sleep for 5.050219 seconds and try again... (tryings = 1008, bot id = 8802005800)
ERROR:aiogram.dispatcher:Failed to fetch updates - TelegramConflictError: Telegram server says - Conflict: terminated by other getUpdates request; make sure that only one bot instance is running
WARNING:aiogram.dispatcher:Sleep for 5.099164 seconds and try again... (tryings = 1009, bot id = 8802005800)
ERROR:aiogram.dispatcher:Failed to fetch updates - TelegramConflictError: Telegram server says - Conflict: terminated by other getUpdates request; make sure that only one bot instance is running
WARNING:aiogram.dispatcher:Sleep for 5.069694 seconds and try again... (tryings = 1010, bot id = 8802005800)
ERROR:aiogram.dispatcher:Failed to fetch updates - TelegramConflictError: Telegram server says - Conflict: terminated by other getUpdates request; make sure that only one bot instance is running
WARNING:aiogram.dispatcher:Sleep for 5.154003 seconds and try again... (tryings = 1011, bot id = 8802005800)
ERROR:aiogram.dispatcher:Failed to fetch updates - TelegramConflictError: Telegram server says - Conflict: terminated by other getUpdates request; make sure that only one bot instance is running
WARNING:aiogram.dispatcher:Sleep for 5.023169 seconds and try again... (tryings = 1012, bot id = 8802005800)
ERROR:aiogram.dispatcher:Failed to fetch updates - TelegramConflictError: Telegram server says - Conflict: terminated by other getUpdates request; make sure that only one bot instance is running
WARNING:aiogram.dispatcher:Sleep for 4.994254 seconds and try again... (tryings = 1013, bot id = 8802005800)
ERROR:aiogram.dispatcher:Failed to fetch updates - TelegramConflictError: Telegram server says - Conflict: terminated by other getUpdates request; make sure that only one bot instance is running
WARNING:aiogram.dispatcher:Sleep for 5.113971 seconds and try again... (tryings = 1014, bot id = 8802005800)
ERROR:aiogram.dispatcher:Failed to fetch updates - TelegramConflictError: Telegram server says - Conflict: terminated by other getUpdates request; make sure that only one bot instance is running
WARNING:aiogram.dispatcher:Sleep for 5.070879 seconds and try again... (tryings = 1015, bot id = 8802005800)
ERROR:aiogram.dispatcher:Failed to fetch updates - TelegramConflictError: Telegram server says - Conflict: terminated by other getUpdates request; make sure that only one bot instance is running
WARNING:aiogram.dispatcher:Sleep for 4.990722 seconds and try again... (tryings = 1016, bot id = 8802005800)
ERROR:aiogram.dispatcher:Failed to fetch updates - TelegramConflictError: Telegram server says - Conflict: terminated by other getUpdates request; make sure that only one bot instance is running
WARNING:aiogram.dispatcher:Sleep for 4.878825 seconds and try again... (tryings = 1017, bot id = 8802005800)
ERROR:aiogram.dispatcher:Failed to fetch updates - TelegramConflictError: Telegram server says - Conflict: terminated by other getUpdates request; make sure that only one bot instance is running
WARNING:aiogram.dispatcher:Sleep for 5.038489 seconds and try again... (tryings = 1018, bot id = 8802005800)
ERROR:aiogram.dispatcher:Failed to fetch updates - TelegramConflictError: Telegram server says - Conflict: terminated by other getUpdates request; make sure that only one bot instance is running
WARNING:aiogram.dispatcher:Sleep for 4.899517 seconds and try again... (tryings = 1019, bot id = 8802005800)
ERROR:aiogram.dispatcher:Failed to fetch updates - TelegramConflictError: Telegram server says - Conflict: terminated by other getUpdates request; make sure that only one bot instance is running
WARNING:aiogram.dispatcher:Sleep for 5.065678 seconds and try again... (tryings = 1020, bot id = 8802005800)
ERROR:aiogram.dispatcher:Failed to fetch updates - TelegramConflictError: Telegram server says - Conflict: terminated by other getUpdates request; make sure that only one bot instance is running
WARNING:aiogram.dispatcher:Sleep for 5.129856 seconds and try again... (tryings = 1021, bot id = 8802005800)
ERROR:aiogram.dispatcher:Failed to fetch updates - TelegramConflictError: Telegram server says - Conflict: terminated by other getUpdates request; make sure that only one bot instance is running
WARNING:aiogram.dispatcher:Sleep for 5.028027 seconds and try again... (tryings = 1022, bot id = 8802005800)
ERROR:aiogram.dispatcher:Failed to fetch updates - TelegramConflictError: Telegram server says - Conflict: terminated by other getUpdates request; make sure that only one bot instance is running
WARNING:aiogram.dispatcher:Sleep for 5.059299 seconds and try again... (tryings = 1023, bot id = 8802005800)
ERROR:aiogram.dispatcher:Failed to fetch updates - TelegramConflictError: Telegram server says - Conflict: terminated by other getUpdates request; make sure that only one bot instance is running
WARNING:aiogram.dispatcher:Sleep for 5.145193 seconds and try again... (tryings = 1024, bot id = 8802005800)
ERROR:aiogram.dispatcher:Failed to fetch updates - TelegramConflictError: Telegram server says - Conflict: terminated by other getUpdates request; make sure that only one bot instance is running
WARNING:aiogram.dispatcher:Sleep for 5.072699 seconds and try again... (tryings = 1025, bot id = 8802005800)
ERROR:aiogram.dispatcher:Failed to fetch updates - TelegramConflictError: Telegram server says - Conflict: terminated by other getUpdates request; make sure that only one bot instance is running
WARNING:aiogram.dispatcher:Sleep for 5.074594 seconds and try again... (tryings = 1026, bot id = 8802005800)
ERROR:aiogram.dispatcher:Failed to fetch updates - TelegramConflictError: Telegram server says - Conflict: terminated by other getUpdates request; make sure that only one bot instance is running
WARNING:aiogram.dispatcher:Sleep for 5.054983 seconds and try again... (tryings = 1027, bot id = 8802005800)
ERROR:aiogram.dispatcher:Failed to fetch updates - TelegramConflictError: Telegram server says - Conflict: terminated by other getUpdates request; make sure that only one bot instance is running
WARNING:aiogram.dispatcher:Sleep for 5.001019 seconds and try again... (tryings = 1028, bot id = 8802005800)
ERROR:aiogram.dispatcher:Failed to fetch updates - TelegramConflictError: Telegram server says - Conflict: terminated by other getUpdates request; make sure that only one bot instance is running
WARNING:aiogram.dispatcher:Sleep for 5.024427 seconds and try again... (tryings = 1029, bot id = 8802005800)
ERROR:aiogram.dispatcher:Failed to fetch updates - TelegramConflictError: Telegram server says - Conflict: terminated by other getUpdates request; make sure that only one bot instance is running
WARNING:aiogram.dispatcher:Sleep for 4.980206 seconds and try again... (tryings = 1030, bot id = 8802005800)
ERROR:aiogram.dispatcher:Failed to fetch updates - TelegramConflictError: Telegram server says - Conflict: terminated by other getUpdates request; make sure that only one bot instance is running
WARNING:aiogram.dispatcher:Sleep for 5.114550 seconds and try again... (tryings = 1031, bot id = 8802005800)
ERROR:aiogram.dispatcher:Failed to fetch updates - TelegramConflictError: Telegram server says - Conflict: terminated by other getUpdates request; make sure that only one bot instance is running
WARNING:aiogram.dispatcher:Sleep for 5.045628 seconds and try again... (tryings = 1032, bot id = 8802005800)
ERROR:aiogram.dispatcher:Failed to fetch updates - TelegramConflictError: Telegram server says - Conflict: terminated by other getUpdates request; make sure that only one bot instance is running
WARNING:aiogram.dispatcher:Sleep for 5.125513 seconds and try again... (tryings = 1033, bot id = 8802005800)
ERROR:aiogram.dispatcher:Failed to fetch updates - TelegramConflictError: Telegram server says - Conflict: terminated by other getUpdates request; make sure that only one bot instance is running
WARNING:aiogram.dispatcher:Sleep for 4.986198 seconds and try again... (tryings = 1034, bot id = 8802005800)
ERROR:aiogram.dispatcher:Failed to fetch updates - TelegramConflictError: Telegram server says - Conflict: terminated by other getUpdates request; make sure that only one bot instance is running
WARNING:aiogram.dispatcher:Sleep for 5.114169 seconds and try again... (tryings = 1035, bot id = 8802005800)
ERROR:aiogram.dispatcher:Failed to fetch updates - TelegramConflictError: Telegram server says - Conflict: terminated by other getUpdates request; make sure that only one bot instance is running
WARNING:aiogram.dispatcher:Sleep for 5.157491 seconds and try again... (tryings = 1036, bot id = 8802005800)
ERROR:aiogram.dispatcher:Failed to fetch updates - TelegramConflictError: Telegram server says - Conflict: terminated by other getUpdates request; make sure that only one bot instance is running
WARNING:aiogram.dispatcher:Sleep for 4.985058 seconds and try again... (tryings = 1037, bot id = 8802005800)
ERROR:aiogram.dispatcher:Failed to fetch updates - TelegramConflictError: Telegram server says - Conflict: terminated by other getUpdates request; make sure that only one bot instance is running
WARNING:aiogram.dispatcher:Sleep for 4.962106 seconds and try again... (tryings = 1038, bot id = 8802005800)
ERROR:aiogram.dispatcher:Failed to fetch updates - TelegramConflictError: Telegram server says - Conflict: terminated by other getUpdates request; make sure that only one bot instance is running
WARNING:aiogram.dispatcher:Sleep for 4.928437 seconds and try again... (tryings = 1039, bot id = 8802005800)
ERROR:aiogram.dispatcher:Failed to fetch updates - TelegramConflictError: Telegram server says - Conflict: terminated by other getUpdates request; make sure that only one bot instance is running
WARNING:aiogram.dispatcher:Sleep for 5.140555 seconds and try again... (tryings = 1040, bot id = 8802005800)
ERROR:aiogram.dispatcher:Failed to fetch updates - TelegramConflictError: Telegram server says - Conflict: terminated by other getUpdates request; make sure that only one bot instance is running
WARNING:aiogram.dispatcher:Sleep for 4.908490 seconds and try again... (tryings = 1041, bot id = 8802005800)
ERROR:aiogram.dispatcher:Failed to fetch updates - TelegramConflictError: Telegram server says - Conflict: terminated by other getUpdates request; make sure that only one bot instance is running
WARNING:aiogram.dispatcher:Sleep for 5.067867 seconds and try again... (tryings = 1042, bot id = 8802005800)
ERROR:aiogram.dispatcher:Failed to fetch updates - TelegramConflictError: Telegram server says - Conflict: terminated by other getUpdates request; make sure that only one bot instance is running
WARNING:aiogram.dispatcher:Sleep for 5.065042 seconds and try again... (tryings = 1043, bot id = 8802005800)
ERROR:aiogram.dispatcher:Failed to fetch updates - TelegramConflictError: Telegram server says - Conflict: terminated by other getUpdates request; make sure that only one bot instance is running
WARNING:aiogram.dispatcher:Sleep for 4.988082 seconds and try again... (tryings = 1044, bot id = 8802005800)
ERROR:aiogram.dispatcher:Failed to fetch updates - TelegramConflictError: Telegram server says - Conflict: terminated by other getUpdates request; make sure that only one bot instance is running
WARNING:aiogram.dispatcher:Sleep for 5.016416 seconds and try again... (tryings = 1045, bot id = 8802005800)
ERROR:aiogram.dispatcher:Failed to fetch updates - TelegramConflictError: Telegram server says - Conflict: terminated by other getUpdates request; make sure that only one bot instance is running
WARNING:aiogram.dispatcher:Sleep for 5.026862 seconds and try again... (tryings = 1046, bot id = 8802005800)
ERROR:aiogram.dispatcher:Failed to fetch updates - TelegramConflictError: Telegram server says - Conflict: terminated by other getUpdates request; make sure that only one bot instance is running
WARNING:aiogram.dispatcher:Sleep for 4.978306 seconds and try again... (tryings = 1047, bot id = 8802005800)
ERROR:aiogram.dispatcher:Failed to fetch updates - TelegramConflictError: Telegram server says - Conflict: terminated by other getUpdates request; make sure that only one bot instance is running
WARNING:aiogram.dispatcher:Sleep for 4.945183 seconds and try again... (tryings = 1048, bot id = 8802005800)
ERROR:aiogram.dispatcher:Failed to fetch updates - TelegramConflictError: Telegram server says - Conflict: terminated by other getUpdates request; make sure that only one bot instance is running
WARNING:aiogram.dispatcher:Sleep for 4.968483 seconds and try again... (tryings = 1049, bot id = 8802005800)
ERROR:aiogram.dispatcher:Failed to fetch updates - TelegramConflictError: Telegram server says - Conflict: terminated by other getUpdates request; make sure that only one bot instance is running
WARNING:aiogram.dispatcher:Sleep for 4.913322 seconds and try again... (tryings = 1050, bot id = 8802005800)
ERROR:aiogram.dispatcher:Failed to fetch updates - TelegramConflictError: Telegram server says - Conflict: terminated by other getUpdates request; make sure that only one bot instance is running
WARNING:aiogram.dispatcher:Sleep for 4.939065 seconds and try again... (tryings = 1051, bot id = 8802005800)
INFO:aiogram.dispatcher:Connection established (tryings = 1052, bot id = 8802005800)
INFO:aiogram.event:Update id=636335582 is not handled. Duration 44 ms by bot id=8802005800
INFO:aiogram.event:Update id=636335581 is not handled. Duration 48 ms by bot id=8802005800
INFO:aiogram.event:Update id=636335580 is not handled. Duration 54 ms by bot id=8802005800
INFO:aiogram.event:Update id=636335583 is not handled. Duration 44 ms by bot id=8802005800
ERROR:aiogram.dispatcher:Failed to fetch updates - TelegramConflictError: Telegram server says - Conflict: terminated by other getUpdates request; make sure that only one bot instance is running
WARNING:aiogram.dispatcher:Sleep for 1.000000 seconds and try again... (tryings = 0, bot id = 8802005800)
ERROR:aiogram.dispatcher:Failed to fetch updates - TelegramConflictError: Telegram server says - Conflict: terminated by other getUpdates request; make sure that only one bot instance is running
WARNING:aiogram.dispatcher:Sleep for 1.355465 seconds and try again... (tryings = 1, bot id = 8802005800)
ERROR:aiogram.dispatcher:Failed to fetch updates - TelegramConflictError: Telegram server says - Conflict: terminated by other getUpdates request; make sure that only one bot instance is running
WARNING:aiogram.dispatcher:Sleep for 1.508774 seconds and try again... (tryings = 2, bot id = 8802005800)
ERROR:aiogram.dispatcher:Failed to fetch updates - TelegramConflictError: Telegram server says - Conflict: terminated by other getUpdates request; make sure that only one bot instance is running
WARNING:aiogram.dispatcher:Sleep for 2.054864 seconds and try again... (tryings = 3, bot id = 8802005800)
ERROR:aiogram.dispatcher:Failed to fetch updates - TelegramConflictError: Telegram server says - Conflict: terminated by other getUpdates request; make sure that only one bot instance is running
WARNING:aiogram.dispatcher:Sleep for 2.707114 seconds and try again... (tryings = 4, bot id = 8802005800)
ERROR:aiogram.dispatcher:Failed to fetch updates - TelegramConflictError: Telegram server says - Conflict: terminated by other getUpdates request; make sure that only one bot instance is running
WARNING:aiogram.dispatcher:Sleep for 3.549023 seconds and try again... (tryings = 5, bot id = 8802005800)
ERROR:aiogram.dispatcher:Failed to fetch updates - TelegramConflictError: Telegram server says - Conflict: terminated by other getUpdates request; make sure that only one bot instance is running
WARNING:aiogram.dispatcher:Sleep for 4.615904 seconds and try again... (tryings = 6, bot id = 8802005800)
ERROR:aiogram.dispatcher:Failed to fetch updates - TelegramConflictError: Telegram server says - Conflict: terminated by other getUpdates request; make sure that only one bot instance is running
WARNING:aiogram.dispatcher:Sleep for 5.025957 seconds and try again... (tryings = 7, bot id = 8802005800)
ERROR:aiogram.dispatcher:Failed to fetch updates - TelegramConflictError: Telegram server says - Conflict: terminated by other getUpdates request; make sure that only one bot instance is running
WARNING:aiogram.dispatcher:Sleep for 4.962136 seconds and try again... (tryings = 8, bot id = 8802005800)
ERROR:aiogram.dispatcher:Failed to fetch updates - TelegramConflictError: Telegram server says - Conflict: terminated by other getUpdates request; make sure that only one bot instance is running
WARNING:aiogram.dispatcher:Sleep for 5.032101 seconds and try again... (tryings = 9, bot id = 8802005800)
ERROR:aiogram.dispatcher:Failed to fetch updates - TelegramConflictError: Telegram server says - Conflict: terminated by other getUpdates request; make sure that only one bot instance is running
WARNING:aiogram.dispatcher:Sleep for 5.000003 seconds and try again... (tryings = 10, bot id = 8802005800)
ERROR:aiogram.dispatcher:Failed to fetch updates - TelegramConflictError: Telegram server says - Conflict: terminated by other getUpdates request; make sure that only one bot instance is running
WARNING:aiogram.dispatcher:Sleep for 4.888866 seconds and try again... (tryings = 11, bot id = 8802005800)
ERROR:aiogram.dispatcher:Failed to fetch updates - TelegramConflictError: Telegram server says - Conflict: terminated by other getUpdates request; make sure that only one bot instance is running
WARNING:aiogram.dispatcher:Sleep for 5.020171 seconds and try again... (tryings = 12, bot id = 8802005800)
ERROR:aiogram.dispatcher:Failed to fetch updates - TelegramConflictError: Telegram server says - Conflict: terminated by other getUpdates request; make sure that only one bot instance is running
WARNING:aiogram.dispatcher:Sleep for 4.965847 seconds and try again... (tryings = 13, bot id = 8802005800)
ERROR:aiogram.dispatcher:Failed to fetch updates - TelegramConflictError: Telegram server says - Conflict: terminated by other getUpdates request; make sure that only one bot instance is running
WARNING:aiogram.dispatcher:Sleep for 5.151630 seconds and try again... (tryings = 14, bot id = 8802005800)
ERROR:aiogram.dispatcher:Failed to fetch updates - TelegramConflictError: Telegram server says - Conflict: terminated by other getUpdates request; make sure that only one bot instance is running
WARNING:aiogram.dispatcher:Sleep for 5.126007 seconds and try again... (tryings = 15, bot id = 8802005800)
ERROR:aiogram.dispatcher:Failed to fetch updates - TelegramConflictError: Telegram server says - Conflict: terminated by other getUpdates request; make sure that only one bot instance is running
WARNING:aiogram.dispatcher:Sleep for 4.933537 seconds and try again... (tryings = 16, bot id = 8802005800)
ERROR:aiogram.dispatcher:Failed to fetch updates - TelegramConflictError: Telegram server says - Conflict: terminated by other getUpdates request; make sure that only one bot instance is running
WARNING:aiogram.dispatcher:Sleep for 4.828245 seconds and try again... (tryings = 17, bot id = 8802005800)
ERROR:aiogram.dispatcher:Failed to fetch updates - TelegramConflictError: Telegram server says - Conflict: terminated by other getUpdates request; make sure that only one bot instance is running
WARNING:aiogram.dispatcher:Sleep for 5.089208 seconds and try again... (tryings = 18, bot id = 8802005800)
ERROR:aiogram.dispatcher:Failed to fetch updates - TelegramNetworkError: HTTP Client says - Request timeout error
WARNING:aiogram.dispatcher:Sleep for 5.109322 seconds and try again... (tryings = 19, bot id = 8802005800)
ERROR:aiogram.dispatcher:Failed to fetch updates - TelegramNetworkError: HTTP Client says - Request timeout error
WARNING:aiogram.dispatcher:Sleep for 4.933939 seconds and try again... (tryings = 20, bot id = 8802005800)
ERROR:aiogram.dispatcher:Failed to fetch updates - TelegramNetworkError: HTTP Client says - Request timeout error
WARNING:aiogram.dispatcher:Sleep for 4.854457 seconds and try again... (tryings = 21, bot id = 8802005800)
ERROR:aiogram.dispatcher:Failed to fetch updates - TelegramNetworkError: HTTP Client says - Request timeout error
WARNING:aiogram.dispatcher:Sleep for 4.902401 seconds and try again... (tryings = 22, bot id = 8802005800)
ERROR:aiogram.dispatcher:Failed to fetch updates - TelegramNetworkError: HTTP Client says - Request timeout error
WARNING:aiogram.dispatcher:Sleep for 5.004755 seconds and try again... (tryings = 23, bot id = 8802005800)
ERROR:aiogram.dispatcher:Failed to fetch updates - TelegramNetworkError: HTTP Client says - Request timeout error
WARNING:aiogram.dispatcher:Sleep for 5.013371 seconds and try again... (tryings = 24, bot id = 8802005800)
ERROR:aiogram.dispatcher:Failed to fetch updates - TelegramNetworkError: HTTP Client says - Request timeout error
WARNING:aiogram.dispatcher:Sleep for 4.905937 seconds and try again... (tryings = 25, bot id = 8802005800)
ERROR:aiogram.dispatcher:Failed to fetch updates - TelegramNetworkError: HTTP Client says - Request timeout error
WARNING:aiogram.dispatcher:Sleep for 5.014872 seconds and try again... (tryings = 26, bot id = 8802005800)
ERROR:aiogram.dispatcher:Failed to fetch updates - TelegramNetworkError: HTTP Client says - Request timeout error
WARNING:aiogram.dispatcher:Sleep for 4.877755 seconds and try again... (tryings = 27, bot id = 8802005800)
ERROR:aiogram.dispatcher:Failed to fetch updates - TelegramNetworkError: HTTP Client says - Request timeout error
WARNING:aiogram.dispatcher:Sleep for 5.212552 seconds and try again... (tryings = 28, bot id = 8802005800)
ERROR:aiogram.dispatcher:Failed to fetch updates - TelegramNetworkError: HTTP Client says - Request timeout error
WARNING:aiogram.dispatcher:Sleep for 5.086665 seconds and try again... (tryings = 29, bot id = 8802005800)
ERROR:aiogram.dispatcher:Failed to fetch updates - TelegramNetworkError: HTTP Client says - Request timeout error
WARNING:aiogram.dispatcher:Sleep for 5.015931 seconds and try again... (tryings = 30, bot id = 8802005800)
ERROR:aiogram.dispatcher:Failed to fetch updates - TelegramConflictError: Telegram server says - Conflict: terminated by other getUpdates request; make sure that only one bot instance is running
WARNING:aiogram.dispatcher:Sleep for 4.967589 seconds and try again... (tryings = 31, bot id = 8802005800)
ERROR:aiogram.dispatcher:Failed to fetch updates - TelegramConflictError: Telegram server says - Conflict: terminated by other getUpdates request; make sure that only one bot instance is running
WARNING:aiogram.dispatcher:Sleep for 4.954530 seconds and try again... (tryings = 32, bot id = 8802005800)
ERROR:aiogram.dispatcher:Failed to fetch updates - TelegramConflictError: Telegram server says - Conflict: terminated by other getUpdates request; make sure that only one bot instance is running
WARNING:aiogram.dispatcher:Sleep for 4.938922 seconds and try again... (tryings = 33, bot id = 8802005800)
ERROR:aiogram.dispatcher:Failed to fetch updates - TelegramConflictError: Telegram server says - Conflict: terminated by other getUpdates request; make sure that only one bot instance is running
WARNING:aiogram.dispatcher:Sleep for 4.901355 seconds and try again... (tryings = 34, bot id = 8802005800)
ERROR:aiogram.dispatcher:Failed to fetch updates - TelegramConflictError: Telegram server says - Conflict: terminated by other getUpdates request; make sure that only one bot instance is running
WARNING:aiogram.dispatcher:Sleep for 4.962112 seconds and try again... (tryings = 35, bot id = 8802005800)
ERROR:aiogram.dispatcher:Failed to fetch updates - TelegramConflictError: Telegram server says - Conflict: terminated by other getUpdates request; make sure that only one bot instance is running
WARNING:aiogram.dispatcher:Sleep for 5.035736 seconds and try again... (tryings = 36, bot id = 8802005800)
ERROR:aiogram.dispatcher:Failed to fetch updates - TelegramConflictError: Telegram server says - Conflict: terminated by other getUpdates request; make sure that only one bot instance is running
WARNING:aiogram.dispatcher:Sleep for 5.145728 seconds and try again... (tryings = 37, bot id = 8802005800)
ERROR:aiogram.dispatcher:Failed to fetch updates - TelegramConflictError: Telegram server says - Conflict: terminated by other getUpdates request; make sure that only one bot instance is running
WARNING:aiogram.dispatcher:Sleep for 5.014889 seconds and try again... (tryings = 38, bot id = 8802005800)
ERROR:aiogram.dispatcher:Failed to fetch updates - TelegramConflictError: Telegram server says - Conflict: terminated by other getUpdates request; make sure that only one bot instance is running
WARNING:aiogram.dispatcher:Sleep for 4.898399 seconds and try again... (tryings = 39, bot id = 8802005800)
ERROR:aiogram.dispatcher:Failed to fetch updates - TelegramConflictError: Telegram server says - Conflict: terminated by other getUpdates request; make sure that only one bot instance is running
WARNING:aiogram.dispatcher:Sleep for 4.792116 seconds and try again... (tryings = 40, bot id = 8802005800)
ERROR:aiogram.dispatcher:Failed to fetch updates - TelegramConflictError: Telegram server says - Conflict: terminated by other getUpdates request; make sure that only one bot instance is running
WARNING:aiogram.dispatcher:Sleep for 5.032083 seconds and try again... (tryings = 41, bot id = 8802005800)
ERROR:aiogram.dispatcher:Failed to fetch updates - TelegramConflictError: Telegram server says - Conflict: terminated by other getUpdates request; make sure that only one bot instance is running
WARNING:aiogram.dispatcher:Sleep for 4.873661 seconds and try again... (tryings = 42, bot id = 8802005800)
ERROR:aiogram.dispatcher:Failed to fetch updates - TelegramConflictError: Telegram server says - Conflict: terminated by other getUpdates request; make sure that only one bot instance is running
WARNING:aiogram.dispatcher:Sleep for 4.932156 seconds and try again... (tryings = 43, bot id = 8802005800)
ERROR:aiogram.dispatcher:Failed to fetch updates - TelegramConflictError: Telegram server says - Conflict: terminated by other getUpdates request; make sure that only one bot instance is running
WARNING:aiogram.dispatcher:Sleep for 4.940100 seconds and try again... (tryings = 44, bot id = 8802005800)
ERROR:aiogram.dispatcher:Failed to fetch updates - TelegramConflictError: Telegram server says - Conflict: terminated by other getUpdates request; make sure that only one bot instance is running
WARNING:aiogram.dispatcher:Sleep for 5.110381 seconds and try again... (tryings = 45, bot id = 8802005800)
ERROR:aiogram.dispatcher:Failed to fetch updates - TelegramConflictError: Telegram server says - Conflict: terminated by other getUpdates request; make sure that only one bot instance is running
WARNING:aiogram.dispatcher:Sleep for 4.812180 seconds and try again... (tryings = 46, bot id = 8802005800)
ERROR:aiogram.dispatcher:Failed to fetch updates - TelegramConflictError: Telegram server says - Conflict: terminated by other getUpdates request; make sure that only one bot instance is running
WARNING:aiogram.dispatcher:Sleep for 4.982622 seconds and try again... (tryings = 47, bot id = 8802005800)
ERROR:aiogram.dispatcher:Failed to fetch updates - TelegramConflictError: Telegram server says - Conflict: terminated by other getUpdates request; make sure that only one bot instance is running
WARNING:aiogram.dispatcher:Sleep for 5.146346 seconds and try again... (tryings = 48, bot id = 8802005800)
ERROR:aiogram.dispatcher:Failed to fetch updates - TelegramConflictError: Telegram server says - Conflict: terminated by other getUpdates request; make sure that only one bot instance is running
WARNING:aiogram.dispatcher:Sleep for 4.893203 seconds and try again... (tryings = 49, bot id = 8802005800)
ERROR:aiogram.dispatcher:Failed to fetch updates - TelegramConflictError: Telegram server says - Conflict: terminated by other getUpdates request; make sure that only one bot instance is running
WARNING:aiogram.dispatcher:Sleep for 5.075168 seconds and try again... (tryings = 50, bot id = 8802005800)
ERROR:aiogram.dispatcher:Failed to fetch updates - TelegramConflictError: Telegram server says - Conflict: terminated by other getUpdates request; make sure that only one bot instance is running
WARNING:aiogram.dispatcher:Sleep for 5.043742 seconds and try again... (tryings = 51, bot id = 8802005800)
ERROR:aiogram.dispatcher:Failed to fetch updates - TelegramConflictError: Telegram server says - Conflict: terminated by other getUpdates request; make sure that only one bot instance is running
WARNING:aiogram.dispatcher:Sleep for 5.195499 seconds and try again... (tryings = 52, bot id = 8802005800)
ERROR:aiogram.dispatcher:Failed to fetch updates - TelegramConflictError: Telegram server says - Conflict: terminated by other getUpdates request; make sure that only one bot instance is running
WARNING:aiogram.dispatcher:Sleep for 5.043081 seconds and try again... (tryings = 53, bot id = 8802005800)
ERROR:aiogram.dispatcher:Failed to fetch updates - TelegramConflictError: Telegram server says - Conflict: terminated by other getUpdates request; make sure that only one bot instance is running
WARNING:aiogram.dispatcher:Sleep for 5.059153 seconds and try again... (tryings = 54, bot id = 8802005800)
ERROR:aiogram.dispatcher:Failed to fetch updates - TelegramConflictError: Telegram server says - Conflict: terminated by other getUpdates request; make sure that only one bot instance is running
WARNING:aiogram.dispatcher:Sleep for 5.253147 seconds and try again... (tryings = 55, bot id = 8802005800)
ERROR:aiogram.dispatcher:Failed to fetch updates - TelegramConflictError: Telegram server says - Conflict: terminated by other getUpdates request; make sure that only one bot instance is running
WARNING:aiogram.dispatcher:Sleep for 5.058255 seconds and try again... (tryings = 56, bot id = 8802005800)
ERROR:aiogram.dispatcher:Failed to fetch updates - TelegramConflictError: Telegram server says - Conflict: terminated by other getUpdates request; make sure that only one bot instance is running
WARNING:aiogram.dispatcher:Sleep for 5.206012 seconds and try again... (tryings = 57, bot id = 8802005800)
ERROR:aiogram.dispatcher:Failed to fetch updates - TelegramConflictError: Telegram server says - Conflict: terminated by other getUpdates request; make sure that only one bot instance is running
WARNING:aiogram.dispatcher:Sleep for 5.100274 seconds and try again... (tryings = 58, bot id = 8802005800)
ERROR:aiogram.dispatcher:Failed to fetch updates - TelegramConflictError: Telegram server says - Conflict: terminated by other getUpdates request; make sure that only one bot instance is running
WARNING:aiogram.dispatcher:Sleep for 4.949815 seconds and try again... (tryings = 59, bot id = 8802005800)
ERROR:aiogram.dispatcher:Failed to fetch updates - TelegramConflictError: Telegram server says - Conflict: terminated by other getUpdates request; make sure that only one bot instance is running
WARNING:aiogram.dispatcher:Sleep for 4.844017 seconds and try again... (tryings = 60, bot id = 8802005800)
ERROR:aiogram.dispatcher:Failed to fetch updates - TelegramConflictError: Telegram server says - Conflict: terminated by other getUpdates request; make sure that only one bot instance is running
WARNING:aiogram.dispatcher:Sleep for 5.156731 seconds and try again... (tryings = 61, bot id = 8802005800)
ERROR:aiogram.dispatcher:Failed to fetch updates - TelegramConflictError: Telegram server says - Conflict: terminated by other getUpdates request; make sure that only one bot instance is running
WARNING:aiogram.dispatcher:Sleep for 5.148468 seconds and try again... (tryings = 62, bot id = 8802005800)
ERROR:aiogram.dispatcher:Failed to fetch updates - TelegramConflictError: Telegram server says - Conflict: terminated by other getUpdates request; make sure that only one bot instance is running
WARNING:aiogram.dispatcher:Sleep for 5.143106 seconds and try again... (tryings = 63, bot id = 8802005800)
ERROR:aiogram.dispatcher:Failed to fetch updates - TelegramConflictError: Telegram server says - Conflict: terminated by other getUpdates request; make sure that only one bot instance is running
WARNING:aiogram.dispatcher:Sleep for 4.983859 seconds and try again... (tryings = 64, bot id = 8802005800)
ERROR:aiogram.dispatcher:Failed to fetch updates - TelegramConflictError: Telegram server says - Conflict: terminated by other getUpdates request; make sure that only one bot instance is running
WARNING:aiogram.dispatcher:Sleep for 4.937776 seconds and try again... (tryings = 65, bot id = 8802005800)
ERROR:aiogram.dispatcher:Failed to fetch updates - TelegramConflictError: Telegram server says - Conflict: terminated by other getUpdates request; make sure that only one bot instance is running
WARNING:aiogram.dispatcher:Sleep for 4.864295 seconds and try again... (tryings = 66, bot id = 8802005800)
ERROR:aiogram.dispatcher:Failed to fetch updates - TelegramConflictError: Telegram server says - Conflict: terminated by other getUpdates request; make sure that only one bot instance is running
WARNING:aiogram.dispatcher:Sleep for 5.048055 seconds and try again... (tryings = 67, bot id = 8802005800)
ERROR:aiogram.dispatcher:Failed to fetch updates - TelegramConflictError: Telegram server says - Conflict: terminated by other getUpdates request; make sure that only one bot instance is running
WARNING:aiogram.dispatcher:Sleep for 4.989421 seconds and try again... (tryings = 68, bot id = 8802005800)
ERROR:aiogram.dispatcher:Failed to fetch updates - TelegramConflictError: Telegram server says - Conflict: terminated by other getUpdates request; make sure that only one bot instance is running
WARNING:aiogram.dispatcher:Sleep for 5.037345 seconds and try again... (tryings = 69, bot id = 8802005800)
ERROR:aiogram.dispatcher:Failed to fetch updates - TelegramConflictError: Telegram server says - Conflict: terminated by other getUpdates request; make sure that only one bot instance is running
WARNING:aiogram.dispatcher:Sleep for 5.004147 seconds and try again... (tryings = 70, bot id = 8802005800)
ERROR:aiogram.dispatcher:Failed to fetch updates - TelegramConflictError: Telegram server says - Conflict: terminated by other getUpdates request; make sure that only one bot instance is running
WARNING:aiogram.dispatcher:Sleep for 5.006098 seconds and try again... (tryings = 71, bot id = 8802005800)
ERROR:aiogram.dispatcher:Failed to fetch updates - TelegramConflictError: Telegram server says - Conflict: terminated by other getUpdates request; make sure that only one bot instance is running
WARNING:aiogram.dispatcher:Sleep for 4.836847 seconds and try again... (tryings = 72, bot id = 8802005800)
ERROR:aiogram.dispatcher:Failed to fetch updates - TelegramConflictError: Telegram server says - Conflict: terminated by other getUpdates request; make sure that only one bot instance is running
WARNING:aiogram.dispatcher:Sleep for 5.152542 seconds and try again... (tryings = 73, bot id = 8802005800)
ERROR:aiogram.dispatcher:Failed to fetch updates - TelegramConflictError: Telegram server says - Conflict: terminated by other getUpdates request; make sure that only one bot instance is running
WARNING:aiogram.dispatcher:Sleep for 4.966510 seconds and try again... (tryings = 74, bot id = 8802005800)
ERROR:aiogram.dispatcher:Failed to fetch updates - TelegramConflictError: Telegram server says - Conflict: terminated by other getUpdates request; make sure that only one bot instance is running
WARNING:aiogram.dispatcher:Sleep for 5.119721 seconds and try again... (tryings = 75, bot id = 8802005800)
ERROR:aiogram.dispatcher:Failed to fetch updates - TelegramConflictError: Telegram server says - Conflict: terminated by other getUpdates request; make sure that only one bot instance is running
WARNING:aiogram.dispatcher:Sleep for 5.011326 seconds and try again... (tryings = 76, bot id = 8802005800)
ERROR:aiogram.dispatcher:Failed to fetch updates - TelegramConflictError: Telegram server says - Conflict: terminated by other getUpdates request; make sure that only one bot instance is running
WARNING:aiogram.dispatcher:Sleep for 4.863405 seconds and try again... (tryings = 77, bot id = 8802005800)
ERROR:aiogram.dispatcher:Failed to fetch updates - TelegramConflictError: Telegram server says - Conflict: terminated by other getUpdates request; make sure that only one bot instance is running
WARNING:aiogram.dispatcher:Sleep for 4.932372 seconds and try again... (tryings = 78, bot id = 8802005800)
ERROR:aiogram.dispatcher:Failed to fetch updates - TelegramConflictError: Telegram server says - Conflict: terminated by other getUpdates request; make sure that only one bot instance is running
WARNING:aiogram.dispatcher:Sleep for 5.018652 seconds and try again... (tryings = 79, bot id = 8802005800)
ERROR:aiogram.dispatcher:Failed to fetch updates - TelegramConflictError: Telegram server says - Conflict: terminated by other getUpdates request; make sure that only one bot instance is running
WARNING:aiogram.dispatcher:Sleep for 5.129998 seconds and try again... (tryings = 80, bot id = 8802005800)
ERROR:aiogram.dispatcher:Failed to fetch updates - TelegramConflictError: Telegram server says - Conflict: terminated by other getUpdates request; make sure that only one bot instance is running
WARNING:aiogram.dispatcher:Sleep for 4.933006 seconds and try again... (tryings = 81, bot id = 8802005800)
ERROR:aiogram.dispatcher:Failed to fetch updates - TelegramConflictError: Telegram server says - Conflict: terminated by other getUpdates request; make sure that only one bot instance is running
WARNING:aiogram.dispatcher:Sleep for 4.931087 seconds and try again... (tryings = 82, bot id = 8802005800)
ERROR:aiogram.dispatcher:Failed to fetch updates - TelegramConflictError: Telegram server says - Conflict: terminated by other getUpdates request; make sure that only one bot instance is running
WARNING:aiogram.dispatcher:Sleep for 4.973520 seconds and try again... (tryings = 83, bot id = 8802005800)
ERROR:aiogram.dispatcher:Failed to fetch updates - TelegramConflictError: Telegram server says - Conflict: terminated by other getUpdates request; make sure that only one bot instance is running
WARNING:aiogram.dispatcher:Sleep for 4.871821 seconds and try again... (tryings = 84, bot id = 8802005800)
ERROR:aiogram.dispatcher:Failed to fetch updates - TelegramConflictError: Telegram server says - Conflict: terminated by other getUpdates request; make sure that only one bot instance is running
WARNING:aiogram.dispatcher:Sleep for 4.756007 seconds and try again... (tryings = 85, bot id = 8802005800)
ERROR:aiogram.dispatcher:Failed to fetch updates - TelegramConflictError: Telegram server says - Conflict: terminated by other getUpdates request; make sure that only one bot instance is running
WARNING:aiogram.dispatcher:Sleep for 4.975507 seconds and try again... (tryings = 86, bot id = 8802005800)
ERROR:aiogram.dispatcher:Failed to fetch updates - TelegramConflictError: Telegram server says - Conflict: terminated by other getUpdates request; make sure that only one bot instance is running
WARNING:aiogram.dispatcher:Sleep for 4.953387 seconds and try again... (tryings = 87, bot id = 8802005800)
ERROR:aiogram.dispatcher:Failed to fetch updates - TelegramConflictError: Telegram server says - Conflict: terminated by other getUpdates request; make sure that only one bot instance is running
WARNING:aiogram.dispatcher:Sleep for 5.096510 seconds and try again... (tryings = 88, bot id = 8802005800)
ERROR:aiogram.dispatcher:Failed to fetch updates - TelegramConflictError: Telegram server says - Conflict: terminated by other getUpdates request; make sure that only one bot instance is running
WARNING:aiogram.dispatcher:Sleep for 5.123845 seconds and try again... (tryings = 89, bot id = 8802005800)
ERROR:aiogram.dispatcher:Failed to fetch updates - TelegramConflictError: Telegram server says - Conflict: terminated by other getUpdates request; make sure that only one bot instance is running
WARNING:aiogram.dispatcher:Sleep for 5.148726 seconds and try again... (tryings = 90, bot id = 8802005800)
ERROR:aiogram.dispatcher:Failed to fetch updates - TelegramConflictError: Telegram server says - Conflict: terminated by other getUpdates request; make sure that only one bot instance is running
WARNING:aiogram.dispatcher:Sleep for 5.031309 seconds and try again... (tryings = 91, bot id = 8802005800)
ERROR:aiogram.dispatcher:Failed to fetch updates - TelegramConflictError: Telegram server says - Conflict: terminated by other getUpdates request; make sure that only one bot instance is running
WARNING:aiogram.dispatcher:Sleep for 5.076280 seconds and try again... (tryings = 92, bot id = 8802005800)
ERROR:aiogram.dispatcher:Failed to fetch updates - TelegramConflictError: Telegram server says - Conflict: terminated by other getUpdates request; make sure that only one bot instance is running
WARNING:aiogram.dispatcher:Sleep for 5.071017 seconds and try again... (tryings = 93, bot id = 8802005800)
ERROR:aiogram.dispatcher:Failed to fetch updates - TelegramConflictError: Telegram server says - Conflict: terminated by other getUpdates request; make sure that only one bot instance is running
WARNING:aiogram.dispatcher:Sleep for 5.179059 seconds and try again... (tryings = 94, bot id = 8802005800)
ERROR:aiogram.dispatcher:Failed to fetch updates - TelegramConflictError: Telegram server says - Conflict: terminated by other getUpdates request; make sure that only one bot instance is running
WARNING:aiogram.dispatcher:Sleep for 5.159989 seconds and try again... (tryings = 95, bot id = 8802005800)
ERROR:aiogram.dispatcher:Failed to fetch updates - TelegramConflictError: Telegram server says - Conflict: terminated by other getUpdates request; make sure that only one bot instance is running
WARNING:aiogram.dispatcher:Sleep for 5.036642 seconds and try again... (tryings = 96, bot id = 8802005800)
ERROR:aiogram.dispatcher:Failed to fetch updates - TelegramConflictError: Telegram server says - Conflict: terminated by other getUpdates request; make sure that only one bot instance is running
WARNING:aiogram.dispatcher:Sleep for 4.927900 seconds and try again... (tryings = 97, bot id = 8802005800)
ERROR:aiogram.dispatcher:Failed to fetch updates - TelegramConflictError: Telegram server says - Conflict: terminated by other getUpdates request; make sure that only one bot instance is running
WARNING:aiogram.dispatcher:Sleep for 5.003186 seconds and try again... (tryings = 98, bot id = 8802005800)
ERROR:aiogram.dispatcher:Failed to fetch updates - TelegramConflictError: Telegram server says - Conflict: terminated by other getUpdates request; make sure that only one bot instance is running
WARNING:aiogram.dispatcher:Sleep for 5.076733 seconds and try again... (tryings = 99, bot id = 8802005800)
ERROR:aiogram.dispatcher:Failed to fetch updates - TelegramConflictError: Telegram server says - Conflict: terminated by other getUpdates request; make sure that only one bot instance is running
WARNING:aiogram.dispatcher:Sleep for 5.012769 seconds and try again... (tryings = 100, bot id = 8802005800)
ERROR:aiogram.dispatcher:Failed to fetch updates - TelegramConflictError: Telegram server says - Conflict: terminated by other getUpdates request; make sure that only one bot instance is running
WARNING:aiogram.dispatcher:Sleep for 4.922340 seconds and try again... (tryings = 101, bot id = 8802005800)
ERROR:aiogram.dispatcher:Failed to fetch updates - TelegramConflictError: Telegram server says - Conflict: terminated by other getUpdates request; make sure that only one bot instance is running
WARNING:aiogram.dispatcher:Sleep for 5.018443 seconds and try again... (tryings = 102, bot id = 8802005800)
ERROR:aiogram.dispatcher:Failed to fetch updates - TelegramConflictError: Telegram server says - Conflict: terminated by other getUpdates request; make sure that only one bot instance is running
WARNING:aiogram.dispatcher:Sleep for 4.898782 seconds and try again... (tryings = 103, bot id = 8802005800)
ERROR:aiogram.dispatcher:Failed to fetch updates - TelegramConflictError: Telegram server says - Conflict: terminated by other getUpdates request; make sure that only one bot instance is running
WARNING:aiogram.dispatcher:Sleep for 5.163634 seconds and try again... (tryings = 104, bot id = 8802005800)
ERROR:aiogram.dispatcher:Failed to fetch updates - TelegramConflictError: Telegram server says - Conflict: terminated by other getUpdates request; make sure that only one bot instance is running
WARNING:aiogram.dispatcher:Sleep for 5.244726 seconds and try again... (tryings = 105, bot id = 8802005800)
ERROR:aiogram.dispatcher:Failed to fetch updates - TelegramConflictError: Telegram server says - Conflict: terminated by other getUpdates request; make sure that only one bot instance is running
WARNING:aiogram.dispatcher:Sleep for 4.946827 seconds and try again... (tryings = 106, bot id = 8802005800)
ERROR:aiogram.dispatcher:Failed to fetch updates - TelegramConflictError: Telegram server says - Conflict: terminated by other getUpdates request; make sure that only one bot instance is running
WARNING:aiogram.dispatcher:Sleep for 5.117059 seconds and try again... (tryings = 107, bot id = 8802005800)
ERROR:aiogram.dispatcher:Failed to fetch updates - TelegramConflictError: Telegram server says - Conflict: terminated by other getUpdates request; make sure that only one bot instance is running
WARNING:aiogram.dispatcher:Sleep for 4.908289 seconds and try again... (tryings = 108, bot id = 8802005800)
ERROR:aiogram.dispatcher:Failed to fetch updates - TelegramConflictError: Telegram server says - Conflict: terminated by other getUpdates request; make sure that only one bot instance is running
WARNING:aiogram.dispatcher:Sleep for 5.018975 seconds and try again... (tryings = 109, bot id = 8802005800)
ERROR:aiogram.dispatcher:Failed to fetch updates - TelegramConflictError: Telegram server says - Conflict: terminated by other getUpdates request; make sure that only one bot instance is running
WARNING:aiogram.dispatcher:Sleep for 4.797931 seconds and try again... (tryings = 110, bot id = 8802005800)
ERROR:aiogram.dispatcher:Failed to fetch updates - TelegramConflictError: Telegram server says - Conflict: terminated by other getUpdates request; make sure that only one bot instance is running
WARNING:aiogram.dispatcher:Sleep for 5.103596 seconds and try again... (tryings = 111, bot id = 8802005800)
ERROR:aiogram.dispatcher:Failed to fetch updates - TelegramConflictError: Telegram server says - Conflict: terminated by other getUpdates request; make sure that only one bot instance is running
WARNING:aiogram.dispatcher:Sleep for 5.017150 seconds and try again... (tryings = 112, bot id = 8802005800)
ERROR:aiogram.dispatcher:Failed to fetch updates - TelegramConflictError: Telegram server says - Conflict: terminated by other getUpdates request; make sure that only one bot instance is running
WARNING:aiogram.dispatcher:Sleep for 4.868514 seconds and try again... (tryings = 113, bot id = 8802005800)
ERROR:aiogram.dispatcher:Failed to fetch updates - TelegramConflictError: Telegram server says - Conflict: terminated by other getUpdates request; make sure that only one bot instance is running
WARNING:aiogram.dispatcher:Sleep for 5.150234 seconds and try again... (tryings = 114, bot id = 8802005800)
ERROR:aiogram.dispatcher:Failed to fetch updates - TelegramConflictError: Telegram server says - Conflict: terminated by other getUpdates request; make sure that only one bot instance is running
WARNING:aiogram.dispatcher:Sleep for 4.980929 seconds and try again... (tryings = 115, bot id = 8802005800)
ERROR:aiogram.dispatcher:Failed to fetch updates - TelegramConflictError: Telegram server says - Conflict: terminated by other getUpdates request; make sure that only one bot instance is running
WARNING:aiogram.dispatcher:Sleep for 4.973457 seconds and try again... (tryings = 116, bot id = 8802005800)
ERROR:aiogram.dispatcher:Failed to fetch updates - TelegramConflictError: Telegram server says - Conflict: terminated by other getUpdates request; make sure that only one bot instance is running
WARNING:aiogram.dispatcher:Sleep for 5.079604 seconds and try again... (tryings = 117, bot id = 8802005800)
ERROR:aiogram.dispatcher:Failed to fetch updates - TelegramConflictError: Telegram server says - Conflict: terminated by other getUpdates request; make sure that only one bot instance is running
WARNING:aiogram.dispatcher:Sleep for 4.935159 seconds and try again... (tryings = 118, bot id = 8802005800)
ERROR:aiogram.dispatcher:Failed to fetch updates - TelegramConflictError: Telegram server says - Conflict: terminated by other getUpdates request; make sure that only one bot instance is running
WARNING:aiogram.dispatcher:Sleep for 5.102452 seconds and try again... (tryings = 119, bot id = 8802005800)
ERROR:aiogram.dispatcher:Failed to fetch updates - TelegramConflictError: Telegram server says - Conflict: terminated by other getUpdates request; make sure that only one bot instance is running
WARNING:aiogram.dispatcher:Sleep for 5.306416 seconds and try again... (tryings = 120, bot id = 8802005800)
ERROR:aiogram.dispatcher:Failed to fetch updates - TelegramConflictError: Telegram server says - Conflict: terminated by other getUpdates request; make sure that only one bot instance is running
WARNING:aiogram.dispatcher:Sleep for 5.227282 seconds and try again... (tryings = 121, bot id = 8802005800)
ERROR:aiogram.dispatcher:Failed to fetch updates - TelegramConflictError: Telegram server says - Conflict: terminated by other getUpdates request; make sure that only one bot instance is running
WARNING:aiogram.dispatcher:Sleep for 4.979232 seconds and try again... (tryings = 122, bot id = 8802005800)
ERROR:aiogram.dispatcher:Failed to fetch updates - TelegramConflictError: Telegram server says - Conflict: terminated by other getUpdates request; make sure that only one bot instance is running
WARNING:aiogram.dispatcher:Sleep for 4.981224 seconds and try again... (tryings = 123, bot id = 8802005800)
ERROR:aiogram.dispatcher:Failed to fetch updates - TelegramConflictError: Telegram server says - Conflict: terminated by other getUpdates request; make sure that only one bot instance is running
WARNING:aiogram.dispatcher:Sleep for 5.081174 seconds and try again... (tryings = 124, bot id = 8802005800)
ERROR:aiogram.dispatcher:Failed to fetch updates - TelegramConflictError: Telegram server says - Conflict: terminated by other getUpdates request; make sure that only one bot instance is running
WARNING:aiogram.dispatcher:Sleep for 4.940266 seconds and try again... (tryings = 125, bot id = 8802005800)
ERROR:aiogram.dispatcher:Failed to fetch updates - TelegramConflictError: Telegram server says - Conflict: terminated by other getUpdates request; make sure that only one bot instance is running
WARNING:aiogram.dispatcher:Sleep for 4.992632 seconds and try again... (tryings = 126, bot id = 8802005800)
ERROR:aiogram.dispatcher:Failed to fetch updates - TelegramConflictError: Telegram server says - Conflict: terminated by other getUpdates request; make sure that only one bot instance is running
WARNING:aiogram.dispatcher:Sleep for 5.089117 seconds and try again... (tryings = 127, bot id = 8802005800)
ERROR:aiogram.dispatcher:Failed to fetch updates - TelegramConflictError: Telegram server says - Conflict: terminated by other getUpdates request; make sure that only one bot instance is running
WARNING:aiogram.dispatcher:Sleep for 5.036862 seconds and try again... (tryings = 128, bot id = 8802005800)
ERROR:aiogram.dispatcher:Failed to fetch updates - TelegramConflictError: Telegram server says - Conflict: terminated by other getUpdates request; make sure that only one bot instance is running
WARNING:aiogram.dispatcher:Sleep for 5.104268 seconds and try again... (tryings = 129, bot id = 8802005800)
ERROR:aiogram.dispatcher:Failed to fetch updates - TelegramConflictError: Telegram server says - Conflict: terminated by other getUpdates request; make sure that only one bot instance is running
WARNING:aiogram.dispatcher:Sleep for 5.120441 seconds and try again... (tryings = 130, bot id = 8802005800)
ERROR:aiogram.dispatcher:Failed to fetch updates - TelegramConflictError: Telegram server says - Conflict: terminated by other getUpdates request; make sure that only one bot instance is running
WARNING:aiogram.dispatcher:Sleep for 4.959795 seconds and try again... (tryings = 131, bot id = 8802005800)
ERROR:aiogram.dispatcher:Failed to fetch updates - TelegramConflictError: Telegram server says - Conflict: terminated by other getUpdates request; make sure that only one bot instance is running
WARNING:aiogram.dispatcher:Sleep for 5.001285 seconds and try again... (tryings = 132, bot id = 8802005800)
ERROR:aiogram.dispatcher:Failed to fetch updates - TelegramConflictError: Telegram server says - Conflict: terminated by other getUpdates request; make sure that only one bot instance is running
WARNING:aiogram.dispatcher:Sleep for 4.929240 seconds and try again... (tryings = 133, bot id = 8802005800)
ERROR:aiogram.dispatcher:Failed to fetch updates - TelegramConflictError: Telegram server says - Conflict: terminated by other getUpdates request; make sure that only one bot instance is running
WARNING:aiogram.dispatcher:Sleep for 5.049487 seconds and try again... (tryings = 134, bot id = 8802005800)
ERROR:aiogram.dispatcher:Failed to fetch updates - TelegramConflictError: Telegram server says - Conflict: terminated by other getUpdates request; make sure that only one bot instance is running
WARNING:aiogram.dispatcher:Sleep for 4.915701 seconds and try again... (tryings = 135, bot id = 8802005800)
ERROR:aiogram.dispatcher:Failed to fetch updates - TelegramConflictError: Telegram server says - Conflict: terminated by other getUpdates request; make sure that only one bot instance is running
WARNING:aiogram.dispatcher:Sleep for 4.839185 seconds and try again... (tryings = 136, bot id = 8802005800)
ERROR:aiogram.dispatcher:Failed to fetch updates - TelegramConflictError: Telegram server says - Conflict: terminated by other getUpdates request; make sure that only one bot instance is running
WARNING:aiogram.dispatcher:Sleep for 5.073968 seconds and try again... (tryings = 137, bot id = 8802005800)
ERROR:aiogram.dispatcher:Failed to fetch updates - TelegramConflictError: Telegram server says - Conflict: terminated by other getUpdates request; make sure that only one bot instance is running
WARNING:aiogram.dispatcher:Sleep for 4.807268 seconds and try again... (tryings = 138, bot id = 8802005800)
ERROR:aiogram.dispatcher:Failed to fetch updates - TelegramConflictError: Telegram server says - Conflict: terminated by other getUpdates request; make sure that only one bot instance is running
WARNING:aiogram.dispatcher:Sleep for 5.018846 seconds and try again... (tryings = 139, bot id = 8802005800)
ERROR:aiogram.dispatcher:Failed to fetch updates - TelegramConflictError: Telegram server says - Conflict: terminated by other getUpdates request; make sure that only one bot instance is running
WARNING:aiogram.dispatcher:Sleep for 4.914564 seconds and try again... (tryings = 140, bot id = 8802005800)
ERROR:aiogram.dispatcher:Failed to fetch updates - TelegramConflictError: Telegram server says - Conflict: terminated by other getUpdates request; make sure that only one bot instance is running
WARNING:aiogram.dispatcher:Sleep for 4.970938 seconds and try again... (tryings = 141, bot id = 8802005800)
INFO:aiogram.dispatcher:Connection established (tryings = 142, bot id = 8802005800)
ERROR:aiogram.dispatcher:Failed to fetch updates - TelegramNetworkError: HTTP Client says - Request timeout error
WARNING:aiogram.dispatcher:Sleep for 1.000000 seconds and try again... (tryings = 0, bot id = 8802005800)
INFO:aiogram.dispatcher:Connection established (tryings = 1, bot id = 8802005800)
ERROR:aiogram.dispatcher:Failed to fetch updates - TelegramNetworkError: HTTP Client says - Request timeout error
WARNING:aiogram.dispatcher:Sleep for 1.000000 seconds and try again... (tryings = 0, bot id = 8802005800)
INFO:aiogram.dispatcher:Connection established (tryings = 1, bot id = 8802005800)
ERROR:aiogram.dispatcher:Failed to fetch updates - TelegramNetworkError: HTTP Client says - Request timeout error
WARNING:aiogram.dispatcher:Sleep for 1.000000 seconds and try again... (tryings = 0, bot id = 8802005800)
INFO:aiogram.dispatcher:Connection established (tryings = 1, bot id = 8802005800)
ERROR:aiogram.dispatcher:Failed to fetch updates - TelegramNetworkError: HTTP Client says - Request timeout error
WARNING:aiogram.dispatcher:Sleep for 1.000000 seconds and try again... (tryings = 0, bot id = 8802005800)
INFO:aiogram.dispatcher:Connection established (tryings = 1, bot id = 8802005800)
ERROR:aiogram.dispatcher:Failed to fetch updates - TelegramNetworkError: HTTP Client says - Request timeout error
WARNING:aiogram.dispatcher:Sleep for 1.000000 seconds and try again... (tryings = 0, bot id = 8802005800)
INFO:aiogram.dispatcher:Connection established (tryings = 1, bot id = 8802005800)
